age,years_employed,annual_income,credit_score,debt_to_income_ratio,num_existing_loans,previous_defaults,loan_amount,loan_term_months,loan_purpose,avg_monthly_balance,months_as_customer,default
30,5,28500.0,578,0.2,1,0,10000.0,12,personal,1756.75,90,0
29,1,18500.0,484,0.22,0,0,13000.0,24,debt_consolidation,499.62,66,0
45,1,20800.0,555,0.13,0,0,5000.0,12,personal,665.56,80,0
57,18,52000.0,697,0.47,3,0,16500.0,36,personal,799.61,270,0
48,25,52200.0,443,0.38,2,0,5000.0,12,personal,1265.13,87,0
45,7,26700.0,531,0.12,0,0,5000.0,12,education,203.81,149,0
36,8,45000.0,496,0.21,2,1,13000.0,12,personal,821.21,89,0
52,27,52300.0,514,0.43,2,0,5000.0,60,business,557.89,74,0
43,12,16000.0,383,0.18,1,0,5000.0,36,business,389.86,100,0
41,10,24300.0,473,0.15,1,0,17500.0,12,education,697.08,20,0
38,2,54500.0,500,0.19,1,0,19000.0,36,debt_consolidation,2006.57,50,0
35,3,19100.0,467,0.33,0,0,5000.0,24,home_improvement,368.58,43,0
29,4,34200.0,455,0.4,2,0,16500.0,24,debt_consolidation,432.31,30,0
53,19,28000.0,676,0.12,1,1,8500.0,12,personal,571.93,78,0
40,14,23400.0,550,0.34,1,0,5000.0,12,personal,775.18,97,0
36,7,16200.0,517,0.32,1,0,6000.0,48,education,144.6,40,0
48,21,36700.0,571,0.34,3,0,18500.0,48,debt_consolidation,951.77,38,0
24,0,15000.0,468,0.29,0,0,5000.0,24,personal,235.8,25,0
37,14,29600.0,484,0.47,5,0,5000.0,48,personal,122.75,35,0
55,4,22400.0,507,0.12,0,0,9000.0,24,debt_consolidation,674.2,161,0
26,2,22300.0,532,0.18,1,1,5000.0,48,home_improvement,657.3,64,0
42,5,26300.0,402,0.26,0,0,9000.0,12,business,539.37,80,0
30,11,41000.0,481,0.2,1,1,16500.0,60,debt_consolidation,1174.29,58,0
47,18,28400.0,510,0.29,3,0,17500.0,12,home_improvement,489.42,27,0
49,23,64800.0,652,0.29,0,1,28500.0,48,home_improvement,3439.06,92,0
40,11,25300.0,548,0.37,2,1,19500.0,60,business,425.91,17,0
41,10,30200.0,524,0.46,1,0,6000.0,24,personal,424.31,53,0
52,1,16900.0,528,0.51,3,0,12500.0,60,debt_consolidation,608.02,127,0
44,12,35400.0,560,0.28,2,0,5500.0,12,personal,505.4,69,0
42,15,32600.0,462,0.28,0,1,11500.0,60,personal,1548.51,108,0
45,18,31500.0,599,0.37,1,0,12500.0,24,personal,652.55,109,0
29,3,20800.0,534,0.37,1,0,15500.0,12,home_improvement,749.98,17,0
59,19,49500.0,676,0.2,2,0,15500.0,24,business,1137.95,207,0
26,3,15000.0,385,0.41,1,1,8000.0,48,home_improvement,365.22,31,0
31,7,47500.0,519,0.26,2,0,13500.0,48,education,639.05,112,0
39,10,19000.0,377,0.12,0,1,22500.0,36,education,804.55,108,0
38,16,34000.0,458,0.21,1,1,18000.0,24,personal,1108.54,43,0
42,4,23300.0,451,0.31,1,0,5000.0,48,personal,150.23,5,0
39,4,46100.0,584,0.25,2,0,11000.0,12,home_improvement,733.66,142,0
25,2,20800.0,532,0.09,0,0,5000.0,36,education,872.8,30,0
42,8,30700.0,571,0.44,1,0,5000.0,12,home_improvement,1133.25,49,0
25,3,25100.0,458,0.11,0,0,24500.0,48,home_improvement,359.63,5,0
49,15,31000.0,508,0.3,1,0,13500.0,12,business,730.95,58,0
32,4,30100.0,629,0.26,1,0,5000.0,12,personal,100.0,42,0
30,7,24700.0,503,0.36,1,0,6500.0,24,business,111.48,16,0
43,8,15000.0,454,0.41,2,1,8000.0,12,debt_consolidation,734.08,45,0
24,2,15000.0,471,0.42,0,0,5000.0,12,personal,204.57,10,1
45,4,16700.0,509,0.4,2,0,5000.0,12,home_improvement,637.44,64,0
27,4,24200.0,445,0.46,2,1,13000.0,36,home_improvement,602.62,41,0
63,13,33200.0,428,0.4,1,1,7000.0,12,home_improvement,445.32,91,0
37,3,21900.0,520,0.37,2,0,14000.0,12,debt_consolidation,1293.62,83,0
40,2,49100.0,460,0.13,1,2,9500.0,12,education,1730.88,46,0
56,31,37600.0,475,0.21,1,0,7000.0,12,personal,696.24,60,0
37,12,79400.0,455,0.1,0,0,30000.0,48,home_improvement,1330.4,93,0
33,7,42200.0,505,0.29,2,0,15500.0,60,home_improvement,1924.63,40,0
37,12,23100.0,469,0.08,0,0,13500.0,48,personal,630.18,48,0
48,19,42500.0,513,0.22,1,0,15000.0,36,debt_consolidation,1343.7,31,0
63,5,32400.0,554,0.37,1,1,12000.0,12,personal,321.71,172,0
40,4,23900.0,473,0.28,2,1,13500.0,24,education,554.62,142,0
31,8,29000.0,495,0.43,2,1,11000.0,36,personal,860.91,52,0
39,6,17200.0,533,0.53,3,1,5000.0,12,business,276.5,60,0
30,7,27200.0,437,0.14,0,0,5000.0,24,home_improvement,284.2,55,0
29,6,22200.0,562,0.43,2,0,17000.0,36,home_improvement,354.96,34,0
29,7,36700.0,609,0.12,0,1,9500.0,60,personal,568.74,13,0
40,11,30000.0,528,0.22,2,0,15000.0,36,debt_consolidation,1022.96,90,0
52,13,30700.0,397,0.29,2,2,17500.0,12,personal,362.06,24,0
30,3,21200.0,533,0.48,2,0,11000.0,12,home_improvement,338.07,58,0
57,8,30600.0,620,0.34,3,0,6500.0,12,debt_consolidation,434.28,124,0
37,8,34100.0,542,0.22,1,0,5000.0,12,debt_consolidation,1668.26,128,0
47,23,20200.0,455,0.29,1,0,17000.0,24,debt_consolidation,770.19,79,0
38,1,25600.0,558,0.24,2,1,6500.0,48,debt_consolidation,408.47,119,0
48,21,23500.0,542,0.31,1,0,20500.0,36,home_improvement,846.21,83,0
31,6,16300.0,390,0.19,1,1,8500.0,36,debt_consolidation,578.99,32,0
28,7,41500.0,532,0.15,0,1,15000.0,36,debt_consolidation,1125.77,53,0
44,4,50100.0,549,0.36,1,0,22500.0,60,home_improvement,912.58,81,0
49,9,26100.0,512,0.35,0,1,11500.0,12,home_improvement,248.01,133,0
42,6,23200.0,569,0.25,1,0,7000.0,60,personal,628.06,63,0
56,5,41400.0,611,0.31,1,1,17500.0,60,personal,2447.27,189,0
57,22,61800.0,579,0.23,3,0,18500.0,12,home_improvement,1021.14,181,0
35,2,41700.0,603,0.28,1,0,13500.0,24,business,561.19,38,0
56,20,37000.0,474,0.37,4,1,9000.0,60,personal,239.95,131,0
45,0,27800.0,612,0.24,1,0,5000.0,24,home_improvement,392.3,97,0
40,6,30200.0,437,0.22,2,0,14500.0,12,debt_consolidation,934.67,34,0
35,6,34400.0,499,0.31,2,0,15500.0,24,home_improvement,711.65,64,0
52,10,39500.0,503,0.42,1,0,13500.0,48,education,772.77,155,0
40,13,28300.0,573,0.23,1,0,5000.0,24,business,1102.46,30,0
38,9,26100.0,441,0.15,0,0,5000.0,12,debt_consolidation,768.71,90,0
40,9,30300.0,432,0.29,1,0,15000.0,24,personal,775.8,65,0
27,2,18300.0,531,0.31,2,0,5000.0,24,home_improvement,466.82,8,0
43,15,18400.0,590,0.24,0,0,5000.0,24,personal,657.08,64,0
34,4,15600.0,507,0.37,0,0,5000.0,12,home_improvement,663.71,15,0
23,1,15000.0,589,0.18,1,0,8500.0,12,education,260.79,16,0
24,4,37600.0,647,0.23,1,0,14000.0,24,debt_consolidation,1406.13,35,0
30,2,19500.0,458,0.33,0,0,17000.0,24,business,640.45,62,0
51,26,34400.0,615,0.46,1,1,5000.0,60,home_improvement,362.49,73,0
60,28,54500.0,635,0.3,0,0,5000.0,48,personal,1390.83,126,0
21,1,25200.0,380,0.21,0,0,10500.0,12,home_improvement,715.3,19,0
31,4,36200.0,484,0.15,1,0,33500.0,60,home_improvement,1317.71,71,0
42,4,40200.0,644,0.34,0,0,9000.0,24,personal,1380.92,66,0
54,19,65700.0,525,0.22,2,0,21000.0,12,business,1003.45,113,0
37,7,38300.0,463,0.33,1,0,13000.0,60,business,603.49,94,0
37,13,35200.0,534,0.21,1,1,12000.0,36,personal,934.31,93,0
25,2,18400.0,450,0.42,1,0,6500.0,24,business,763.83,34,0
42,7,31600.0,415,0.17,2,0,5000.0,12,debt_consolidation,780.73,8,0
28,6,16600.0,470,0.11,1,1,5000.0,12,home_improvement,406.3,25,0
32,6,22000.0,492,0.22,1,1,10000.0,48,business,603.32,52,0
35,3,27600.0,545,0.3,1,0,25000.0,24,home_improvement,1022.11,69,0
31,6,21300.0,446,0.12,0,2,5000.0,24,debt_consolidation,443.44,34,0
45,6,25900.0,461,0.26,0,0,5000.0,24,home_improvement,1042.81,21,0
31,2,15000.0,495,0.17,1,0,5000.0,24,debt_consolidation,753.7,20,0
44,7,27900.0,526,0.36,2,0,19500.0,12,personal,1356.45,102,0
35,4,31600.0,532,0.33,1,2,5000.0,60,business,816.93,59,0
33,6,18800.0,519,0.23,0,0,10500.0,12,home_improvement,100.0,88,0
46,9,47100.0,600,0.21,1,0,28000.0,12,education,981.19,74,0
24,1,43400.0,437,0.32,1,0,12000.0,24,debt_consolidation,1326.38,16,0
59,21,59900.0,591,0.39,1,1,15500.0,60,personal,2012.45,181,0
46,6,26600.0,510,0.23,2,0,13500.0,24,debt_consolidation,779.19,36,0
47,8,40500.0,492,0.59,5,0,18000.0,24,debt_consolidation,347.71,84,0
32,4,59300.0,547,0.32,1,0,12500.0,24,personal,1491.6,109,0
42,5,27500.0,468,0.23,0,1,12500.0,36,personal,360.22,65,0
33,11,44200.0,385,0.21,0,0,13000.0,24,home_improvement,1000.39,73,0
48,11,30400.0,523,0.29,0,0,18000.0,24,education,769.77,18,0
37,9,31600.0,560,0.18,1,0,6500.0,12,home_improvement,698.6,30,0
27,3,30100.0,511,0.15,0,0,15000.0,24,business,280.13,59,0
40,8,26900.0,563,0.36,0,0,18500.0,48,business,677.7,55,0
33,9,32700.0,469,0.35,2,1,32500.0,24,personal,1254.49,21,0
43,13,56400.0,512,0.36,2,1,10000.0,12,debt_consolidation,1196.48,97,0
40,4,19300.0,468,0.15,1,0,7500.0,48,business,200.02,9,0
59,10,63900.0,622,0.22,2,2,21000.0,36,personal,1082.79,187,0
51,7,26200.0,489,0.39,1,0,5000.0,12,home_improvement,365.41,165,0
35,8,15600.0,499,0.26,1,0,5000.0,60,debt_consolidation,190.18,162,0
31,5,28800.0,411,0.28,1,0,5000.0,24,home_improvement,619.76,36,0
38,7,20000.0,466,0.11,1,0,9000.0,12,business,425.69,23,0
42,9,15000.0,525,0.17,1,0,5000.0,24,business,340.98,87,0
59,3,20600.0,525,0.16,1,1,9000.0,24,personal,630.48,116,0
36,7,25700.0,384,0.1,0,1,7500.0,48,home_improvement,598.44,82,0
59,9,40000.0,602,0.18,2,0,12500.0,36,personal,1113.51,103,0
31,8,17900.0,513,0.26,1,0,5000.0,60,personal,632.67,114,0
34,11,32100.0,447,0.31,1,0,9000.0,36,business,946.12,27,0
46,5,17600.0,548,0.23,2,0,5000.0,60,debt_consolidation,539.95,152,0
34,5,17000.0,528,0.45,2,0,25000.0,24,personal,665.25,144,0
46,9,28400.0,503,0.21,2,0,5000.0,12,home_improvement,472.1,27,0
41,6,27400.0,512,0.25,1,0,27000.0,48,home_improvement,1245.69,104,0
26,5,40100.0,488,0.24,2,1,7500.0,48,personal,697.19,96,0
61,27,37400.0,550,0.38,2,0,12500.0,60,home_improvement,1376.67,233,0
29,2,22400.0,431,0.26,1,0,31000.0,36,home_improvement,219.38,35,0
25,2,29000.0,493,0.25,0,0,5000.0,12,personal,792.09,37,0
42,5,35100.0,659,0.34,0,0,11000.0,12,business,1402.07,118,0
40,5,26000.0,528,0.33,1,0,12500.0,48,home_improvement,422.61,88,0
44,13,54700.0,521,0.18,0,1,14500.0,12,business,1930.39,125,0
28,2,15000.0,495,0.18,0,0,14000.0,60,business,575.7,43,0
36,2,19000.0,538,0.26,1,0,5000.0,24,debt_consolidation,708.6,101,0
32,3,15000.0,487,0.09,0,0,5000.0,12,business,220.14,51,0
32,8,15000.0,437,0.37,1,0,8000.0,36,personal,592.03,58,0
54,10,20800.0,595,0.41,3,0,5000.0,12,home_improvement,607.65,177,0
54,20,22300.0,603,0.26,2,0,14500.0,24,business,526.6,151,0
59,5,39800.0,528,0.2,2,0,17000.0,48,business,1643.07,249,0
56,6,35100.0,499,0.39,2,0,5000.0,12,home_improvement,1236.56,111,0
36,3,30100.0,506,0.21,1,0,16500.0,24,personal,643.54,131,0
38,7,16300.0,460,0.17,0,0,5000.0,48,home_improvement,691.78,58,0
59,7,18200.0,487,0.39,3,0,5000.0,12,personal,358.95,217,0
31,5,38500.0,491,0.14,0,1,9000.0,24,personal,1067.77,51,1
50,25,27300.0,493,0.27,1,0,15000.0,24,education,638.61,75,0
23,2,23100.0,499,0.43,3,1,8000.0,36,education,295.11,19,0
30,2,18400.0,520,0.11,0,0,5000.0,24,debt_consolidation,132.19,77,0
45,12,21500.0,504,0.44,3,0,5000.0,12,personal,811.36,94,0
55,14,56900.0,534,0.21,0,0,12000.0,24,education,2055.37,115,0
46,10,34800.0,471,0.11,0,0,6000.0,48,business,1750.37,83,0
26,1,19900.0,444,0.2,1,0,8500.0,24,home_improvement,437.88,78,0
40,7,15000.0,454,0.27,1,0,5000.0,12,home_improvement,316.35,78,0
38,12,35800.0,582,0.42,3,0,12000.0,24,personal,428.09,83,0
31,6,32600.0,573,0.27,1,1,5000.0,24,personal,1127.82,7,0
32,5,22700.0,489,0.48,2,0,11000.0,36,education,715.2,29,0
40,5,36800.0,421,0.25,2,0,24500.0,24,home_improvement,1030.09,55,0
46,18,23000.0,529,0.14,0,0,7500.0,36,personal,851.22,110,0
46,11,43600.0,516,0.26,1,0,23500.0,24,personal,1062.95,43,0
27,4,19500.0,479,0.25,1,0,12500.0,12,personal,410.78,30,0
60,36,60600.0,668,0.08,1,0,26000.0,60,home_improvement,2658.98,164,0
41,6,15000.0,535,0.29,1,0,5000.0,36,home_improvement,592.6,26,0
41,8,26100.0,439,0.3,0,0,21500.0,48,debt_consolidation,605.47,49,0
24,1,15500.0,527,0.35,0,0,23500.0,36,home_improvement,426.66,18,0
37,12,22800.0,463,0.28,1,0,5000.0,12,debt_consolidation,1194.56,19,0
33,3,28100.0,499,0.38,0,1,20000.0,36,debt_consolidation,248.88,15,0
25,3,16000.0,399,0.32,0,0,15000.0,24,education,660.78,30,0
46,17,22600.0,302,0.11,0,0,8500.0,36,home_improvement,375.56,108,0
51,12,41500.0,621,0.46,3,0,17500.0,12,home_improvement,916.18,92,0
32,6,32200.0,463,0.32,1,0,6000.0,36,personal,550.23,58,0
37,4,65300.0,525,0.27,3,0,18500.0,60,business,1187.31,40,0
51,17,17900.0,435,0.21,0,0,13000.0,24,personal,208.84,50,0
25,1,22900.0,629,0.45,0,0,9000.0,12,education,660.44,95,0
37,3,44300.0,385,0.71,4,1,10000.0,12,personal,1287.05,93,1
54,23,81200.0,641,0.06,1,0,18500.0,60,home_improvement,4303.76,133,0
28,4,36300.0,522,0.46,2,1,5500.0,24,personal,942.27,55,0
26,1,17600.0,397,0.32,1,0,13000.0,12,debt_consolidation,181.11,17,0
34,7,17800.0,442,0.46,2,0,5000.0,24,personal,365.86,90,0
32,5,22000.0,559,0.21,2,0,18500.0,24,personal,880.12,13,0
42,8,24300.0,511,0.27,1,1,5000.0,24,business,554.63,56,0
46,13,52200.0,614,0.29,1,1,24000.0,36,personal,1351.82,88,0
28,6,30500.0,544,0.31,1,0,22500.0,12,personal,1410.38,51,0
25,3,26000.0,369,0.17,1,0,5000.0,36,personal,625.42,48,0
38,16,37300.0,532,0.28,2,0,15500.0,36,home_improvement,406.95,27,0
45,5,19300.0,493,0.29,1,0,5000.0,24,home_improvement,782.72,128,0
30,4,21000.0,443,0.18,0,0,5000.0,24,personal,416.31,60,0
43,11,28000.0,510,0.4,1,0,5000.0,60,home_improvement,198.35,114,0
37,8,38500.0,560,0.29,1,0,11000.0,48,debt_consolidation,1552.56,75,0
32,6,21800.0,512,0.15,0,0,5000.0,24,personal,1175.4,79,0
29,6,21100.0,488,0.18,0,0,26000.0,60,personal,662.61,54,0
53,22,51000.0,589,0.29,1,0,22500.0,36,personal,786.66,178,0
44,14,25100.0,547,0.21,1,0,5000.0,24,debt_consolidation,746.42,174,0
35,6,50100.0,516,0.13,0,0,6500.0,48,home_improvement,2247.82,40,0
44,4,28100.0,664,0.1,1,0,5000.0,12,debt_consolidation,735.76,69,0
47,9,46200.0,501,0.4,2,0,5500.0,48,home_improvement,1346.72,150,0
64,29,48000.0,599,0.39,2,0,14000.0,24,home_improvement,1209.0,224,0
34,4,22500.0,492,0.32,2,0,24000.0,36,home_improvement,655.38,60,0
25,2,26900.0,599,0.31,1,0,11000.0,24,education,359.25,56,0
58,16,34800.0,653,0.17,2,1,19500.0,24,debt_consolidation,1540.08,108,0
37,4,52100.0,471,0.19,1,0,16000.0,36,business,364.19,47,0
53,17,40000.0,494,0.33,3,1,15000.0,12,personal,1149.07,177,0
38,4,44500.0,495,0.21,2,0,7500.0,24,business,2227.8,55,0
48,9,35500.0,580,0.11,0,0,19000.0,36,home_improvement,906.19,60,0
44,7,26000.0,499,0.3,1,0,11000.0,36,debt_consolidation,1118.53,73,0
28,6,24900.0,494,0.4,2,1,5000.0,36,personal,1173.91,4,0
44,6,45400.0,515,0.35,4,2,11500.0,24,debt_consolidation,2178.85,155,1
42,7,28100.0,530,0.33,1,0,7500.0,12,home_improvement,552.62,104,0
34,4,31300.0,451,0.42,0,0,5000.0,60,personal,1742.11,80,0
50,6,53500.0,637,0.26,1,0,16500.0,48,home_improvement,950.9,85,0
55,13,80000.0,598,0.21,3,0,23000.0,60,education,562.17,59,0
35,6,43100.0,608,0.49,1,0,20000.0,48,personal,1818.33,134,0
54,21,71900.0,639,0.36,3,0,27000.0,24,personal,2439.8,164,0
27,4,15000.0,372,0.29,3,1,19000.0,48,debt_consolidation,107.03,29,0
56,7,40100.0,524,0.15,0,0,8000.0,36,education,688.05,74,0
38,2,15000.0,512,0.37,0,0,9500.0,36,education,879.78,99,1
56,10,31900.0,476,0.32,1,0,13500.0,48,personal,1628.12,8,0
62,29,62400.0,532,0.15,1,0,9000.0,24,home_improvement,2927.12,131,0
37,2,27700.0,549,0.1,1,0,9000.0,36,personal,705.54,112,0
56,6,32900.0,577,0.35,1,0,22500.0,48,education,770.75,126,0
47,14,25000.0,538,0.05,0,0,6500.0,36,business,411.35,124,0
26,3,41200.0,547,0.14,0,0,5000.0,24,home_improvement,1006.3,23,0
31,2,22800.0,508,0.38,1,0,8000.0,36,business,273.91,18,0
33,3,22100.0,411,0.24,1,0,5500.0,24,personal,176.67,50,0
31,2,62900.0,455,0.14,1,0,27000.0,48,personal,1699.76,17,0
34,6,15000.0,458,0.32,1,0,14000.0,24,debt_consolidation,108.04,29,0
34,10,38800.0,562,0.28,1,1,5000.0,24,personal,1747.51,46,0
41,12,19900.0,534,0.4,1,0,14500.0,36,personal,247.97,17,0
50,14,20400.0,615,0.42,3,0,17000.0,12,debt_consolidation,561.73,148,0
53,21,45000.0,518,0.38,3,0,17500.0,60,personal,1800.2,205,0
37,8,31400.0,534,0.15,0,0,5000.0,12,personal,979.81,92,0
32,2,22800.0,525,0.35,3,0,6000.0,12,personal,584.57,32,0
47,9,24600.0,587,0.27,2,0,5000.0,36,personal,188.95,67,0
28,3,24100.0,458,0.36,0,1,19500.0,48,personal,448.08,95,0
43,10,37000.0,586,0.3,2,1,16500.0,60,personal,1635.23,59,0
57,21,38900.0,561,0.17,1,0,14000.0,36,business,2034.3,155,0
50,25,86100.0,586,0.2,0,0,21000.0,36,personal,2071.46,102,0
26,2,15000.0,399,0.27,1,1,5000.0,48,debt_consolidation,209.23,49,1
31,4,21200.0,486,0.15,0,0,8500.0,36,debt_consolidation,212.4,41,0
33,5,49000.0,568,0.06,0,0,22000.0,12,education,125.93,47,0
33,2,18400.0,564,0.19,0,0,5000.0,12,personal,335.15,33,0
39,16,34200.0,560,0.3,0,0,6000.0,12,home_improvement,355.06,110,0
33,6,38800.0,437,0.19,1,0,8500.0,48,business,361.91,57,0
53,11,19300.0,618,0.34,1,1,5000.0,36,personal,171.76,157,0
28,7,16400.0,366,0.43,2,0,24500.0,24,business,540.9,114,1
44,11,30800.0,500,0.32,2,0,5000.0,24,debt_consolidation,1202.99,116,0
46,2,23400.0,481,0.21,2,1,10500.0,60,home_improvement,1382.85,177,0
40,11,59100.0,498,0.22,1,1,20000.0,12,home_improvement,1358.63,30,0
32,4,22100.0,533,0.3,1,0,5000.0,12,home_improvement,122.74,22,0
27,2,15000.0,394,0.13,0,0,10500.0,36,personal,425.78,65,0
30,7,53300.0,608,0.16,0,0,11500.0,12,debt_consolidation,2575.99,69,0
51,18,40900.0,575,0.49,1,0,5000.0,12,personal,972.29,134,0
53,16,21900.0,597,0.16,0,0,5000.0,36,personal,902.69,124,0
33,5,15000.0,458,0.18,1,0,5000.0,24,debt_consolidation,416.64,29,0
48,16,39100.0,505,0.26,1,0,12500.0,24,education,1182.37,31,0
44,16,65600.0,601,0.17,2,1,20500.0,60,personal,3045.46,112,0
58,10,32100.0,617,0.41,3,0,5000.0,24,personal,1478.47,96,0
32,1,19400.0,576,0.2,0,0,8000.0,60,home_improvement,568.2,107,0
41,2,34100.0,451,0.51,1,0,21000.0,60,education,629.7,69,0
39,9,36300.0,573,0.35,1,0,17500.0,24,education,941.35,80,0
45,9,15200.0,501,0.12,1,1,14500.0,48,home_improvement,259.42,95,0
24,4,24900.0,450,0.22,2,0,8500.0,48,business,1183.58,87,0
25,4,18200.0,509,0.19,2,0,13500.0,12,home_improvement,487.38,26,0
44,8,20800.0,495,0.25,2,0,8000.0,60,debt_consolidation,187.81,203,0
43,6,18800.0,435,0.2,1,0,15500.0,12,personal,726.05,76,0
46,12,32000.0,511,0.58,2,0,11500.0,48,debt_consolidation,1701.24,63,0
39,6,38800.0,532,0.34,3,0,7500.0,24,business,970.48,72,0
34,5,30100.0,604,0.39,2,0,5000.0,24,home_improvement,1033.46,21,0
36,11,20300.0,482,0.13,0,0,7500.0,24,home_improvement,624.11,12,0
35,12,19500.0,404,0.25,0,0,10500.0,48,education,307.79,185,0
31,4,22800.0,603,0.13,0,0,5000.0,36,business,569.66,31,0
30,4,17700.0,508,0.28,2,1,5000.0,36,home_improvement,447.64,51,0
27,1,18000.0,408,0.37,1,1,13000.0,36,home_improvement,651.54,32,0
31,4,30300.0,554,0.33,1,0,12500.0,12,debt_consolidation,253.26,48,0
31,2,21900.0,434,0.33,2,0,13000.0,12,personal,784.42,13,0
38,18,22200.0,423,0.31,0,0,6500.0,12,home_improvement,644.77,152,0
28,2,16400.0,492,0.27,2,1,5000.0,12,debt_consolidation,100.0,53,0
50,19,18300.0,517,0.27,0,0,11000.0,12,personal,567.5,46,0
45,2,16500.0,558,0.48,0,0,17000.0,12,personal,740.3,27,0
38,4,36700.0,550,0.36,4,0,10500.0,36,home_improvement,1660.51,47,0
37,12,23100.0,525,0.09,0,0,12500.0,12,education,643.96,39,0
43,13,43700.0,483,0.18,0,0,13000.0,12,business,841.39,107,0
23,3,15000.0,606,0.45,2,0,6000.0,60,home_improvement,434.23,29,0
50,2,30000.0,531,0.35,3,0,5000.0,12,personal,914.39,52,0
33,8,35300.0,408,0.25,3,0,16000.0,48,home_improvement,525.56,103,0
46,8,36200.0,478,0.37,2,0,14500.0,24,business,840.94,57,0
55,22,39300.0,608,0.51,2,1,23000.0,12,business,484.79,135,0
54,21,34000.0,644,0.34,1,0,12000.0,12,home_improvement,562.0,160,0
33,7,38100.0,405,0.13,0,0,5000.0,12,home_improvement,682.56,92,0
43,23,28300.0,515,0.32,2,0,27500.0,12,personal,382.75,70,0
41,6,31300.0,435,0.05,0,0,16500.0,48,debt_consolidation,1153.79,99,0
65,17,85500.0,691,0.47,2,0,31000.0,36,personal,1435.15,22,0
28,3,30000.0,569,0.26,1,0,8500.0,60,home_improvement,793.81,95,0
48,4,22300.0,503,0.07,0,0,5000.0,12,business,542.17,112,0
29,7,37800.0,444,0.13,0,0,20000.0,24,personal,1497.85,14,0
50,16,21300.0,624,0.27,2,0,10000.0,24,home_improvement,526.57,140,0
37,3,30700.0,615,0.31,2,0,14000.0,36,home_improvement,394.24,12,0
43,12,52200.0,482,0.22,2,0,5000.0,48,debt_consolidation,638.17,87,0
46,2,25300.0,548,0.25,2,0,5000.0,24,debt_consolidation,1072.6,80,0
49,19,32000.0,430,0.24,2,0,11000.0,12,personal,1782.1,68,0
35,7,32500.0,402,0.2,1,0,16500.0,60,personal,1370.29,10,0
33,5,25700.0,565,0.27,2,0,13000.0,12,home_improvement,278.27,86,0
25,1,15800.0,460,0.34,1,0,22000.0,48,personal,812.21,24,0
47,3,28800.0,544,0.22,1,0,28500.0,60,debt_consolidation,1586.61,137,0
42,9,21400.0,451,0.35,1,0,9500.0,36,education,338.74,81,0
38,8,19200.0,452,0.32,0,0,5000.0,12,home_improvement,1037.38,4,0
34,7,59000.0,529,0.17,2,0,6000.0,12,home_improvement,1558.87,126,0
25,1,15300.0,467,0.2,1,0,9500.0,60,debt_consolidation,127.59,11,0
33,8,17400.0,610,0.4,0,0,5000.0,48,business,425.1,9,0
39,15,33900.0,543,0.31,2,0,17000.0,48,personal,1010.9,125,0
41,19,46500.0,499,0.24,1,1,9000.0,48,personal,902.72,43,0
55,18,83300.0,697,0.5,4,0,20000.0,36,personal,1436.37,82,0
60,10,43000.0,502,0.23,1,0,17500.0,24,personal,1447.06,159,0
42,5,26700.0,413,0.32,2,0,10000.0,48,personal,847.36,105,0
34,8,39800.0,447,0.51,2,0,22000.0,36,personal,1312.58,32,0
47,1,21900.0,514,0.06,0,0,10000.0,48,debt_consolidation,703.25,48,0
40,5,39100.0,463,0.37,1,0,34000.0,48,debt_consolidation,1788.24,118,0
47,20,62400.0,440,0.19,2,0,11500.0,60,debt_consolidation,1440.55,125,0
29,5,21700.0,495,0.46,1,0,18500.0,60,education,902.46,57,1
29,8,31500.0,543,0.31,1,0,19000.0,12,personal,290.63,138,0
37,8,21900.0,446,0.4,1,0,5000.0,60,home_improvement,415.71,66,0
41,6,24100.0,441,0.05,0,1,10000.0,36,home_improvement,824.06,21,0
41,11,21200.0,542,0.35,1,0,14000.0,12,home_improvement,879.5,201,0
39,6,29900.0,548,0.17,0,0,5000.0,36,debt_consolidation,1017.35,88,0
41,8,53600.0,615,0.24,2,0,16000.0,36,personal,1657.51,4,0
32,10,22400.0,511,0.24,0,0,19500.0,12,debt_consolidation,521.21,24,0
45,7,40100.0,412,0.37,0,0,5000.0,24,education,1171.27,136,0
42,17,22400.0,527,0.17,1,0,17000.0,48,personal,485.3,48,0
31,4,17000.0,537,0.4,2,0,8500.0,36,business,710.82,33,1
42,14,21400.0,589,0.51,2,0,20000.0,12,personal,307.29,74,0
34,11,15100.0,514,0.54,2,1,6500.0,36,home_improvement,686.06,57,0
42,12,58600.0,486,0.46,1,0,6000.0,12,education,1271.55,92,0
48,9,32300.0,482,0.19,2,0,11000.0,12,personal,1150.93,54,0
25,4,15000.0,446,0.25,2,0,5000.0,12,home_improvement,635.75,65,0
30,7,25000.0,479,0.41,1,0,5000.0,24,home_improvement,597.68,31,0
30,10,16100.0,364,0.3,0,0,5000.0,12,personal,504.41,38,1
38,10,27100.0,602,0.2,1,0,9500.0,12,personal,1206.88,81,0
27,2,22800.0,513,0.3,1,0,10500.0,36,business,493.76,21,0
31,4,17500.0,477,0.32,1,0,5000.0,60,home_improvement,266.19,18,0
33,6,17300.0,588,0.38,2,0,5000.0,12,education,351.14,65,0
26,1,15000.0,426,0.07,0,0,9500.0,24,education,100.0,34,0
36,13,25900.0,504,0.08,0,0,5500.0,36,personal,404.5,27,0
52,11,40100.0,565,0.35,2,0,17000.0,24,debt_consolidation,1331.88,25,0
44,7,47700.0,503,0.4,4,0,18000.0,60,home_improvement,1690.55,15,0
36,2,15000.0,606,0.33,0,0,17000.0,48,debt_consolidation,186.5,52,0
46,5,46300.0,651,0.25,1,1,29500.0,24,personal,1165.79,160,0
42,13,20400.0,446,0.3,0,0,20000.0,36,personal,202.57,150,0
51,20,39200.0,547,0.4,2,0,15000.0,60,personal,477.88,50,0
38,11,30500.0,527,0.25,1,0,18000.0,12,home_improvement,968.81,63,0
30,6,15000.0,457,0.27,3,0,10500.0,36,business,293.66,83,0
57,8,23100.0,555,0.31,0,0,5000.0,36,business,858.16,147,0
49,16,34700.0,460,0.26,1,1,8500.0,48,home_improvement,1679.91,42,0
28,1,15000.0,429,0.46,1,0,5000.0,12,debt_consolidation,542.09,52,0
29,0,31000.0,422,0.45,3,1,5000.0,36,personal,1488.64,56,0
34,4,38100.0,560,0.2,1,1,22500.0,60,debt_consolidation,729.79,24,0
26,2,15000.0,508,0.46,2,0,5000.0,36,business,217.46,14,0
47,9,22500.0,535,0.4,1,1,8000.0,60,debt_consolidation,664.22,116,0
43,16,44800.0,513,0.04,0,1,10500.0,12,personal,1681.28,103,0
33,1,29500.0,546,0.47,4,0,5000.0,60,debt_consolidation,829.91,46,0
24,2,23800.0,497,0.25,0,0,20500.0,60,debt_consolidation,328.95,46,0
50,10,26300.0,463,0.18,1,0,12500.0,12,home_improvement,594.7,92,0
41,3,46900.0,555,0.25,1,0,5000.0,48,home_improvement,2505.18,1,0
50,19,34500.0,543,0.2,1,1,8500.0,24,debt_consolidation,318.28,153,0
44,13,53900.0,546,0.32,2,0,16500.0,36,home_improvement,1057.25,28,0
34,8,33500.0,471,0.36,3,1,15500.0,24,business,929.32,60,0
43,14,34900.0,449,0.33,2,0,13000.0,48,debt_consolidation,557.61,43,0
37,2,17900.0,564,0.33,2,0,9000.0,24,home_improvement,321.19,100,0
44,1,21100.0,429,0.32,3,1,16500.0,24,personal,577.23,144,1
57,11,62300.0,535,0.22,3,0,23500.0,36,personal,762.68,51,0
39,6,75200.0,459,0.5,4,0,30000.0,48,business,1455.23,108,0
42,2,18300.0,518,0.24,1,1,5000.0,12,home_improvement,181.22,103,0
39,10,21500.0,540,0.23,2,1,5000.0,12,education,674.53,88,0
27,1,15000.0,437,0.16,1,1,5000.0,48,home_improvement,413.64,35,0
25,3,15000.0,413,0.19,0,0,7500.0,24,debt_consolidation,430.1,36,0
55,10,35700.0,618,0.44,4,0,5000.0,12,personal,929.37,186,0
43,1,20900.0,528,0.3,0,0,17000.0,36,personal,873.35,69,0
41,7,34400.0,497,0.42,2,0,8500.0,48,debt_consolidation,695.05,100,0
34,10,22600.0,505,0.16,2,0,6000.0,12,education,841.22,74,0
38,6,27300.0,533,0.37,3,0,5000.0,12,personal,253.69,37,0
47,17,84600.0,597,0.07,1,0,19500.0,36,personal,3173.1,90,0
29,4,18800.0,486,0.19,0,0,5000.0,60,debt_consolidation,220.81,41,0
56,21,30500.0,500,0.19,1,0,5000.0,24,debt_consolidation,1070.71,18,0
39,7,47600.0,515,0.28,1,1,17000.0,48,education,1572.97,12,0
46,25,71700.0,761,0.24,3,0,13500.0,12,home_improvement,714.76,44,0
28,5,23300.0,396,0.32,1,0,5000.0,48,business,1128.88,60,0
44,17,38700.0,503,0.22,1,1,24500.0,12,home_improvement,1323.94,86,0
30,3,17400.0,474,0.17,0,0,11500.0,48,debt_consolidation,218.36,37,0
29,3,22100.0,459,0.14,1,0,13000.0,36,debt_consolidation,893.13,38,0
22,1,25100.0,502,0.47,2,1,16000.0,48,personal,352.31,11,1
28,2,15000.0,438,0.18,0,1,5000.0,36,education,222.0,94,0
41,14,29900.0,449,0.24,1,0,17500.0,12,personal,1340.11,100,0
50,21,51700.0,492,0.37,1,0,20000.0,48,home_improvement,1084.09,133,0
36,10,34400.0,465,0.31,1,0,10500.0,36,personal,741.31,38,0
29,4,20200.0,454,0.49,1,0,15500.0,24,personal,648.8,52,0
48,10,15000.0,519,0.38,1,1,9500.0,12,personal,585.01,153,0
39,3,15000.0,502,0.18,1,1,8500.0,24,personal,391.75,123,0
41,12,19100.0,631,0.36,0,0,5000.0,12,personal,133.26,53,0
27,3,16000.0,496,0.13,0,0,20000.0,48,personal,135.84,35,0
42,8,18300.0,505,0.25,1,0,5500.0,48,personal,101.36,78,0
25,3,39700.0,531,0.16,0,0,21500.0,24,debt_consolidation,1127.14,23,0
29,10,28200.0,365,0.22,2,1,5000.0,36,home_improvement,585.78,25,0
36,9,34400.0,439,0.34,1,0,5000.0,12,debt_consolidation,1113.04,80,1
55,16,16100.0,628,0.2,0,0,5000.0,12,personal,393.86,35,0
30,3,21700.0,541,0.24,0,0,5000.0,60,personal,1182.11,52,0
36,6,29900.0,426,0.37,3,0,5000.0,60,personal,993.07,20,0
55,12,20200.0,453,0.33,1,0,20500.0,12,personal,861.13,72,0
55,16,34200.0,493,0.4,1,0,12500.0,12,home_improvement,544.79,209,0
41,14,33600.0,555,0.39,2,0,17500.0,48,home_improvement,1451.38,82,0
35,8,32900.0,434,0.4,1,0,25500.0,36,debt_consolidation,538.2,73,0
27,5,25900.0,512,0.19,0,0,10500.0,24,personal,179.69,33,0
34,11,48900.0,494,0.13,1,0,15500.0,12,business,2452.46,52,0
35,7,37000.0,592,0.38,2,1,5000.0,60,home_improvement,1767.36,44,0
28,4,16200.0,426,0.26,1,0,9500.0,12,personal,761.01,14,1
36,8,22200.0,405,0.22,1,0,17500.0,60,personal,515.14,9,0
50,13,74500.0,537,0.14,1,0,6500.0,60,personal,3399.01,127,0
39,9,16800.0,566,0.35,3,0,7000.0,24,home_improvement,376.81,76,0
40,12,45000.0,625,0.31,2,0,16000.0,48,business,1699.75,77,0
49,15,42100.0,567,0.57,5,0,11000.0,36,debt_consolidation,303.19,22,0
34,2,17700.0,522,0.31,4,0,5000.0,12,business,527.07,56,0
62,24,29000.0,577,0.15,1,0,22000.0,12,business,952.29,241,0
44,20,34100.0,536,0.28,3,0,11500.0,24,debt_consolidation,271.54,148,0
36,5,25400.0,443,0.47,1,0,14000.0,48,personal,843.67,63,0
50,4,30200.0,505,0.32,1,0,12500.0,12,personal,842.96,27,0
57,32,62500.0,618,0.37,3,1,9000.0,24,home_improvement,334.03,101,0
45,10,68100.0,603,0.45,3,0,10500.0,12,debt_consolidation,980.87,163,0
43,4,26600.0,437,0.43,0,0,5000.0,24,home_improvement,703.54,97,0
46,12,36200.0,542,0.37,1,0,8000.0,24,business,1763.08,111,0
58,14,115400.0,575,0.3,1,0,24000.0,24,business,1500.98,187,0
64,10,23100.0,583,0.27,2,1,23500.0,48,debt_consolidation,591.62,126,0
41,8,24100.0,484,0.43,1,0,5000.0,24,home_improvement,151.99,28,0
31,1,23600.0,503,0.41,1,2,12000.0,36,home_improvement,959.21,38,0
62,18,32300.0,561,0.33,1,0,5000.0,24,personal,944.77,238,0
36,7,34300.0,380,0.19,1,1,14000.0,24,home_improvement,1305.84,21,0
44,11,30900.0,443,0.34,2,0,20500.0,36,home_improvement,359.42,50,0
39,12,54000.0,543,0.2,0,0,25500.0,24,personal,1258.8,20,0
44,8,36400.0,612,0.49,2,0,17000.0,24,business,967.0,38,0
52,12,38600.0,618,0.34,4,0,9500.0,60,home_improvement,235.23,23,0
49,11,44200.0,516,0.38,1,1,32500.0,12,debt_consolidation,993.33,43,0
29,6,20300.0,515,0.22,0,1,8000.0,12,home_improvement,490.25,56,0
38,11,36600.0,430,0.25,1,1,9000.0,12,home_improvement,927.48,113,0
30,5,39600.0,494,0.19,1,0,9500.0,24,personal,506.23,46,0
38,6,17100.0,482,0.17,0,1,9000.0,36,personal,155.38,87,0
41,8,28800.0,574,0.19,0,0,5000.0,24,personal,1066.72,89,0
47,15,33500.0,537,0.22,2,0,10500.0,12,home_improvement,533.84,143,0
26,1,26600.0,506,0.22,2,0,7500.0,36,personal,704.92,21,0
56,16,60300.0,532,0.31,3,0,20000.0,12,debt_consolidation,2051.45,214,0
55,14,51300.0,510,0.34,4,0,18500.0,24,personal,1391.19,52,0
34,6,45900.0,570,0.24,3,0,21500.0,48,personal,1586.58,102,0
39,13,36900.0,524,0.23,3,0,5000.0,12,home_improvement,1628.4,98,0
36,5,16700.0,594,0.41,2,0,5000.0,24,personal,472.52,17,0
42,6,18900.0,521,0.29,0,0,8500.0,60,personal,561.39,163,0
39,7,38100.0,444,0.24,2,0,9500.0,60,debt_consolidation,1272.79,73,0
49,13,34200.0,501,0.24,2,0,7500.0,36,personal,841.27,60,0
60,18,53500.0,620,0.32,3,0,5500.0,12,debt_consolidation,2649.78,197,0
34,2,17200.0,388,0.41,2,0,5000.0,12,debt_consolidation,348.93,49,0
38,2,15000.0,460,0.22,1,0,13500.0,12,home_improvement,109.25,35,0
52,7,36700.0,532,0.34,1,0,8500.0,12,debt_consolidation,1666.2,161,0
61,15,35800.0,518,0.25,2,0,12500.0,24,home_improvement,1109.85,25,0
36,9,47600.0,577,0.17,1,0,18500.0,24,debt_consolidation,136.86,105,0
55,14,53400.0,542,0.3,2,0,17000.0,48,business,1332.09,16,0
27,4,54100.0,422,0.46,4,0,10000.0,48,debt_consolidation,2237.39,33,1
55,16,27400.0,634,0.4,2,0,5500.0,24,debt_consolidation,389.6,146,0
28,2,28300.0,522,0.24,1,0,6000.0,48,debt_consolidation,259.23,67,0
28,7,23500.0,458,0.28,0,0,9000.0,36,business,663.03,67,0
47,11,27400.0,580,0.4,3,0,5000.0,24,personal,547.29,210,0
41,20,28700.0,575,0.38,0,0,5000.0,36,business,563.73,37,0
31,4,18500.0,525,0.35,1,0,11500.0,60,education,139.12,27,0
51,10,26400.0,542,0.2,1,0,14500.0,24,home_improvement,369.83,126,0
54,16,74100.0,626,0.14,1,0,24500.0,24,home_improvement,2474.18,30,0
44,13,65300.0,533,0.12,1,1,15000.0,24,debt_consolidation,715.02,163,0
41,6,19000.0,507,0.4,2,0,6000.0,24,personal,439.79,105,0
33,7,30500.0,481,0.13,0,0,20500.0,48,business,271.35,78,0
29,7,17200.0,466,0.49,1,0,9000.0,12,personal,198.89,15,0
24,4,28200.0,441,0.29,1,0,5000.0,24,debt_consolidation,768.36,23,0
43,15,66200.0,550,0.1,1,1,11500.0,48,business,2537.59,87,0
26,1,29800.0,493,0.18,0,0,18500.0,36,education,1390.81,29,0
31,9,43600.0,459,0.19,2,0,24000.0,48,education,1101.33,73,0
36,10,21400.0,382,0.17,0,0,5000.0,12,debt_consolidation,413.56,96,0
31,5,22200.0,477,0.37,2,0,5000.0,12,home_improvement,763.22,57,1
35,2,19100.0,509,0.1,0,1,11500.0,48,personal,771.22,46,0
49,9,25100.0,543,0.21,2,0,5000.0,48,home_improvement,472.31,92,0
51,24,70300.0,593,0.18,2,0,24000.0,12,home_improvement,1698.04,128,0
31,2,24600.0,489,0.19,0,0,11500.0,12,personal,165.41,34,0
39,4,39400.0,511,0.27,0,0,6500.0,12,business,890.68,32,0
27,1,15000.0,501,0.15,0,1,5000.0,60,home_improvement,532.06,33,0
52,7,27500.0,560,0.38,3,0,11000.0,24,business,903.51,163,0
33,5,27400.0,515,0.25,0,0,5000.0,36,personal,1200.61,79,0
31,5,21500.0,579,0.26,1,0,8500.0,24,home_improvement,741.67,9,0
30,2,31300.0,552,0.09,0,0,9000.0,36,education,384.4,14,0
54,11,35900.0,466,0.3,0,0,15500.0,36,debt_consolidation,203.93,132,0
26,4,15000.0,429,0.14,0,1,5000.0,12,personal,351.36,27,0
36,14,47900.0,470,0.25,0,1,20500.0,24,personal,1963.8,86,1
58,22,30900.0,529,0.46,2,0,5000.0,12,personal,873.76,41,0
53,18,42900.0,548,0.24,2,2,12000.0,48,personal,1966.23,65,0
43,15,70000.0,698,0.28,1,0,28500.0,12,debt_consolidation,367.89,60,0
41,16,26400.0,402,0.14,0,0,10000.0,24,home_improvement,491.3,132,0
37,3,29800.0,519,0.19,2,0,9000.0,12,home_improvement,1140.86,43,0
45,3,15000.0,471,0.4,2,1,5000.0,24,home_improvement,663.17,57,0
54,18,28000.0,531,0.16,1,0,20500.0,24,business,639.35,126,0
55,5,32900.0,513,0.4,1,0,5000.0,24,personal,754.43,55,0
28,4,15000.0,498,0.2,0,0,8000.0,24,personal,521.91,8,0
39,13,23900.0,476,0.24,0,0,16000.0,12,personal,454.08,104,0
35,9,22900.0,418,0.05,0,0,8000.0,24,education,1001.44,60,0
26,4,19500.0,485,0.27,1,0,17000.0,12,personal,377.09,26,0
41,3,46000.0,619,0.32,1,0,5000.0,12,education,2130.82,31,0
50,10,70900.0,644,0.31,4,0,20500.0,36,debt_consolidation,2632.85,25,0
43,8,43400.0,483,0.24,0,1,7000.0,12,personal,1525.88,78,0
49,24,34400.0,533,0.32,1,0,13500.0,24,business,1268.21,122,0
53,14,44400.0,627,0.26,1,0,18000.0,12,personal,1979.78,246,0
57,9,32200.0,557,0.27,0,0,24000.0,12,education,360.93,49,0
36,1,27000.0,465,0.34,1,1,5000.0,48,personal,452.5,16,0
42,15,69400.0,613,0.41,1,0,9500.0,12,debt_consolidation,1709.09,74,0
54,19,23500.0,506,0.34,0,0,8500.0,24,home_improvement,952.74,136,0
49,13,65800.0,609,0.18,2,0,19500.0,60,home_improvement,1908.08,69,0
54,5,26500.0,570,0.08,0,0,10000.0,48,home_improvement,1021.12,56,0
31,3,46700.0,376,0.26,0,0,18500.0,48,home_improvement,732.96,56,0
54,24,42900.0,724,0.6,3,0,11000.0,36,personal,100.0,48,0
48,14,32800.0,624,0.26,1,0,6500.0,12,business,1040.74,48,0
33,6,21800.0,414,0.3,1,0,12000.0,36,personal,844.56,40,0
26,6,27300.0,595,0.31,0,0,26000.0,48,personal,665.75,37,0
27,4,67900.0,543,0.11,1,0,21500.0,48,business,3487.55,44,0
44,0,15000.0,540,0.37,1,0,5000.0,24,debt_consolidation,442.92,93,0
50,17,37700.0,533,0.23,3,1,12000.0,12,debt_consolidation,670.88,41,0
24,1,23800.0,300,0.24,0,0,5000.0,48,home_improvement,201.85,27,0
31,10,15000.0,512,0.38,1,0,15500.0,60,home_improvement,108.04,4,0
35,7,24200.0,511,0.32,1,0,5000.0,36,debt_consolidation,618.54,43,0
42,11,19400.0,640,0.08,0,0,5000.0,12,debt_consolidation,322.26,121,0
41,12,54000.0,627,0.17,1,0,18500.0,60,business,1423.3,17,0
37,16,21700.0,561,0.24,0,0,5000.0,24,home_improvement,353.5,48,0
60,26,58000.0,443,0.19,3,0,26000.0,24,personal,2969.18,139,0
37,2,25900.0,398,0.13,1,1,9500.0,60,personal,472.62,108,0
26,1,19200.0,551,0.12,0,0,17500.0,60,education,362.2,7,0
35,5,15000.0,460,0.18,0,0,5000.0,60,home_improvement,306.54,99,0
33,3,15000.0,444,0.17,0,0,15000.0,48,personal,242.07,67,0
26,3,17600.0,509,0.34,3,0,11000.0,48,personal,100.0,4,0
25,3,21100.0,514,0.26,1,1,5000.0,24,home_improvement,361.25,98,0
52,8,27800.0,627,0.27,3,0,7000.0,36,education,261.23,89,0
56,10,20500.0,561,0.23,0,0,25500.0,12,home_improvement,100.0,176,0
43,8,21800.0,515,0.27,1,1,13000.0,48,business,709.66,26,0
50,7,78100.0,561,0.3,3,0,6500.0,12,home_improvement,934.79,143,0
35,14,34400.0,669,0.39,1,0,9000.0,48,home_improvement,1108.57,87,0
50,5,28500.0,499,0.25,2,0,15000.0,60,business,741.09,176,0
47,7,30100.0,484,0.29,1,0,10500.0,24,home_improvement,762.89,136,0
36,10,53900.0,424,0.13,1,0,9000.0,48,education,1314.02,109,0
64,5,29000.0,598,0.1,0,0,14500.0,24,home_improvement,1129.47,360,0
40,7,35100.0,622,0.09,0,0,20000.0,36,home_improvement,1202.27,111,0
39,9,35300.0,666,0.44,1,0,5000.0,48,home_improvement,1325.07,25,0
41,14,43800.0,572,0.33,0,1,40500.0,60,personal,1085.41,99,0
53,23,54500.0,593,0.09,1,1,14500.0,24,education,2082.33,122,0
46,6,39300.0,535,0.31,2,0,16000.0,48,business,1019.36,36,0
45,6,61300.0,483,0.5,2,1,24500.0,36,education,933.84,79,0
49,3,23500.0,543,0.09,0,0,9000.0,36,home_improvement,216.37,116,0
37,11,15800.0,500,0.2,0,2,9000.0,24,business,111.07,47,0
27,8,25000.0,459,0.38,2,0,5000.0,12,debt_consolidation,1034.96,31,0
41,13,19500.0,543,0.34,1,0,5000.0,24,home_improvement,410.39,115,0
46,11,27100.0,517,0.27,2,0,10000.0,12,debt_consolidation,1355.53,25,0
32,4,29800.0,487,0.46,1,0,5000.0,36,personal,795.38,65,0
42,6,31700.0,648,0.25,2,0,13000.0,60,personal,359.36,92,0
32,13,20700.0,474,0.54,3,0,5000.0,48,home_improvement,688.74,41,0
40,13,62500.0,479,0.62,5,2,26500.0,36,education,1311.6,49,0
46,8,17000.0,517,0.39,1,0,5000.0,60,education,143.1,66,0
34,4,28900.0,449,0.52,4,0,16500.0,12,education,450.33,45,0
42,4,26600.0,522,0.31,3,0,5000.0,48,personal,539.99,107,0
35,7,21700.0,566,0.33,2,0,5000.0,24,debt_consolidation,157.14,106,0
53,2,20600.0,474,0.34,3,0,11500.0,12,debt_consolidation,289.41,83,0
47,19,39200.0,514,0.39,1,0,23000.0,36,personal,544.81,125,0
45,14,64000.0,445,0.57,4,1,35000.0,60,business,2842.13,107,1
33,4,15000.0,531,0.57,2,0,9000.0,36,personal,385.35,45,0
29,2,18800.0,559,0.21,1,0,16500.0,12,debt_consolidation,370.1,29,0
55,4,27800.0,381,0.4,1,0,14500.0,12,home_improvement,833.63,131,0
38,4,29100.0,566,0.2,0,0,10000.0,60,home_improvement,303.75,57,0
41,14,31500.0,541,0.45,2,0,10500.0,36,personal,254.67,145,0
42,14,24400.0,509,0.27,0,0,15000.0,36,home_improvement,100.0,73,0
56,15,42400.0,557,0.27,4,0,6500.0,48,education,947.94,67,0
39,10,28800.0,585,0.16,1,0,5000.0,24,education,433.54,82,0
51,6,34500.0,525,0.23,0,0,8500.0,24,debt_consolidation,758.47,174,0
34,10,25900.0,415,0.37,1,0,30000.0,24,home_improvement,906.02,60,0
49,24,48100.0,605,0.44,2,0,15500.0,48,personal,775.96,56,0
36,10,51100.0,605,0.1,1,0,19500.0,12,personal,1465.37,26,0
36,12,27000.0,408,0.28,0,0,5000.0,24,personal,191.3,55,0
30,6,49500.0,591,0.22,0,0,9500.0,24,home_improvement,798.12,75,0
38,5,15000.0,499,0.33,1,1,5000.0,12,personal,484.8,89,0
57,14,35600.0,559,0.28,3,0,6000.0,24,business,779.97,159,0
29,2,31900.0,508,0.16,0,0,5000.0,12,personal,1163.14,63,0
55,11,20400.0,510,0.21,2,0,6000.0,36,education,308.31,131,0
38,0,18300.0,494,0.2,1,2,5000.0,12,personal,352.01,97,0
48,16,33200.0,648,0.45,2,0,5000.0,48,business,1330.66,143,0
28,1,15000.0,477,0.25,0,1,5000.0,60,home_improvement,100.0,20,0
46,24,34200.0,607,0.32,0,0,13000.0,60,personal,1531.05,88,0
43,16,24400.0,478,0.36,1,0,5500.0,24,personal,430.69,63,0
44,5,40600.0,579,0.38,3,0,5000.0,12,home_improvement,1278.51,132,0
32,2,47200.0,570,0.18,1,0,12500.0,24,home_improvement,1433.94,18,0
41,11,25400.0,465,0.19,1,0,5000.0,12,personal,1158.83,43,0
47,18,30600.0,433,0.18,0,1,7000.0,60,personal,1119.91,103,0
47,20,42000.0,526,0.2,1,0,5000.0,24,business,520.83,120,0
48,20,29300.0,613,0.48,2,0,13500.0,12,personal,1170.03,249,0
27,6,33200.0,583,0.14,1,0,18500.0,24,debt_consolidation,853.07,56,0
44,6,22100.0,472,0.2,2,0,10000.0,24,business,759.0,118,0
51,2,35800.0,659,0.17,1,0,18000.0,24,home_improvement,586.65,153,0
44,11,18400.0,423,0.34,3,0,15000.0,60,personal,100.0,65,0
28,3,38300.0,528,0.46,2,0,13000.0,12,personal,723.17,62,0
37,11,27100.0,503,0.2,0,0,24000.0,36,business,1364.62,114,0
28,4,18600.0,526,0.25,0,0,5000.0,24,business,376.24,40,0
37,1,25000.0,451,0.14,1,0,5000.0,24,home_improvement,353.27,155,0
24,2,31800.0,559,0.11,0,0,15000.0,12,personal,390.89,39,0
33,2,26900.0,554,0.16,1,0,13500.0,36,personal,1222.0,10,0
48,9,32400.0,472,0.08,0,0,11000.0,24,personal,1352.71,139,0
36,3,23000.0,475,0.31,1,0,9000.0,36,personal,618.6,35,0
59,14,84400.0,556,0.29,3,0,37000.0,60,business,2426.59,16,0
54,13,33500.0,573,0.33,1,0,12000.0,12,home_improvement,872.39,72,0
34,4,39100.0,605,0.35,2,0,5000.0,24,education,1946.96,59,0
25,2,44200.0,666,0.2,0,0,8000.0,24,personal,1466.91,23,0
39,8,15000.0,640,0.61,4,0,14000.0,12,home_improvement,342.17,72,0
45,13,40800.0,427,0.3,2,0,5000.0,48,debt_consolidation,1360.8,46,0
41,8,30300.0,440,0.37,0,0,5000.0,12,debt_consolidation,947.3,100,0
35,15,54600.0,470,0.18,0,0,9500.0,24,debt_consolidation,517.23,101,0
30,4,38900.0,393,0.27,1,0,7000.0,12,business,574.42,78,0
29,2,31600.0,460,0.14,0,0,11000.0,48,personal,427.74,66,0
38,6,19200.0,519,0.28,1,0,5000.0,24,home_improvement,208.78,36,0
42,8,30900.0,515,0.27,3,1,33500.0,36,home_improvement,667.61,71,0
27,0,15000.0,581,0.48,2,1,5000.0,12,home_improvement,837.75,33,1
48,14,18300.0,516,0.44,2,0,15500.0,12,education,439.87,72,0
36,4,21700.0,505,0.18,1,0,11000.0,12,personal,736.19,74,0
34,2,18100.0,475,0.42,1,1,5000.0,12,personal,503.77,67,1
42,10,15000.0,548,0.06,0,0,5000.0,36,debt_consolidation,669.86,20,0
54,2,33500.0,499,0.28,1,0,26000.0,36,education,125.05,36,0
50,4,24500.0,492,0.24,0,0,5000.0,12,debt_consolidation,813.96,86,0
45,8,52900.0,617,0.22,1,0,22500.0,48,home_improvement,1411.99,52,0
36,4,34200.0,465,0.24,1,0,17000.0,36,business,849.12,55,0
64,16,44000.0,647,0.15,1,0,30500.0,48,home_improvement,1368.29,94,0
31,3,15600.0,546,0.21,1,0,5000.0,48,debt_consolidation,717.57,145,0
44,13,20700.0,502,0.18,0,0,5000.0,12,personal,408.37,119,0
37,9,51600.0,527,0.26,0,0,16000.0,24,personal,379.91,11,0
58,7,34700.0,619,0.47,4,0,26000.0,60,home_improvement,935.38,164,0
37,4,25400.0,645,0.14,0,1,11000.0,36,business,561.78,18,0
31,2,29900.0,556,0.33,1,1,8500.0,24,personal,939.98,97,0
54,17,49000.0,552,0.42,2,0,20500.0,60,education,723.8,52,0
51,9,26900.0,526,0.33,0,0,9000.0,12,education,242.77,129,0
51,25,81800.0,495,0.2,2,1,21500.0,12,personal,3667.83,154,0
45,4,34400.0,573,0.19,2,0,11500.0,36,personal,1637.41,43,0
44,8,22900.0,365,0.37,1,0,8500.0,24,home_improvement,887.09,39,0
23,3,15000.0,495,0.31,0,2,5000.0,12,home_improvement,182.84,16,0
41,4,22600.0,551,0.34,0,0,18000.0,24,personal,620.96,129,0
33,8,47100.0,517,0.19,1,0,5000.0,48,education,767.96,44,0
22,1,30100.0,528,0.33,2,1,5000.0,12,home_improvement,581.37,46,0
57,11,26000.0,472,0.17,0,1,13000.0,24,home_improvement,631.33,194,0
46,4,26000.0,625,0.11,0,0,23000.0,60,debt_consolidation,703.82,124,0
28,5,24600.0,356,0.25,0,1,16000.0,48,debt_consolidation,268.62,67,1
44,3,31500.0,487,0.3,4,0,9500.0,36,personal,821.87,124,0
34,8,77000.0,467,0.23,2,0,29000.0,12,business,2782.33,50,0
47,5,42100.0,594,0.15,2,1,5000.0,12,education,903.15,126,0
43,3,24600.0,499,0.21,1,0,5000.0,48,personal,455.64,58,0
45,5,17500.0,451,0.15,1,0,9500.0,24,education,391.19,92,0
43,6,22300.0,535,0.4,0,0,16500.0,36,home_improvement,645.29,26,0
45,10,42700.0,516,0.39,3,0,12000.0,60,home_improvement,2195.36,100,0
68,19,26600.0,607,0.41,2,0,11000.0,12,debt_consolidation,366.08,112,0
44,7,32700.0,540,0.16,2,1,14000.0,60,home_improvement,1781.6,18,0
40,5,33500.0,473,0.21,2,1,8000.0,48,education,316.63,25,0
30,7,29600.0,458,0.29,2,0,7500.0,12,personal,1722.81,7,1
50,3,34600.0,484,0.12,1,0,17000.0,24,personal,943.66,154,0
52,9,28100.0,645,0.43,2,0,17500.0,48,business,1288.73,80,0
35,7,18500.0,484,0.17,0,0,5000.0,36,personal,657.25,61,0
26,1,34900.0,521,0.11,0,0,12000.0,12,home_improvement,1451.67,31,0
64,10,42900.0,484,0.16,0,0,9500.0,24,business,1087.83,123,0
35,10,19900.0,588,0.27,1,1,8500.0,60,business,1022.76,54,0
45,10,26700.0,609,0.43,1,0,5000.0,60,home_improvement,779.93,4,0
32,7,18900.0,478,0.31,3,0,5000.0,24,home_improvement,583.02,82,0
51,11,38900.0,500,0.29,1,0,9000.0,60,home_improvement,1317.91,52,0
24,1,27600.0,319,0.19,0,0,20500.0,36,home_improvement,413.4,14,0
35,5,19900.0,566,0.29,0,0,5000.0,48,debt_consolidation,100.0,37,0
51,20,57600.0,475,0.33,3,2,14000.0,36,education,1537.24,71,0
46,9,15000.0,644,0.11,0,0,8500.0,12,education,250.91,127,0
30,5,17100.0,566,0.1,0,0,8500.0,24,education,176.91,77,0
40,3,35900.0,537,0.25,1,0,12500.0,60,business,219.3,186,0
33,11,21600.0,403,0.31,1,0,5000.0,12,home_improvement,121.88,143,0
43,10,30800.0,541,0.28,1,0,13500.0,36,personal,497.21,118,0
43,10,20700.0,656,0.18,1,0,12500.0,60,home_improvement,610.32,91,0
64,13,36300.0,503,0.24,2,0,11500.0,60,personal,609.89,221,0
46,13,45300.0,591,0.35,3,0,18500.0,24,debt_consolidation,2592.97,135,0
40,2,15000.0,614,0.32,1,2,5000.0,12,personal,652.63,96,0
39,1,26600.0,513,0.29,3,0,13000.0,12,personal,845.01,57,0
55,14,43300.0,703,0.37,2,1,16000.0,12,personal,1015.19,104,0
43,8,28400.0,428,0.38,0,0,15500.0,12,home_improvement,935.76,22,0
42,3,15000.0,588,0.32,3,0,14500.0,24,home_improvement,479.42,81,0
42,14,29400.0,586,0.36,0,0,22500.0,48,personal,864.32,28,0
33,8,32800.0,407,0.2,1,0,25000.0,48,personal,835.93,38,0
41,12,25700.0,457,0.12,0,0,16500.0,36,personal,394.5,149,0
41,2,39800.0,512,0.51,1,0,19500.0,12,personal,724.74,95,0
24,4,24900.0,509,0.54,2,0,7000.0,12,education,830.52,37,0
47,13,17500.0,461,0.11,0,0,16000.0,48,personal,706.61,26,0
49,20,71300.0,640,0.36,2,0,15500.0,48,education,1578.74,50,0
37,3,25100.0,457,0.36,3,0,5000.0,60,home_improvement,1383.4,103,0
27,2,42500.0,476,0.3,1,0,13500.0,36,home_improvement,785.31,44,0
49,21,38500.0,475,0.36,4,0,5500.0,12,debt_consolidation,1945.07,36,0
56,15,82700.0,632,0.43,3,0,25500.0,24,business,1165.74,128,0
46,5,17500.0,447,0.38,2,0,7000.0,12,debt_consolidation,213.54,104,0
48,16,22200.0,434,0.25,2,0,19000.0,36,home_improvement,973.48,189,0
29,9,30400.0,530,0.16,0,0,12000.0,36,home_improvement,1785.25,54,0
27,3,26200.0,513,0.29,2,0,5000.0,24,home_improvement,343.15,11,0
32,5,15000.0,596,0.05,0,0,5000.0,12,business,159.31,56,0
52,4,19700.0,506,0.42,2,1,12000.0,36,education,637.22,52,0
45,2,24400.0,518,0.13,0,0,5000.0,24,debt_consolidation,383.87,154,0
47,5,47300.0,475,0.18,0,0,13000.0,48,business,926.22,57,0
41,4,31300.0,385,0.2,0,0,25500.0,24,home_improvement,1320.05,85,0
42,17,32300.0,622,0.31,1,0,6500.0,12,debt_consolidation,929.95,78,0
26,6,35200.0,591,0.41,3,0,5000.0,36,debt_consolidation,584.99,17,0
56,10,45600.0,587,0.32,2,0,8000.0,60,business,285.31,162,0
30,7,59900.0,544,0.09,0,0,6500.0,36,home_improvement,1433.32,49,0
26,5,24500.0,522,0.45,2,0,5000.0,36,home_improvement,1343.56,47,0
30,5,15000.0,423,0.24,1,1,18000.0,24,education,243.99,79,0
58,4,35300.0,577,0.39,4,0,15000.0,24,personal,1270.23,33,0
27,1,25800.0,383,0.11,0,0,12500.0,12,personal,501.98,35,0
48,10,36700.0,527,0.21,1,0,17500.0,24,education,1887.52,112,0
46,13,19200.0,478,0.16,0,0,5000.0,24,debt_consolidation,825.13,116,0
32,10,20000.0,498,0.27,2,0,5000.0,12,personal,845.61,63,0
33,6,15000.0,417,0.31,1,2,5000.0,24,personal,288.69,33,0
46,13,35800.0,568,0.41,1,1,5000.0,12,personal,1585.6,32,0
31,3,26300.0,470,0.23,1,0,12500.0,24,personal,736.53,37,0
43,19,39900.0,505,0.4,1,0,18000.0,36,home_improvement,1238.62,36,0
52,19,29200.0,529,0.4,2,0,16500.0,12,debt_consolidation,245.65,27,0
42,7,41100.0,508,0.17,1,0,5000.0,48,debt_consolidation,1254.22,146,0
45,15,29200.0,631,0.33,3,0,5000.0,24,business,815.02,107,0
36,12,32100.0,550,0.36,1,0,14000.0,48,education,670.76,44,0
45,9,64600.0,437,0.24,3,0,15500.0,12,personal,1232.27,141,0
47,17,27100.0,550,0.3,0,0,5000.0,24,personal,1119.6,88,0
31,5,15000.0,445,0.09,0,0,5000.0,12,personal,334.99,28,0
56,2,18300.0,495,0.41,0,0,20000.0,60,business,935.77,89,0
44,9,32000.0,516,0.23,1,0,7000.0,60,education,683.26,124,0
49,11,15000.0,419,0.33,0,0,18500.0,12,home_improvement,412.51,54,0
45,6,19700.0,629,0.12,0,0,9000.0,36,education,275.29,24,0
46,13,15000.0,561,0.46,0,0,12000.0,36,business,298.07,58,0
57,7,33500.0,533,0.39,2,0,24000.0,12,personal,724.57,39,0
41,14,30900.0,495,0.4,0,0,5000.0,12,personal,816.27,98,0
37,11,56800.0,465,0.23,1,1,14500.0,12,business,1145.45,100,0
64,7,38700.0,603,0.23,0,0,5000.0,12,education,1181.14,44,0
24,2,23300.0,448,0.29,1,0,11000.0,12,home_improvement,654.61,23,0
33,2,19300.0,569,0.36,1,1,13000.0,12,home_improvement,481.05,71,0
48,14,43700.0,445,0.5,2,1,14000.0,12,debt_consolidation,603.5,7,0
29,4,51000.0,561,0.27,0,1,29500.0,48,personal,578.42,29,0
41,6,58100.0,521,0.18,1,0,20000.0,12,personal,793.48,91,0
58,5,34700.0,617,0.21,2,0,5000.0,12,debt_consolidation,547.36,226,0
41,2,24400.0,588,0.21,1,0,13000.0,24,home_improvement,775.04,62,0
31,7,56600.0,514,0.21,1,0,20000.0,24,personal,996.71,75,0
36,2,19800.0,351,0.29,0,0,5000.0,12,home_improvement,429.15,46,1
35,7,33000.0,535,0.26,2,0,11000.0,48,home_improvement,1679.17,58,0
32,3,15000.0,443,0.05,0,0,5000.0,24,business,437.2,50,0
33,8,75800.0,577,0.27,3,0,16500.0,12,education,1103.04,50,0
49,10,25300.0,387,0.18,0,0,5000.0,36,personal,216.47,28,0
34,4,41400.0,534,0.32,0,1,25500.0,36,personal,954.12,8,0
43,7,17200.0,485,0.29,0,0,15500.0,12,education,765.01,88,0
49,15,54200.0,474,0.21,1,1,8500.0,48,home_improvement,2015.05,39,0
44,11,18500.0,526,0.24,2,0,5000.0,12,personal,510.18,104,0
61,18,52000.0,444,0.55,2,0,14000.0,48,debt_consolidation,2175.72,121,0
38,4,16500.0,596,0.15,0,0,5000.0,12,home_improvement,100.0,42,0
40,11,33100.0,408,0.18,0,0,21000.0,48,business,482.48,74,0
29,1,15800.0,511,0.09,0,1,10500.0,36,debt_consolidation,267.3,65,0
34,10,37100.0,670,0.25,3,0,17500.0,48,personal,1897.9,53,0
44,16,19500.0,598,0.17,1,0,22000.0,36,home_improvement,725.46,129,0
36,3,20100.0,620,0.24,1,0,5000.0,60,debt_consolidation,686.39,52,0
41,20,30000.0,545,0.3,1,0,11500.0,48,personal,1029.01,54,0
31,10,22800.0,450,0.38,2,1,19500.0,60,debt_consolidation,1062.42,9,0
34,8,23800.0,466,0.19,2,1,5000.0,24,education,1178.21,34,0
37,14,48600.0,548,0.3,0,0,13000.0,12,personal,2038.55,70,0
64,32,15900.0,537,0.13,0,1,5000.0,24,personal,472.88,213,0
35,2,19800.0,474,0.25,0,0,5000.0,12,personal,155.75,92,0
51,10,38100.0,650,0.46,1,1,21500.0,48,personal,967.43,145,0
52,19,28900.0,613,0.19,0,0,19000.0,12,personal,956.63,49,0
37,0,30500.0,610,0.33,0,0,25000.0,60,education,732.6,44,0
34,10,16800.0,405,0.37,1,1,8500.0,48,home_improvement,208.49,60,0
22,3,17300.0,496,0.33,1,0,11000.0,12,home_improvement,997.61,10,0
30,3,42200.0,424,0.14,0,1,23000.0,24,home_improvement,1281.45,35,0
40,4,32500.0,459,0.18,2,0,9500.0,24,debt_consolidation,1324.2,129,0
30,9,31000.0,558,0.06,0,0,19000.0,48,personal,1340.32,42,0
50,11,39000.0,593,0.45,5,0,6500.0,12,home_improvement,801.18,215,0
39,10,38300.0,554,0.3,2,0,5000.0,48,home_improvement,792.54,14,0
64,22,58500.0,599,0.35,3,1,9000.0,12,debt_consolidation,1410.53,153,0
31,3,17900.0,492,0.09,0,1,14000.0,60,personal,489.91,74,0
49,21,32000.0,528,0.29,3,0,10500.0,36,home_improvement,641.91,56,0
55,12,30800.0,650,0.29,3,0,5000.0,48,personal,614.93,53,0
32,8,15000.0,551,0.21,0,0,5000.0,36,home_improvement,770.18,54,0
55,28,45800.0,509,0.32,5,1,26500.0,24,personal,2499.45,178,0
40,4,48200.0,565,0.06,0,1,18000.0,60,home_improvement,1034.36,88,0
50,12,19700.0,574,0.45,2,0,11500.0,12,home_improvement,156.63,78,0
35,7,18900.0,497,0.17,0,0,20000.0,24,home_improvement,336.35,7,0
42,9,56100.0,641,0.16,2,0,21000.0,24,debt_consolidation,803.39,9,0
36,11,34900.0,499,0.14,1,1,16500.0,36,debt_consolidation,494.5,95,0
59,22,63200.0,623,0.34,4,0,12500.0,24,personal,2775.05,96,0
33,7,38300.0,548,0.3,0,0,28000.0,36,personal,1123.09,86,0
26,4,21500.0,397,0.31,0,1,5000.0,24,debt_consolidation,878.59,18,1
54,10,17100.0,540,0.46,2,1,17000.0,60,debt_consolidation,325.63,55,0
31,2,23700.0,414,0.28,2,1,12000.0,12,business,141.55,63,0
36,12,20800.0,598,0.17,0,0,13500.0,36,personal,762.63,39,0
23,2,15000.0,465,0.23,0,0,10000.0,12,debt_consolidation,496.23,44,0
32,3,25400.0,454,0.45,2,0,25000.0,12,personal,518.68,69,0
47,4,49100.0,577,0.21,1,0,5000.0,48,education,347.03,97,0
33,2,15000.0,456,0.15,1,0,11000.0,24,home_improvement,673.33,96,0
56,23,56200.0,671,0.31,1,0,28500.0,24,home_improvement,1522.69,156,0
23,1,20500.0,502,0.33,1,0,5000.0,24,debt_consolidation,674.61,36,0
47,21,42500.0,502,0.19,1,1,6500.0,12,personal,1239.05,88,0
43,12,49200.0,475,0.21,0,1,5000.0,24,debt_consolidation,1504.7,101,0
24,1,31000.0,377,0.14,0,0,17500.0,12,personal,1874.14,71,0
36,4,31300.0,578,0.23,0,0,14500.0,36,debt_consolidation,709.05,71,0
51,16,51000.0,523,0.21,2,0,31500.0,48,home_improvement,2217.32,165,0
46,10,36500.0,651,0.4,3,1,5000.0,60,personal,995.1,105,0
45,5,22000.0,561,0.07,0,1,5000.0,12,debt_consolidation,328.37,145,0
58,24,41000.0,570,0.3,1,0,20000.0,36,home_improvement,618.81,34,0
39,6,40700.0,486,0.17,0,0,15000.0,24,home_improvement,1359.4,128,0
26,1,20400.0,398,0.31,1,0,5000.0,48,personal,489.6,13,0
49,4,28500.0,569,0.19,1,0,5500.0,24,debt_consolidation,1507.65,160,0
50,16,76500.0,722,0.45,3,0,11500.0,48,education,2255.39,65,0
48,12,24900.0,537,0.55,4,0,5000.0,24,home_improvement,329.15,97,0
34,4,32800.0,518,0.25,1,1,5000.0,48,personal,672.34,36,0
35,5,30300.0,459,0.26,2,0,5500.0,24,home_improvement,1025.43,6,0
45,1,26100.0,529,0.16,0,1,19000.0,36,personal,341.58,98,0
48,8,51800.0,523,0.44,3,1,10000.0,48,personal,664.83,111,0
38,12,46300.0,469,0.16,1,0,15500.0,36,business,1765.07,28,0
30,5,15000.0,536,0.31,0,0,5000.0,48,home_improvement,332.28,41,0
44,9,59600.0,536,0.19,0,1,10500.0,48,education,100.0,51,0
30,4,16900.0,558,0.39,0,1,18500.0,48,personal,448.61,48,0
34,2,15000.0,446,0.28,1,1,9500.0,24,debt_consolidation,151.92,6,0
29,4,15300.0,369,0.12,0,0,5000.0,12,home_improvement,434.12,40,0
65,37,61600.0,675,0.31,0,0,30500.0,12,personal,1161.76,191,0
37,7,27700.0,449,0.38,0,0,14000.0,12,home_improvement,467.96,77,0
35,10,30300.0,482,0.23,1,0,7500.0,12,business,1459.18,68,0
29,3,28800.0,450,0.37,0,0,7500.0,48,business,441.35,78,0
38,5,22000.0,463,0.42,1,0,10000.0,24,business,589.46,18,0
33,7,20500.0,446,0.44,4,0,15000.0,12,home_improvement,1066.25,88,0
44,9,25900.0,409,0.46,1,0,15500.0,12,home_improvement,757.08,117,0
45,11,24000.0,488,0.31,2,1,10000.0,12,home_improvement,582.32,49,0
56,16,80200.0,528,0.13,2,0,27500.0,60,home_improvement,1514.69,28,0
30,6,59700.0,444,0.22,1,0,11000.0,36,personal,884.56,29,0
51,4,29500.0,557,0.36,1,1,19000.0,36,personal,908.08,125,0
30,1,17000.0,525,0.22,1,0,23500.0,12,personal,465.74,10,0
40,7,42000.0,446,0.24,1,0,15000.0,24,personal,2739.37,48,0
52,17,15000.0,502,0.33,2,0,5000.0,48,personal,239.63,106,0
28,0,26800.0,554,0.15,1,0,5000.0,48,business,590.74,66,0
43,5,36900.0,511,0.23,1,1,7500.0,48,home_improvement,960.07,86,0
41,6,15000.0,498,0.17,1,1,5000.0,12,education,167.31,33,1
30,3,31400.0,479,0.12,0,0,14000.0,36,personal,925.57,14,0
40,8,17300.0,469,0.41,1,0,5000.0,12,debt_consolidation,976.14,118,0
32,5,36100.0,581,0.25,1,0,13000.0,48,education,1066.96,63,0
42,10,38400.0,543,0.22,2,0,16000.0,24,debt_consolidation,1317.82,63,0
38,7,25900.0,370,0.4,0,0,13000.0,48,debt_consolidation,570.5,40,0
56,7,34800.0,565,0.31,0,0,12000.0,36,personal,991.27,44,0
25,4,15000.0,371,0.37,1,1,8500.0,12,home_improvement,375.58,8,0
37,14,22700.0,513,0.25,0,0,13500.0,12,education,726.87,118,0
50,15,17800.0,612,0.38,1,0,8000.0,12,business,507.58,139,0
48,15,36500.0,553,0.43,1,1,6500.0,12,debt_consolidation,887.49,109,0
62,10,32300.0,626,0.08,0,0,19000.0,48,home_improvement,174.15,223,0
41,19,31100.0,463,0.38,0,1,5000.0,36,personal,780.11,68,0
48,6,36600.0,510,0.18,0,0,8000.0,24,business,782.02,134,0
59,7,28000.0,527,0.73,7,0,11000.0,24,home_improvement,1735.11,66,0
24,2,30600.0,501,0.12,0,0,21000.0,60,debt_consolidation,1779.94,13,0
38,6,25000.0,512,0.29,2,1,17000.0,12,business,1161.51,64,0
32,6,17400.0,518,0.5,1,0,5000.0,12,debt_consolidation,850.73,108,0
31,9,22500.0,437,0.38,3,0,9500.0,60,debt_consolidation,1006.25,22,0
31,7,29400.0,453,0.06,0,0,12500.0,48,personal,319.74,58,0
23,3,23000.0,460,0.2,1,1,16500.0,24,business,118.36,31,0
33,12,23800.0,523,0.24,0,0,7500.0,36,home_improvement,656.57,52,0
61,11,29600.0,573,0.33,2,0,12000.0,36,education,1643.73,156,0
29,1,18200.0,423,0.28,0,0,12000.0,36,personal,535.67,35,0
26,2,29700.0,329,0.29,0,0,8500.0,60,education,1352.32,68,0
32,7,20000.0,469,0.43,1,0,12500.0,48,personal,182.95,58,0
43,8,66800.0,527,0.53,5,1,7500.0,12,home_improvement,1293.1,128,0
50,7,24900.0,520,0.18,0,0,15500.0,60,business,1068.76,139,0
49,6,34300.0,483,0.34,1,0,19000.0,12,home_improvement,1630.84,158,0
60,23,52600.0,649,0.33,4,0,12000.0,24,home_improvement,1077.73,181,0
31,3,21400.0,584,0.55,2,0,5000.0,24,business,499.29,33,0
36,5,50700.0,542,0.28,1,0,17000.0,24,home_improvement,966.76,77,0
44,4,20300.0,565,0.32,1,0,5000.0,36,debt_consolidation,631.8,99,0
28,6,28700.0,458,0.46,3,0,5000.0,24,business,510.84,39,0
31,6,24700.0,604,0.48,1,0,20500.0,60,debt_consolidation,1078.89,8,0
26,5,47700.0,550,0.47,1,1,11500.0,12,business,1611.44,64,0
41,3,16500.0,458,0.43,3,0,16500.0,36,debt_consolidation,125.78,36,0
40,11,33400.0,574,0.23,1,1,12000.0,36,home_improvement,1396.63,49,0
32,2,18600.0,456,0.32,1,1,5000.0,12,home_improvement,456.89,65,0
29,3,39600.0,551,0.44,3,0,12500.0,36,personal,2160.6,69,0
35,6,15800.0,577,0.21,2,0,5000.0,12,education,420.17,42,0
56,20,55900.0,614,0.22,2,0,9000.0,36,home_improvement,2079.69,131,0
27,6,29100.0,407,0.3,0,0,6000.0,12,home_improvement,1516.27,94,0
37,11,39800.0,445,0.39,1,1,6500.0,36,home_improvement,1927.77,89,0
60,19,73800.0,660,0.14,2,1,10000.0,24,personal,1374.45,98,0
36,12,19500.0,430,0.27,1,0,6000.0,48,personal,100.0,126,0
44,18,43100.0,423,0.36,2,2,20000.0,12,home_improvement,988.13,1,1
49,16,15700.0,507,0.22,1,0,14500.0,12,home_improvement,107.52,93,0
38,2,15000.0,493,0.29,0,0,22500.0,36,business,843.29,43,0
59,11,47800.0,550,0.27,1,1,6000.0,60,personal,1058.7,64,0
33,5,15400.0,477,0.12,1,0,17000.0,24,home_improvement,588.51,95,0
47,17,46500.0,657,0.27,1,0,16500.0,60,personal,810.76,160,0
40,6,27500.0,512,0.07,0,0,22500.0,48,debt_consolidation,1069.79,38,0
42,16,39300.0,661,0.3,2,0,10000.0,12,personal,344.21,60,0
64,30,39700.0,575,0.51,3,0,15000.0,12,debt_consolidation,1341.64,103,0
43,15,30100.0,483,0.29,2,0,6500.0,60,business,1000.82,61,0
55,7,46700.0,447,0.47,2,0,17000.0,24,personal,782.2,107,0
42,7,44400.0,505,0.07,0,1,11000.0,24,debt_consolidation,1502.88,26,0
39,8,36600.0,531,0.52,2,0,11500.0,12,personal,408.99,11,0
61,27,38300.0,693,0.45,1,0,25500.0,36,personal,1755.55,30,0
37,9,37300.0,571,0.06,0,0,17000.0,24,personal,1742.12,158,0
42,8,56700.0,584,0.34,2,1,11500.0,24,debt_consolidation,2970.86,85,0
49,5,42100.0,504,0.39,2,0,19500.0,24,personal,976.28,72,0
32,2,21500.0,580,0.28,2,0,9000.0,24,personal,552.26,50,0
38,8,20700.0,493,0.25,0,0,19500.0,48,education,176.39,43,0
43,5,29200.0,479,0.42,2,0,21000.0,36,personal,552.43,83,0
42,3,29700.0,505,0.2,0,0,10500.0,24,debt_consolidation,232.0,40,0
41,12,16200.0,571,0.24,0,0,12500.0,24,personal,366.74,116,0
49,6,15700.0,587,0.18,0,1,5000.0,12,personal,637.24,143,0
30,2,15000.0,424,0.32,0,0,8000.0,48,education,100.0,84,1
29,4,32400.0,470,0.11,0,0,21500.0,36,personal,1242.71,38,0
24,1,49500.0,501,0.33,3,0,19500.0,60,home_improvement,2223.67,17,0
50,19,35500.0,472,0.17,1,0,9500.0,48,home_improvement,940.82,84,0
47,12,41500.0,568,0.3,0,0,12000.0,48,home_improvement,1133.73,93,0
48,8,31200.0,461,0.12,0,0,6000.0,24,home_improvement,1453.66,126,0
49,20,28500.0,613,0.38,1,0,16000.0,60,debt_consolidation,399.47,145,0
35,8,29000.0,470,0.16,1,0,12500.0,48,home_improvement,502.62,51,0
49,26,55500.0,550,0.18,1,1,14000.0,24,business,182.88,25,0
37,9,45400.0,499,0.1,0,0,8500.0,24,personal,1025.96,33,0
28,4,21300.0,420,0.32,1,0,16500.0,24,home_improvement,452.01,28,0
42,2,17400.0,457,0.16,0,0,5000.0,48,personal,447.28,89,0
32,3,20100.0,532,0.23,1,1,7500.0,36,personal,729.18,36,0
35,10,32900.0,550,0.18,1,1,13000.0,12,home_improvement,443.18,20,0
39,10,15000.0,472,0.31,1,1,5000.0,12,business,690.3,92,1
54,25,63800.0,709,0.24,1,0,21500.0,60,home_improvement,967.79,51,0
31,4,27100.0,473,0.22,1,1,12500.0,24,education,774.19,58,0
27,3,37000.0,516,0.46,4,0,5000.0,12,personal,729.33,14,0
36,7,33000.0,623,0.17,1,0,23000.0,24,business,1232.4,69,0
33,2,45900.0,424,0.34,1,0,28500.0,60,personal,1039.86,58,0
65,16,61800.0,490,0.14,2,0,20500.0,60,home_improvement,742.51,105,0
53,16,53700.0,516,0.23,0,0,27500.0,36,home_improvement,1103.38,83,0
27,0,23200.0,391,0.48,1,1,9500.0,12,home_improvement,1238.76,31,0
54,23,70200.0,614,0.45,2,0,22500.0,60,business,2983.75,126,0
37,9,30500.0,469,0.3,1,0,5000.0,12,home_improvement,604.88,90,0
57,4,16600.0,597,0.15,0,1,5000.0,48,personal,560.08,92,0
44,16,38500.0,426,0.42,1,1,5000.0,36,personal,617.45,124,0
24,4,29100.0,557,0.28,0,0,5000.0,36,business,745.02,29,0
57,25,36000.0,567,0.46,3,0,28500.0,60,business,304.92,46,0
49,4,26900.0,470,0.23,1,0,5000.0,12,debt_consolidation,1106.42,104,0
54,16,65700.0,556,0.15,2,0,19500.0,12,debt_consolidation,3124.6,148,0
52,11,36800.0,594,0.43,2,0,13000.0,24,personal,393.24,24,0
30,9,31100.0,489,0.22,0,0,8500.0,24,personal,1515.19,54,0
26,5,36200.0,547,0.16,0,0,16000.0,24,business,1732.65,18,0
41,5,23900.0,489,0.25,1,0,23000.0,12,home_improvement,800.6,62,0
62,28,83900.0,549,0.22,2,0,17500.0,24,personal,2979.92,196,0
45,16,51600.0,657,0.41,3,1,16000.0,60,debt_consolidation,2181.05,138,0
40,4,28000.0,513,0.26,2,0,5000.0,24,home_improvement,897.43,75,0
31,6,37300.0,502,0.56,3,1,11000.0,48,personal,893.13,6,0
41,6,30100.0,485,0.25,0,0,10000.0,12,personal,506.76,34,0
46,10,22300.0,473,0.49,1,0,7000.0,48,personal,760.53,72,0
37,7,15000.0,545,0.26,1,0,5000.0,48,home_improvement,459.18,76,0
33,8,34500.0,618,0.58,6,1,21000.0,60,business,1024.52,43,1
49,6,38400.0,553,0.37,3,0,12500.0,12,personal,673.0,111,0
36,1,18700.0,540,0.3,1,0,5000.0,24,business,697.43,61,0
31,8,19900.0,569,0.4,1,0,10000.0,24,home_improvement,483.63,6,0
45,18,52300.0,507,0.27,2,0,17500.0,24,debt_consolidation,1602.19,64,0
29,4,22700.0,531,0.08,0,0,13000.0,12,personal,776.95,23,0
52,24,48800.0,445,0.17,1,1,5500.0,36,personal,2026.13,125,0
39,9,25700.0,550,0.31,0,0,8500.0,24,debt_consolidation,1581.9,77,0
34,4,27300.0,464,0.29,1,1,15500.0,12,education,773.7,66,0
38,10,63700.0,539,0.28,2,0,12000.0,12,debt_consolidation,462.21,30,0
35,7,61400.0,596,0.35,3,0,8500.0,36,business,2361.8,47,0
36,5,38100.0,457,0.34,0,0,12500.0,60,home_improvement,1860.84,41,0
42,12,19800.0,351,0.36,1,0,7500.0,60,home_improvement,619.72,89,0
38,5,21800.0,443,0.44,3,1,17500.0,48,debt_consolidation,660.26,38,0
46,1,21900.0,497,0.21,2,0,5000.0,48,debt_consolidation,1016.05,147,0
33,12,37100.0,511,0.15,1,1,17000.0,24,debt_consolidation,622.38,54,0
29,3,36300.0,429,0.28,1,0,22000.0,48,debt_consolidation,1704.04,16,0
45,6,33900.0,700,0.31,1,0,5000.0,12,debt_consolidation,1016.08,54,0
37,16,19000.0,522,0.28,1,1,15000.0,24,personal,100.0,58,0
41,19,18200.0,466,0.14,1,0,6500.0,24,education,230.77,63,0
38,10,39300.0,601,0.16,1,0,13500.0,24,debt_consolidation,260.15,49,0
40,16,38200.0,526,0.19,0,0,10000.0,48,personal,349.72,138,0
31,8,35900.0,397,0.1,0,0,17500.0,12,education,908.71,38,0
30,5,25500.0,429,0.45,3,0,17500.0,48,debt_consolidation,749.67,54,1
33,5,77800.0,627,0.53,2,0,28000.0,60,home_improvement,2715.2,32,0
46,8,19800.0,407,0.36,1,0,19000.0,24,personal,612.53,125,0
27,5,16700.0,482,0.36,1,0,5000.0,24,personal,156.35,44,0
47,13,32400.0,542,0.34,1,1,13500.0,12,debt_consolidation,533.99,100,0
24,2,27500.0,406,0.26,0,0,15500.0,24,business,743.68,11,0
44,8,127300.0,573,0.04,1,0,10000.0,48,education,798.53,77,0
48,5,15500.0,516,0.18,0,0,14500.0,36,personal,648.38,81,0
49,6,28000.0,350,0.23,1,0,16000.0,60,business,404.05,78,0
29,3,21200.0,493,0.25,1,0,6500.0,12,personal,1158.78,23,0
41,10,27200.0,529,0.43,2,0,13000.0,36,personal,112.62,141,0
50,16,62600.0,619,0.09,1,0,17500.0,60,business,1429.4,115,0
32,8,31200.0,508,0.18,0,0,15000.0,12,debt_consolidation,725.04,87,0
33,6,36900.0,512,0.14,1,1,15500.0,12,personal,982.33,57,0
48,18,69500.0,652,0.18,1,0,14000.0,12,personal,236.95,126,0
30,9,26800.0,486,0.34,0,0,6000.0,24,debt_consolidation,101.52,39,0
33,8,20100.0,554,0.33,1,1,11000.0,48,personal,554.33,52,0
31,4,24400.0,489,0.56,3,0,8000.0,12,debt_consolidation,163.51,1,0
31,8,15000.0,410,0.2,1,1,5000.0,36,business,434.65,57,0
47,6,27200.0,556,0.18,0,0,6000.0,24,education,399.43,51,0
41,19,28900.0,600,0.18,1,0,15000.0,12,personal,441.76,77,0
45,12,21500.0,550,0.43,1,0,16500.0,24,business,855.08,49,0
40,14,41800.0,548,0.24,1,0,26000.0,48,debt_consolidation,1301.01,71,0
27,3,15500.0,435,0.23,0,1,5000.0,24,debt_consolidation,456.04,12,0
36,9,19100.0,473,0.15,1,0,13500.0,12,business,670.96,50,0
61,19,29300.0,554,0.19,0,0,9000.0,36,personal,528.35,208,0
28,4,20500.0,513,0.12,0,0,10000.0,48,home_improvement,702.86,14,0
42,6,38000.0,542,0.1,0,0,19500.0,60,home_improvement,1436.77,96,0
56,4,23900.0,593,0.1,1,1,14500.0,12,home_improvement,430.3,25,0
37,14,46000.0,576,0.13,1,0,5000.0,36,home_improvement,1190.56,77,0
47,12,16400.0,500,0.34,0,0,16000.0,60,education,643.32,47,0
52,11,25800.0,570,0.27,1,0,21000.0,60,debt_consolidation,451.06,105,0
31,3,21400.0,525,0.29,1,0,5000.0,36,personal,789.2,70,0
41,9,29500.0,513,0.35,4,0,8000.0,12,education,1254.37,97,0
44,14,28700.0,507,0.39,4,0,5000.0,24,personal,957.7,82,0
43,16,84600.0,582,0.23,0,0,32500.0,24,home_improvement,2673.15,114,0
48,6,34100.0,482,0.28,1,0,5500.0,12,business,1904.69,124,0
35,9,21000.0,470,0.42,6,0,8500.0,36,business,407.77,71,0
40,10,53000.0,456,0.21,2,0,16000.0,24,home_improvement,1127.25,70,0
26,5,45000.0,526,0.44,1,1,18500.0,60,business,960.85,22,0
40,5,20700.0,360,0.14,0,0,5000.0,36,debt_consolidation,621.88,144,0
21,0,15000.0,364,0.3,1,0,5000.0,60,home_improvement,629.82,36,0
42,5,25200.0,576,0.29,1,0,10000.0,12,home_improvement,960.04,41,0
36,2,28800.0,445,0.17,1,0,5000.0,24,business,849.47,64,0
32,5,15000.0,385,0.15,0,2,5500.0,12,education,462.43,50,1
43,12,39100.0,413,0.52,2,0,12000.0,12,business,669.8,29,0
45,9,63800.0,542,0.14,2,0,23500.0,36,home_improvement,2147.4,38,0
44,9,34700.0,488,0.36,0,0,5000.0,12,personal,303.78,128,1
49,11,40500.0,499,0.33,3,0,18500.0,36,business,1149.79,138,0
23,3,15000.0,455,0.31,0,0,6000.0,12,business,275.21,53,0
43,4,27900.0,531,0.08,0,0,15500.0,24,debt_consolidation,250.85,24,0
33,11,15000.0,455,0.15,0,0,7000.0,12,debt_consolidation,765.08,85,0
33,5,18200.0,575,0.17,0,1,12500.0,24,business,485.81,23,0
35,4,29100.0,545,0.44,4,0,14000.0,48,debt_consolidation,406.2,105,0
53,26,36500.0,532,0.28,0,0,5000.0,48,personal,1415.84,76,0
54,28,72200.0,608,0.2,2,0,29500.0,36,business,2922.16,201,0
48,9,32300.0,553,0.19,2,0,5000.0,24,education,1609.58,97,0
55,13,65200.0,621,0.24,0,1,21000.0,24,debt_consolidation,1118.11,118,0
51,3,27800.0,376,0.43,1,0,9500.0,12,education,451.93,237,0
35,4,21600.0,410,0.18,0,0,14500.0,60,personal,1265.83,39,0
45,9,46600.0,557,0.27,4,1,12000.0,36,personal,530.0,171,0
43,12,39800.0,598,0.07,0,1,5000.0,36,business,1223.66,82,0
33,12,37100.0,345,0.47,1,0,15500.0,60,debt_consolidation,2058.11,47,0
31,6,62100.0,604,0.01,0,0,12000.0,12,education,709.43,51,0
57,16,41500.0,607,0.21,1,0,5000.0,24,business,532.05,154,0
55,24,50800.0,517,0.11,1,0,5000.0,12,personal,314.27,40,0
55,9,41800.0,488,0.28,1,0,21500.0,36,business,2154.54,53,0
35,10,15000.0,404,0.39,2,0,23500.0,60,personal,782.2,46,0
32,3,15000.0,382,0.43,1,0,5000.0,12,business,259.96,42,0
25,2,18400.0,451,0.13,0,1,13000.0,48,personal,672.64,2,0
33,7,37000.0,446,0.31,0,1,5000.0,12,business,710.35,15,0
40,15,31700.0,474,0.21,2,0,15500.0,36,business,915.77,127,0
41,6,33500.0,504,0.4,0,0,19500.0,60,business,1160.08,60,0
39,15,53500.0,614,0.24,1,0,12000.0,48,home_improvement,2185.85,117,0
44,4,26300.0,542,0.17,1,0,21000.0,36,education,554.29,74,0
44,11,50400.0,631,0.29,2,0,20500.0,36,debt_consolidation,1311.88,68,0
50,16,31500.0,475,0.23,0,0,5000.0,24,debt_consolidation,365.53,91,0
30,3,17800.0,522,0.25,0,1,5000.0,24,personal,109.61,15,0
44,4,25400.0,549,0.23,1,0,14000.0,48,personal,421.67,68,0
34,5,37800.0,488,0.21,1,0,20500.0,12,personal,172.79,85,0
49,23,50100.0,719,0.26,0,0,16000.0,12,personal,897.84,91,0
48,8,21300.0,488,0.42,4,1,5000.0,12,home_improvement,376.45,68,0
38,15,16700.0,513,0.25,1,0,6500.0,24,home_improvement,678.6,76,0
33,4,15700.0,432,0.26,2,1,11500.0,12,education,494.58,28,0
51,12,28500.0,518,0.2,1,0,10500.0,24,personal,562.93,93,0
48,11,21700.0,569,0.15,1,0,5000.0,48,debt_consolidation,448.58,95,0
52,19,44800.0,555,0.22,1,0,13000.0,48,business,488.51,38,0
35,8,32000.0,593,0.42,2,0,12500.0,36,personal,629.9,29,0
38,3,95000.0,539,0.31,1,0,29000.0,48,personal,1218.12,56,0
60,20,56500.0,509,0.45,3,0,14000.0,36,debt_consolidation,2578.38,212,0
37,4,31300.0,569,0.12,0,0,10000.0,36,personal,950.93,44,0
45,17,38200.0,674,0.44,2,0,20000.0,36,personal,1148.85,111,0
58,2,24400.0,620,0.14,0,0,5000.0,12,personal,419.04,235,0
45,18,104600.0,752,0.19,0,0,36000.0,36,personal,2636.05,84,0
30,7,24800.0,418,0.4,0,0,5000.0,60,education,795.75,51,0
56,32,83300.0,643,0.34,3,0,21500.0,24,home_improvement,1838.57,24,0
54,3,30400.0,441,0.31,2,0,5000.0,12,business,931.37,31,0
40,3,21200.0,572,0.29,1,1,16000.0,36,business,261.07,84,0
26,3,25500.0,509,0.31,2,1,11000.0,24,personal,735.95,19,0
45,5,38900.0,545,0.49,2,0,5000.0,12,home_improvement,1216.73,28,0
45,2,49200.0,622,0.29,3,0,5000.0,60,debt_consolidation,493.3,77,0
53,19,40300.0,679,0.36,2,0,9000.0,48,business,1729.14,151,0
35,6,22000.0,481,0.13,0,0,12500.0,12,home_improvement,842.16,97,0
53,8,21000.0,448,0.07,0,2,16000.0,24,debt_consolidation,251.71,50,0
57,16,74600.0,686,0.14,1,0,16000.0,24,business,1762.58,201,0
25,1,16500.0,452,0.26,2,0,11000.0,12,business,723.4,20,0
35,7,19700.0,477,0.24,1,1,5000.0,48,personal,1124.27,72,0
44,7,19300.0,500,0.17,0,0,10500.0,48,personal,178.01,72,0
35,8,22400.0,461,0.21,2,0,9000.0,48,personal,315.84,72,0
42,12,29900.0,385,0.1,1,0,11500.0,48,personal,931.11,120,0
33,11,35400.0,496,0.2,0,0,5000.0,12,personal,1330.69,65,0
28,3,20100.0,471,0.32,1,1,7500.0,24,debt_consolidation,351.51,35,0
51,7,29400.0,620,0.23,1,0,20000.0,12,debt_consolidation,814.49,173,0
59,27,56100.0,645,0.47,2,1,24000.0,48,home_improvement,631.49,66,0
48,10,28400.0,491,0.18,1,0,17500.0,12,home_improvement,1012.52,220,0
46,20,52100.0,489,0.31,2,0,27500.0,12,debt_consolidation,1616.55,74,0
28,1,15000.0,382,0.39,2,0,5000.0,24,home_improvement,535.59,51,0
50,7,22800.0,592,0.33,2,0,9500.0,48,business,673.45,77,0
54,13,15000.0,484,0.22,0,0,8000.0,60,personal,324.16,66,0
62,20,67600.0,672,0.32,3,0,26000.0,12,business,1967.76,61,0
31,5,33200.0,538,0.06,0,0,29500.0,60,education,1416.28,36,0
45,6,26100.0,447,0.41,5,0,20500.0,12,education,653.03,68,0
46,9,56500.0,540,0.2,1,0,23000.0,60,debt_consolidation,2113.71,32,0
52,26,69000.0,611,0.18,1,1,8500.0,24,education,1567.51,97,0
49,15,41700.0,502,0.26,0,0,20500.0,24,debt_consolidation,824.1,175,0
27,4,42400.0,400,0.33,2,0,9500.0,48,debt_consolidation,1870.94,44,0
40,6,19300.0,614,0.27,2,0,5000.0,24,personal,956.01,193,0
33,6,35500.0,395,0.39,0,1,8000.0,60,debt_consolidation,675.72,6,1
36,10,49300.0,537,0.28,3,0,8500.0,48,home_improvement,223.4,118,0
33,9,29500.0,450,0.1,0,2,18500.0,36,debt_consolidation,256.41,13,0
39,11,28400.0,537,0.26,3,0,11000.0,12,home_improvement,1240.76,57,0
30,3,15000.0,491,0.49,0,0,7500.0,24,home_improvement,108.45,30,0
34,3,27800.0,452,0.31,0,1,8500.0,24,home_improvement,1102.08,48,0
30,5,15000.0,459,0.45,1,0,8000.0,24,education,513.15,71,0
40,6,21400.0,518,0.34,1,1,7000.0,24,personal,921.52,105,0
30,4,28300.0,445,0.47,5,0,20500.0,12,personal,416.64,61,0
59,17,60900.0,537,0.14,0,0,7000.0,36,home_improvement,2012.66,82,0
50,19,53500.0,727,0.35,2,0,20000.0,60,business,879.68,83,0
51,14,106900.0,679,0.21,2,0,25500.0,48,business,3732.42,112,0
32,3,33000.0,628,0.29,3,1,5000.0,12,home_improvement,1144.51,37,0
39,10,26300.0,548,0.34,2,0,12500.0,24,business,246.53,34,0
40,12,27800.0,492,0.17,1,0,5000.0,60,business,277.63,77,0
39,7,37200.0,544,0.2,1,0,20500.0,12,business,1293.42,99,0
44,4,23000.0,433,0.17,1,0,5000.0,60,education,401.61,36,0
44,2,19700.0,566,0.26,1,0,5000.0,36,business,505.85,141,0
32,4,20300.0,384,0.35,2,0,14000.0,12,home_improvement,788.09,44,0
42,4,46500.0,573,0.24,1,1,14500.0,60,home_improvement,1405.09,34,0
34,4,22900.0,563,0.21,1,0,5000.0,36,home_improvement,424.0,70,0
55,14,25400.0,507,0.25,1,0,16500.0,36,personal,756.45,118,0
65,22,60900.0,569,0.31,1,0,17000.0,36,home_improvement,828.82,117,0
26,2,20600.0,487,0.1,1,0,22500.0,36,education,277.64,21,0
28,3,24400.0,398,0.12,0,0,5000.0,60,personal,1312.17,19,0
42,9,28900.0,477,0.31,1,1,15500.0,12,education,574.93,48,0
58,12,46300.0,585,0.37,1,0,35500.0,48,debt_consolidation,594.98,175,0
30,2,17500.0,449,0.4,3,0,5000.0,48,personal,681.82,71,0
39,7,52000.0,550,0.28,2,0,12000.0,12,personal,1662.86,54,0
51,10,38900.0,578,0.7,6,0,7000.0,36,debt_consolidation,1017.85,178,0
35,13,28100.0,480,0.33,1,1,14000.0,60,personal,467.28,53,0
45,13,27900.0,487,0.22,1,1,12000.0,12,debt_consolidation,668.66,70,0
32,10,35100.0,567,0.31,2,0,18500.0,48,business,1229.0,22,0
33,4,29100.0,520,0.28,2,0,22000.0,48,home_improvement,253.36,56,0
28,0,26300.0,574,0.23,1,0,14000.0,60,personal,1326.01,42,0
40,2,15000.0,497,0.34,2,0,7500.0,36,personal,167.49,85,0
43,11,47100.0,594,0.24,3,0,26000.0,36,personal,806.79,103,0
24,3,15000.0,471,0.32,1,0,5000.0,24,personal,369.34,33,0
53,11,26100.0,547,0.31,2,0,22000.0,12,personal,815.92,148,0
37,13,31300.0,583,0.33,0,0,9500.0,12,debt_consolidation,285.46,39,0
62,29,77900.0,593,0.38,5,0,22500.0,48,home_improvement,3265.88,120,0
44,10,25000.0,567,0.22,0,0,5000.0,24,home_improvement,444.4,39,0
66,6,38900.0,559,0.16,1,0,28000.0,48,debt_consolidation,916.81,215,0
42,12,20000.0,416,0.37,1,0,9000.0,48,home_improvement,295.18,116,0
32,7,20600.0,458,0.19,1,0,5500.0,36,business,386.96,21,0
35,10,36000.0,575,0.12,0,0,18000.0,36,personal,1999.86,95,0
25,2,23000.0,445,0.17,0,1,17500.0,24,home_improvement,668.9,12,0
36,10,41700.0,512,0.14,0,0,8000.0,24,debt_consolidation,396.14,1,0
53,12,20500.0,564,0.38,2,0,11000.0,48,personal,248.31,162,0
48,10,37800.0,441,0.38,2,0,15500.0,60,personal,660.93,89,0
29,5,35600.0,504,0.12,0,0,13500.0,48,debt_consolidation,106.07,60,0
53,18,67600.0,787,0.29,2,0,5000.0,12,debt_consolidation,2911.25,162,0
23,4,18200.0,541,0.17,0,0,5000.0,24,business,658.74,31,0
28,4,25800.0,508,0.25,1,0,12000.0,48,business,745.12,32,0
31,5,15800.0,457,0.24,1,1,6500.0,60,personal,639.63,50,1
28,5,22900.0,541,0.14,0,1,15000.0,12,home_improvement,619.29,53,0
64,15,40700.0,594,0.21,2,1,13500.0,60,personal,557.2,224,0
35,4,32000.0,476,0.35,3,0,16500.0,60,personal,473.51,11,1
37,4,23400.0,427,0.38,1,0,8000.0,48,debt_consolidation,565.13,129,0
26,2,15000.0,482,0.21,0,0,5000.0,24,business,262.49,106,0
43,10,17400.0,574,0.32,1,0,5000.0,24,business,717.88,7,0
58,24,23700.0,561,0.38,4,0,23000.0,48,home_improvement,1327.05,141,0
38,6,64200.0,553,0.34,0,0,7500.0,24,home_improvement,1026.61,56,0
34,2,20900.0,618,0.22,0,0,19500.0,48,personal,683.67,34,0
51,15,25300.0,613,0.58,4,0,16000.0,12,debt_consolidation,100.0,158,0
26,2,24100.0,414,0.39,2,0,8000.0,24,business,1379.76,32,0
53,24,61700.0,493,0.55,4,0,29000.0,12,debt_consolidation,2895.87,28,1
30,6,26300.0,604,0.33,1,0,18500.0,12,debt_consolidation,141.68,41,0
27,3,45300.0,556,0.28,1,1,5000.0,12,education,1182.44,31,0
31,9,15400.0,468,0.36,3,0,5000.0,60,home_improvement,484.86,44,0
38,3,25800.0,482,0.52,1,0,14000.0,24,personal,1097.56,4,0
48,11,32400.0,503,0.2,1,0,23500.0,60,business,218.57,148,0
42,12,50200.0,698,0.24,2,0,14000.0,24,home_improvement,801.8,41,0
31,4,33100.0,410,0.17,1,1,5000.0,24,home_improvement,866.67,38,0
26,4,21300.0,385,0.06,0,0,5000.0,24,debt_consolidation,738.41,34,0
46,9,44000.0,580,0.31,2,0,8500.0,12,home_improvement,1923.7,145,0
50,21,30500.0,490,0.26,1,0,8000.0,12,home_improvement,686.62,124,0
45,14,57000.0,621,0.44,1,0,10500.0,36,home_improvement,819.64,53,0
53,13,69200.0,683,0.22,2,0,10000.0,48,debt_consolidation,2776.66,49,0
42,8,79800.0,552,0.28,2,0,18000.0,24,debt_consolidation,4079.28,60,0
42,12,40800.0,569,0.27,2,0,5000.0,36,debt_consolidation,597.48,55,0
24,1,22300.0,433,0.22,0,0,23000.0,24,business,703.56,33,0
42,18,69600.0,574,0.3,2,0,14500.0,36,home_improvement,2302.79,160,0
44,13,51300.0,570,0.14,0,1,21500.0,24,home_improvement,2177.89,43,0
39,6,45900.0,512,0.09,0,0,24000.0,48,debt_consolidation,706.57,51,0
58,18,28700.0,484,0.3,3,1,6000.0,48,education,1130.75,137,0
45,24,33900.0,426,0.16,1,0,18000.0,60,debt_consolidation,1028.15,93,0
36,7,17100.0,479,0.26,0,1,5000.0,12,personal,804.81,88,0
46,8,41800.0,440,0.41,3,0,8500.0,36,personal,2102.99,46,0
39,17,34000.0,579,0.31,0,0,5000.0,48,debt_consolidation,1423.81,106,0
38,7,23000.0,574,0.35,0,1,13000.0,24,home_improvement,460.36,38,0
53,20,32700.0,504,0.34,1,0,11500.0,60,home_improvement,1440.06,177,0
35,11,22500.0,448,0.22,2,0,8000.0,36,home_improvement,685.03,218,0
49,15,36100.0,526,0.35,1,0,12500.0,12,debt_consolidation,1231.54,143,0
46,12,15000.0,564,0.53,3,0,5000.0,48,business,719.58,167,0
43,4,22900.0,509,0.36,2,0,9500.0,12,home_improvement,1000.13,62,0
51,4,24800.0,426,0.25,1,0,14000.0,48,personal,240.67,10,0
40,12,39400.0,539,0.24,0,0,13500.0,24,debt_consolidation,828.04,101,0
39,9,41100.0,556,0.2,1,1,18000.0,36,personal,967.43,92,0
50,14,27000.0,430,0.17,0,1,13000.0,48,home_improvement,1541.13,191,0
45,4,37100.0,484,0.3,2,1,14500.0,48,personal,1142.21,78,1
27,6,23400.0,503,0.39,2,1,5000.0,12,personal,826.35,35,0
52,19,55500.0,632,0.15,0,0,11000.0,48,debt_consolidation,2174.33,199,0
36,9,26400.0,454,0.19,0,0,16000.0,24,personal,836.6,66,0
33,1,41500.0,529,0.42,1,0,26000.0,12,personal,1632.36,58,0
32,3,16000.0,536,0.23,1,1,10000.0,12,education,109.89,28,0
47,2,15000.0,503,0.1,0,1,9000.0,48,personal,211.5,89,0
36,11,35400.0,520,0.25,1,0,15500.0,36,home_improvement,1369.14,23,0
41,13,36300.0,493,0.24,2,1,14500.0,36,debt_consolidation,739.7,32,0
37,8,30500.0,541,0.16,2,1,5000.0,36,business,346.39,97,0
27,1,15000.0,485,0.39,1,0,5000.0,12,education,100.0,31,0
41,7,41900.0,412,0.11,0,0,5000.0,12,personal,1322.0,109,0
24,5,18100.0,561,0.31,1,2,5500.0,48,personal,672.63,18,0
34,3,22300.0,465,0.29,2,1,10000.0,12,debt_consolidation,1022.93,73,1
39,3,26800.0,511,0.3,1,0,28000.0,12,education,317.18,42,0
37,8,20200.0,453,0.42,2,0,17000.0,24,home_improvement,376.73,69,0
33,9,43000.0,544,0.34,0,1,6000.0,24,personal,134.34,47,0
54,22,52900.0,661,0.44,1,0,16000.0,12,education,2225.83,12,0
55,8,41200.0,502,0.43,2,0,12000.0,60,business,1270.79,122,0
33,1,23200.0,478,0.33,2,0,10500.0,36,business,748.29,23,0
57,16,83600.0,680,0.28,2,0,27000.0,36,business,2702.37,40,0
48,10,22400.0,481,0.25,0,0,5000.0,24,debt_consolidation,609.93,132,0
35,13,15400.0,407,0.2,0,0,16000.0,48,personal,179.21,78,0
28,4,19000.0,458,0.34,0,1,8000.0,36,personal,510.24,22,0
41,18,36900.0,538,0.4,2,0,11500.0,12,home_improvement,1681.66,71,0
39,13,18400.0,508,0.37,2,0,5000.0,48,debt_consolidation,743.62,36,0
50,6,20100.0,542,0.24,1,1,5500.0,48,personal,773.81,17,0
32,9,30500.0,474,0.36,1,0,5000.0,12,personal,1284.67,5,0
58,17,53200.0,554,0.6,6,0,6000.0,24,debt_consolidation,1370.69,67,0
45,11,26600.0,483,0.2,0,0,5000.0,24,home_improvement,266.71,3,0
27,4,24700.0,539,0.53,2,0,6500.0,24,education,532.62,19,0
43,12,29200.0,497,0.35,2,0,5000.0,48,business,775.51,42,0
64,40,77100.0,672,0.44,4,0,21500.0,36,home_improvement,2229.92,154,0
37,6,21400.0,563,0.08,0,0,19500.0,60,debt_consolidation,1233.03,64,0
49,22,36300.0,700,0.34,2,0,9500.0,24,business,1798.62,62,0
64,19,26300.0,511,0.32,0,0,28000.0,24,personal,896.49,207,0
41,16,66700.0,562,0.17,2,0,7000.0,48,home_improvement,2769.2,36,0
55,12,32200.0,484,0.32,4,0,5000.0,36,home_improvement,404.22,187,0
24,4,18600.0,464,0.35,0,0,5000.0,48,education,240.53,14,0
40,3,34600.0,506,0.42,2,0,25500.0,36,home_improvement,309.18,28,0
39,7,64200.0,406,0.36,0,0,18500.0,24,debt_consolidation,1905.79,98,0
36,7,20900.0,482,0.37,0,1,10500.0,36,debt_consolidation,1165.31,162,0
33,5,22000.0,550,0.38,1,0,14000.0,36,home_improvement,1139.56,74,0
46,11,47700.0,548,0.44,2,0,15000.0,48,debt_consolidation,1439.89,233,0
46,23,39100.0,494,0.04,0,0,9500.0,60,personal,1637.28,115,0
54,9,20000.0,460,0.6,6,0,7500.0,48,debt_consolidation,131.49,58,0
32,2,15000.0,414,0.25,1,0,5000.0,12,business,487.89,18,0
28,7,26000.0,442,0.25,0,1,22500.0,36,home_improvement,540.43,104,0
40,14,31000.0,548,0.14,0,0,10000.0,12,business,1448.32,121,0
36,4,31700.0,496,0.23,0,0,20500.0,36,debt_consolidation,371.83,23,0
39,18,26900.0,552,0.32,2,0,5000.0,12,home_improvement,640.59,138,0
41,4,61300.0,591,0.09,1,0,11000.0,48,debt_consolidation,2415.44,78,0
34,10,88300.0,649,0.14,1,0,20500.0,48,home_improvement,1552.64,41,0
26,3,16500.0,533,0.05,0,0,5000.0,24,personal,459.63,65,0
41,10,35600.0,468,0.3,1,0,22000.0,24,home_improvement,1356.56,95,0
35,6,17400.0,574,0.52,3,0,14000.0,36,education,807.96,16,0
54,19,28900.0,498,0.19,1,0,5000.0,12,home_improvement,1039.18,35,0
45,12,34500.0,534,0.23,1,0,17500.0,48,business,201.25,35,0
48,12,33700.0,609,0.09,0,1,18000.0,36,personal,912.11,143,0
39,4,37700.0,476,0.24,1,0,12500.0,48,debt_consolidation,1000.65,139,0
32,8,26300.0,560,0.38,1,0,10500.0,24,business,751.18,46,0
47,19,159200.0,717,0.42,5,0,48500.0,60,home_improvement,228.3,120,0
39,9,38300.0,599,0.22,2,0,6000.0,24,personal,1451.78,55,0
54,14,71700.0,548,0.39,3,0,7000.0,60,home_improvement,3529.32,60,0
37,13,34200.0,657,0.21,1,0,9500.0,24,business,1227.52,40,0
49,13,22600.0,530,0.3,2,0,5000.0,12,personal,645.81,52,0
32,3,16300.0,563,0.05,0,0,12000.0,12,debt_consolidation,100.0,39,0
57,19,37800.0,596,0.72,4,0,10500.0,36,personal,901.12,146,0
47,11,69500.0,545,0.41,2,0,27500.0,36,debt_consolidation,2276.25,66,0
31,3,18400.0,433,0.13,1,0,5000.0,12,personal,382.54,137,1
46,8,47400.0,516,0.28,2,0,14000.0,60,business,1135.3,137,0
49,15,47800.0,577,0.2,1,0,21500.0,60,personal,1782.79,133,0
42,4,15500.0,434,0.38,0,1,7000.0,24,personal,353.54,32,0
64,19,54000.0,551,0.35,1,0,19500.0,36,personal,644.39,210,0
44,14,49300.0,661,0.3,1,0,5000.0,24,personal,2463.81,124,0
43,10,26300.0,655,0.43,2,0,34000.0,24,home_improvement,528.68,8,0
32,6,49600.0,557,0.21,1,0,14000.0,48,debt_consolidation,286.27,65,0
27,3,21900.0,470,0.21,1,0,8000.0,12,education,545.89,38,0
30,3,26800.0,466,0.28,3,1,17500.0,60,personal,433.47,23,0
47,20,35700.0,674,0.13,1,0,19000.0,36,home_improvement,501.28,127,0
34,6,18800.0,515,0.26,0,0,11500.0,48,personal,757.6,62,0
47,11,45300.0,649,0.25,0,0,5000.0,48,debt_consolidation,1182.93,185,0
54,6,40400.0,602,0.13,1,0,5000.0,48,personal,816.74,102,0
27,2,15000.0,404,0.46,2,0,5000.0,24,home_improvement,322.31,22,0
60,8,23700.0,510,0.35,1,1,13000.0,60,home_improvement,1161.26,94,0
36,5,41200.0,543,0.17,1,0,12500.0,24,home_improvement,535.12,48,0
27,4,21100.0,465,0.42,2,0,5000.0,12,personal,1087.59,36,0
39,11,31000.0,578,0.24,1,1,16000.0,36,personal,1132.63,110,0
35,11,16000.0,458,0.12,0,0,6000.0,36,education,629.87,101,0
27,4,27000.0,440,0.21,0,0,5000.0,36,home_improvement,655.79,16,0
60,33,48500.0,550,0.12,1,0,28000.0,36,education,1126.93,89,0
58,20,89400.0,535,0.3,2,1,25500.0,60,education,3468.94,155,0
30,8,40500.0,531,0.29,3,0,25000.0,60,personal,203.98,86,0
36,1,15600.0,467,0.39,2,0,9500.0,24,debt_consolidation,504.68,63,0
51,18,27500.0,606,0.36,3,0,5000.0,12,home_improvement,587.75,21,0
42,9,25600.0,470,0.4,3,0,5500.0,48,personal,695.99,58,0
60,20,77500.0,539,0.01,0,1,28000.0,12,education,3664.49,57,0
40,14,29000.0,435,0.13,1,1,25000.0,24,personal,678.54,68,0
47,13,38300.0,582,0.46,3,0,20000.0,36,debt_consolidation,502.51,11,0
30,7,45000.0,592,0.13,1,0,5000.0,48,personal,439.82,65,0
50,14,23200.0,579,0.26,3,0,21000.0,48,debt_consolidation,665.2,117,0
58,7,43200.0,557,0.21,1,1,7500.0,24,personal,1349.84,70,0
56,18,54400.0,532,0.45,5,2,6500.0,24,home_improvement,2066.24,117,0
65,14,32800.0,488,0.45,3,0,18000.0,48,home_improvement,1292.47,161,0
29,7,60500.0,563,0.28,2,0,16500.0,60,debt_consolidation,2395.54,62,0
39,10,25400.0,508,0.56,2,0,5000.0,48,personal,752.97,83,0
30,5,39700.0,522,0.16,1,0,15000.0,48,debt_consolidation,1213.93,55,0
28,5,17700.0,532,0.23,1,0,13000.0,60,business,298.7,63,0
51,22,34500.0,565,0.19,1,0,5000.0,36,home_improvement,1511.19,72,0
28,7,26300.0,520,0.32,0,0,14000.0,36,business,1098.39,20,1
44,6,40500.0,464,0.12,0,0,10500.0,12,debt_consolidation,1391.98,117,0
43,14,23900.0,496,0.48,3,0,8000.0,24,home_improvement,1178.95,116,0
40,11,41200.0,536,0.26,2,1,10000.0,36,personal,1577.87,83,0
37,1,15000.0,578,0.36,2,0,5000.0,12,education,100.0,77,0
54,7,33000.0,546,0.47,4,0,5000.0,24,home_improvement,318.5,59,0
41,6,31400.0,486,0.34,1,0,15000.0,60,education,1165.32,74,0
50,15,34000.0,539,0.4,3,0,14000.0,60,home_improvement,1398.11,68,0
28,3,15000.0,430,0.05,0,0,5000.0,12,home_improvement,278.12,84,0
29,6,15000.0,507,0.29,0,0,5000.0,60,home_improvement,314.26,36,0
34,6,29900.0,448,0.3,1,0,5000.0,12,debt_consolidation,535.0,49,0
29,4,20900.0,569,0.2,0,2,5000.0,36,debt_consolidation,711.71,47,0
35,13,33000.0,527,0.27,2,0,19500.0,12,personal,769.72,73,0
24,2,27300.0,479,0.31,0,0,5000.0,24,personal,1007.81,30,0
40,5,20100.0,621,0.23,1,0,5000.0,36,business,435.63,55,0
27,2,15100.0,543,0.27,0,0,5000.0,60,personal,336.35,54,0
32,4,30700.0,584,0.09,0,0,5000.0,36,personal,833.82,31,0
33,2,19600.0,543,0.12,1,0,6500.0,24,debt_consolidation,354.08,16,0
65,24,68800.0,607,0.17,1,0,19000.0,24,home_improvement,954.69,307,0
37,2,33500.0,481,0.13,1,0,23000.0,24,education,515.06,85,0
51,23,32500.0,580,0.34,1,0,5000.0,24,debt_consolidation,420.94,120,0
47,13,51500.0,638,0.18,1,0,16500.0,36,personal,2182.99,144,0
36,6,18600.0,389,0.21,1,1,15500.0,36,personal,451.26,35,0
50,17,40300.0,546,0.19,1,0,13000.0,12,personal,668.12,74,0
48,19,50300.0,564,0.12,0,0,12000.0,48,education,542.58,106,0
42,6,19900.0,585,0.25,0,0,24000.0,24,personal,639.81,151,0
26,2,16000.0,531,0.16,0,1,8500.0,24,business,675.06,28,0
55,17,23800.0,406,0.34,4,0,5000.0,36,home_improvement,413.33,147,0
25,5,27100.0,552,0.41,0,1,10000.0,48,personal,502.72,34,0
30,1,20500.0,526,0.23,2,0,16500.0,12,education,257.91,15,0
34,9,15000.0,577,0.42,0,0,5000.0,12,personal,241.61,34,0
29,3,21700.0,590,0.22,0,1,5000.0,36,personal,329.16,48,0
34,7,16700.0,567,0.41,2,0,5000.0,12,personal,484.87,71,0
24,4,35800.0,425,0.41,2,0,5000.0,60,personal,186.17,15,0
29,3,24600.0,364,0.2,1,1,5000.0,36,home_improvement,724.94,26,0
38,9,30500.0,516,0.51,2,0,18000.0,12,business,563.54,12,0
37,11,22500.0,559,0.58,2,0,13500.0,36,business,154.7,55,0
42,16,69400.0,579,0.31,1,0,18500.0,24,debt_consolidation,3421.94,119,0
29,6,34000.0,474,0.18,1,1,5000.0,12,home_improvement,177.16,18,0
36,5,29700.0,520,0.34,0,0,10000.0,24,home_improvement,618.25,20,0
55,25,55700.0,524,0.36,2,1,18500.0,48,business,1955.1,98,0
31,8,24700.0,468,0.31,1,0,11500.0,24,home_improvement,273.4,38,0
43,1,23500.0,461,0.51,2,1,5000.0,12,home_improvement,457.28,47,0
36,3,27600.0,585,0.22,0,0,13500.0,36,personal,555.59,43,0
58,10,19900.0,487,0.42,2,0,17000.0,48,business,206.39,108,1
33,3,15000.0,530,0.34,1,0,5000.0,12,personal,329.58,90,0
56,16,63500.0,556,0.11,1,0,17500.0,12,personal,1117.0,169,0
44,13,52200.0,586,0.19,0,0,30000.0,48,personal,334.99,12,0
44,17,43200.0,536,0.3,1,1,25500.0,12,personal,1536.7,144,0
62,12,66500.0,530,0.32,3,0,19000.0,36,home_improvement,1928.72,73,0
49,9,42100.0,463,0.34,3,0,21500.0,24,debt_consolidation,1253.81,20,0
29,4,15300.0,495,0.28,0,0,5000.0,36,business,177.59,34,0
29,8,17800.0,534,0.38,1,0,9500.0,24,business,502.94,56,0
45,13,16300.0,532,0.23,0,0,20000.0,60,personal,351.78,153,1
58,13,18500.0,407,0.28,1,1,15000.0,60,personal,675.15,99,0
38,7,25400.0,592,0.44,2,0,5000.0,12,business,100.0,114,0
39,10,37000.0,493,0.44,3,0,6000.0,60,personal,2122.71,114,0
51,18,68200.0,682,0.19,1,1,29000.0,36,education,2637.53,146,0
64,26,78100.0,591,0.45,4,0,18000.0,36,business,2860.74,90,0
51,8,48700.0,503,0.28,2,0,18500.0,36,business,345.12,48,0
35,2,15000.0,546,0.51,3,0,5000.0,12,debt_consolidation,478.97,57,0
35,10,26100.0,550,0.36,0,0,10500.0,36,debt_consolidation,100.0,51,0
32,6,21000.0,595,0.37,1,0,15500.0,36,business,192.84,26,0
50,11,29600.0,437,0.55,3,0,13000.0,48,debt_consolidation,1613.52,75,0
55,23,60900.0,573,0.32,2,1,11000.0,12,personal,1602.87,53,0
44,12,52800.0,542,0.32,0,0,14000.0,48,home_improvement,750.88,61,0
39,14,18000.0,695,0.43,1,0,16500.0,12,business,266.79,95,0
55,12,15800.0,533,0.2,0,0,13000.0,12,debt_consolidation,188.13,86,0
44,12,35200.0,481,0.26,2,0,9500.0,48,home_improvement,588.67,85,0
44,14,27700.0,553,0.31,2,0,8500.0,12,home_improvement,293.65,53,0
49,11,20800.0,461,0.17,0,0,9000.0,12,business,373.59,173,0
34,3,15000.0,392,0.26,3,0,31000.0,36,business,787.17,57,0
36,8,42500.0,569,0.33,1,0,25000.0,60,home_improvement,175.14,56,0
33,4,21400.0,529,0.37,1,0,5000.0,12,home_improvement,240.82,106,0
34,9,40000.0,666,0.19,2,0,20000.0,24,business,716.49,95,0
44,19,44400.0,571,0.39,1,0,10500.0,60,personal,2051.79,37,0
50,8,23000.0,634,0.36,1,0,13500.0,60,business,308.54,60,0
40,15,20900.0,459,0.2,2,0,14000.0,60,home_improvement,821.42,81,0
43,16,21700.0,552,0.27,0,0,5000.0,36,personal,688.77,10,0
35,2,28300.0,476,0.3,1,1,8000.0,48,home_improvement,499.04,63,0
52,26,66700.0,512,0.24,1,0,18000.0,48,home_improvement,1559.52,79,0
35,6,25000.0,439,0.28,2,0,12500.0,24,personal,1171.49,141,0
35,7,26300.0,480,0.28,0,0,5000.0,48,debt_consolidation,203.46,58,0
31,4,17900.0,608,0.49,1,0,13000.0,12,debt_consolidation,577.0,55,0
38,6,37300.0,422,0.07,0,0,5000.0,24,personal,144.66,77,0
36,6,34100.0,427,0.35,1,0,14500.0,36,home_improvement,332.33,37,0
46,13,22300.0,517,0.61,4,0,15500.0,48,personal,196.08,66,0
27,7,27800.0,376,0.27,0,0,5000.0,12,debt_consolidation,580.98,54,0
29,3,20000.0,518,0.18,1,0,5000.0,24,home_improvement,115.47,80,0
29,5,27000.0,558,0.38,3,0,11000.0,36,business,116.17,26,0
33,3,39100.0,515,0.41,2,1,15500.0,60,debt_consolidation,1879.68,128,0
31,7,23600.0,454,0.31,1,0,5000.0,12,home_improvement,566.54,17,0
32,5,30400.0,387,0.54,3,0,5000.0,48,personal,614.82,58,0
57,26,51700.0,597,0.44,2,1,15000.0,36,home_improvement,1583.36,38,0
36,14,63300.0,533,0.25,2,1,31500.0,12,business,2583.22,44,0
41,5,19200.0,441,0.24,2,0,5000.0,12,debt_consolidation,647.94,88,0
44,11,23100.0,381,0.25,2,0,20000.0,12,home_improvement,1079.63,134,0
30,10,30100.0,395,0.36,1,0,19500.0,48,business,1039.54,103,0
51,16,42600.0,542,0.41,3,0,20000.0,36,home_improvement,1292.44,117,0
47,20,85300.0,591,0.31,3,0,34500.0,12,debt_consolidation,3039.36,144,0
54,23,36400.0,556,0.32,2,1,20000.0,48,debt_consolidation,1395.45,82,0
55,29,25700.0,520,0.31,2,0,21000.0,36,home_improvement,598.24,95,0
37,3,27200.0,495,0.3,0,1,9000.0,60,personal,433.55,28,0
50,2,29100.0,618,0.36,2,0,17000.0,24,home_improvement,784.22,138,0
51,9,31100.0,637,0.24,1,0,5000.0,24,debt_consolidation,100.0,10,0
45,24,35900.0,602,0.49,5,0,8000.0,12,personal,1341.15,181,0
63,20,47800.0,641,0.26,1,1,20500.0,24,personal,720.87,6,0
37,16,29600.0,477,0.4,4,0,30500.0,24,business,1612.18,89,0
45,15,28100.0,564,0.35,1,1,22000.0,12,personal,1198.78,174,0
47,14,60500.0,619,0.22,1,1,14500.0,60,home_improvement,1265.17,32,0
55,10,50100.0,522,0.33,2,0,19500.0,24,business,2205.29,62,0
33,10,40500.0,462,0.15,1,1,5000.0,12,personal,631.9,56,0
38,4,16700.0,514,0.39,2,1,5500.0,36,home_improvement,100.0,98,0
34,3,36900.0,614,0.08,0,0,19500.0,24,personal,921.08,83,0
43,18,62300.0,635,0.09,0,0,29500.0,48,home_improvement,1212.39,93,0
47,2,15000.0,507,0.32,3,0,5500.0,12,debt_consolidation,587.85,140,0
32,10,15600.0,415,0.35,2,0,5000.0,12,business,664.89,44,0
50,21,40800.0,482,0.33,2,0,16000.0,12,business,733.96,144,0
53,13,51500.0,643,0.29,3,0,8500.0,60,debt_consolidation,580.52,86,0
61,18,54900.0,589,0.4,4,0,5000.0,12,education,3128.72,116,0
33,5,34800.0,485,0.43,3,0,16000.0,36,business,1637.56,23,0
52,5,23000.0,637,0.33,2,0,9500.0,48,personal,1108.28,90,0
66,32,25600.0,645,0.29,2,0,5000.0,36,home_improvement,744.21,36,0
44,2,49000.0,637,0.3,1,0,5000.0,24,personal,1450.18,63,0
47,3,19800.0,500,0.56,1,0,5000.0,24,personal,484.31,91,0
54,10,17100.0,638,0.39,4,0,8000.0,12,debt_consolidation,202.74,33,0
36,5,20800.0,540,0.36,2,0,27500.0,60,business,377.02,34,0
45,9,27700.0,422,0.47,1,0,5500.0,24,business,1202.6,132,0
47,10,55000.0,575,0.15,0,0,16500.0,12,business,435.91,125,0
50,13,49200.0,521,0.38,3,0,16000.0,12,home_improvement,2094.52,47,0
58,3,17200.0,469,0.11,1,0,7500.0,24,personal,423.56,38,0
40,6,34400.0,554,0.49,3,0,5500.0,36,personal,101.96,67,0
34,7,22300.0,379,0.11,1,0,8000.0,60,personal,345.0,69,0
31,8,38600.0,505,0.15,1,0,5000.0,36,personal,1256.68,95,0
51,17,32800.0,502,0.19,2,1,12000.0,36,personal,158.18,119,0
41,4,15700.0,496,0.25,1,1,15000.0,12,debt_consolidation,364.61,62,0
53,11,50500.0,586,0.3,3,0,16000.0,24,home_improvement,208.17,107,0
30,4,24200.0,518,0.11,0,0,19500.0,24,home_improvement,100.0,53,0
30,3,15000.0,525,0.31,4,0,5000.0,12,home_improvement,851.67,57,0
29,2,24300.0,512,0.22,2,0,16500.0,36,debt_consolidation,340.51,74,0
34,1,28900.0,577,0.47,4,1,16500.0,48,personal,687.03,95,0
52,13,37800.0,483,0.17,0,0,14500.0,36,personal,984.67,124,0
48,17,40300.0,638,0.26,0,0,13500.0,24,business,714.57,59,0
40,1,40300.0,564,0.45,1,0,9000.0,12,personal,537.36,78,0
28,5,23400.0,422,0.18,0,2,20000.0,12,personal,174.92,35,0
53,16,26200.0,553,0.37,2,0,22500.0,36,debt_consolidation,939.24,178,0
43,18,68100.0,592,0.26,0,0,20500.0,12,debt_consolidation,2362.21,135,0
61,17,30600.0,602,0.25,2,0,11000.0,48,personal,756.41,177,0
35,1,27500.0,579,0.27,2,0,17500.0,48,education,386.54,15,0
38,9,43000.0,573,0.25,0,0,13500.0,48,education,309.7,57,0
31,5,44000.0,621,0.4,0,0,27500.0,24,education,1005.91,30,0
35,14,49200.0,579,0.17,1,1,19500.0,12,home_improvement,1581.94,36,0
53,2,29500.0,536,0.36,3,0,8500.0,48,debt_consolidation,627.62,121,0
33,8,33300.0,370,0.2,0,0,5000.0,24,education,1331.02,45,0
40,13,26300.0,602,0.25,1,1,16500.0,48,home_improvement,448.93,85,0
44,9,32300.0,489,0.27,0,1,9500.0,48,personal,268.08,84,0
35,10,31900.0,570,0.41,2,1,12500.0,60,personal,918.95,29,0
36,5,15800.0,497,0.21,1,0,5000.0,60,business,144.59,84,0
46,11,30800.0,458,0.28,2,0,19000.0,12,personal,100.0,65,0
40,14,21200.0,495,0.21,1,0,5500.0,48,education,1079.3,116,0
30,5,23700.0,551,0.18,2,0,15000.0,48,home_improvement,342.53,32,0
34,6,42100.0,566,0.23,2,0,13500.0,24,home_improvement,943.86,16,0
30,5,28200.0,553,0.19,0,1,18500.0,24,debt_consolidation,199.56,74,0
37,7,38100.0,532,0.17,2,0,13000.0,48,home_improvement,504.97,76,0
47,12,49500.0,571,0.26,3,0,5000.0,12,home_improvement,1218.63,97,0
48,20,81400.0,625,0.1,0,0,31500.0,24,personal,3181.4,80,0
34,6,23500.0,600,0.3,0,0,19000.0,24,debt_consolidation,1020.41,76,0
55,6,34700.0,575,0.29,3,0,5000.0,12,personal,526.83,73,0
56,23,38700.0,588,0.08,0,1,19000.0,24,personal,505.71,174,0
58,16,47300.0,545,0.33,2,0,7500.0,12,education,241.97,200,0
39,8,32600.0,597,0.24,2,0,19000.0,60,home_improvement,896.18,89,0
47,12,71600.0,622,0.27,2,0,30000.0,24,home_improvement,3151.63,24,0
42,14,61500.0,483,0.39,3,0,5000.0,24,home_improvement,1206.91,65,0
53,1,45200.0,616,0.47,2,1,16500.0,12,personal,1593.85,173,0
28,1,15000.0,482,0.33,1,1,5000.0,36,business,861.57,23,0
51,18,53300.0,591,0.36,4,0,13500.0,60,personal,1635.39,52,0
37,10,23500.0,480,0.4,1,0,9500.0,12,business,160.26,76,0
43,2,33100.0,461,0.19,0,1,7500.0,12,personal,730.56,96,0
46,5,33200.0,520,0.25,1,1,10500.0,36,business,130.99,75,0
39,10,35700.0,490,0.31,3,0,5000.0,36,personal,843.07,93,0
52,17,48700.0,539,0.43,1,0,6000.0,60,debt_consolidation,1903.78,95,0
31,2,16500.0,525,0.18,1,0,10500.0,12,home_improvement,527.0,26,0
33,7,36100.0,518,0.13,0,1,5000.0,36,education,264.15,31,0
26,2,19800.0,496,0.15,1,0,16500.0,36,personal,598.28,38,0
35,8,16700.0,366,0.15,0,0,7500.0,12,home_improvement,594.85,22,0
41,5,34800.0,518,0.29,1,0,5000.0,12,business,1847.41,87,0
53,18,52600.0,623,0.27,2,0,17000.0,36,debt_consolidation,2447.93,82,0
31,4,15000.0,390,0.38,0,0,12500.0,24,business,710.99,39,0
43,9,40200.0,630,0.16,0,0,26000.0,48,home_improvement,1411.81,91,0
32,2,18800.0,538,0.37,1,0,5000.0,36,personal,451.14,33,0
36,5,35600.0,542,0.3,1,1,19000.0,36,home_improvement,686.37,83,0
56,11,25600.0,651,0.37,0,0,10000.0,24,personal,690.82,43,0
45,17,32200.0,518,0.32,2,0,17000.0,36,personal,688.96,120,0
35,7,16300.0,421,0.29,0,1,7500.0,36,home_improvement,245.69,31,1
45,9,41700.0,549,0.19,0,0,23000.0,24,business,2259.77,112,0
31,6,20500.0,457,0.29,2,0,5000.0,12,business,308.97,44,0
27,3,15700.0,401,0.27,0,0,15500.0,48,debt_consolidation,513.53,25,0
40,5,65400.0,595,0.52,4,0,17500.0,36,education,1425.13,19,0
50,11,27100.0,407,0.7,4,0,12000.0,36,home_improvement,669.1,53,0
52,17,24900.0,528,0.41,0,0,20500.0,48,debt_consolidation,1022.0,139,0
35,7,17100.0,391,0.31,1,0,5000.0,36,personal,695.78,10,0
47,4,39500.0,489,0.55,4,0,7500.0,24,debt_consolidation,356.26,104,0
58,34,36500.0,547,0.15,1,0,5000.0,60,business,654.79,138,0
60,11,52300.0,694,0.06,0,0,15500.0,60,personal,2397.02,206,0
35,5,21100.0,435,0.45,1,0,15000.0,36,personal,567.11,60,0
40,6,23200.0,563,0.28,1,1,5000.0,24,home_improvement,294.58,63,0
43,13,57400.0,661,0.33,0,0,22000.0,12,home_improvement,603.22,112,0
35,14,34700.0,432,0.16,0,1,6500.0,12,debt_consolidation,329.82,77,0
31,4,28000.0,414,0.13,1,0,19500.0,48,business,1499.11,48,0
54,22,19600.0,628,0.29,1,0,5000.0,48,business,684.98,14,0
48,19,41000.0,448,0.12,1,0,12500.0,36,education,1144.41,120,0
43,14,31500.0,446,0.25,1,0,5000.0,60,personal,100.0,15,0
50,24,56700.0,626,0.21,0,0,15000.0,48,debt_consolidation,2691.3,119,0
27,5,23500.0,357,0.68,4,0,22000.0,12,home_improvement,222.08,72,1
51,6,28300.0,592,0.26,1,1,29500.0,12,home_improvement,569.95,126,0
57,22,44100.0,575,0.27,0,0,5000.0,60,debt_consolidation,663.22,139,0
26,4,30200.0,456,0.22,0,0,6000.0,36,debt_consolidation,564.42,28,0
49,9,55500.0,465,0.37,3,1,25000.0,48,personal,2458.51,152,0
39,5,26900.0,465,0.43,2,0,5000.0,12,home_improvement,1038.98,105,0
24,3,47200.0,503,0.15,0,0,16500.0,36,personal,2255.05,58,0
42,5,16300.0,579,0.32,1,0,20500.0,36,personal,626.71,68,0
48,8,35000.0,553,0.17,1,0,12000.0,48,personal,1866.51,190,0
36,9,78500.0,436,0.32,1,1,31000.0,36,personal,2553.72,132,0
62,11,44100.0,549,0.42,3,1,21500.0,48,home_improvement,1173.41,107,0
65,23,58100.0,602,0.19,0,0,9000.0,24,personal,1588.45,216,0
32,5,27300.0,482,0.18,1,1,5000.0,24,personal,875.81,63,0
46,18,65200.0,623,0.44,3,0,9000.0,12,home_improvement,887.57,27,0
42,10,44700.0,570,0.22,1,0,5000.0,12,home_improvement,498.01,131,0
42,5,30900.0,482,0.39,2,1,17000.0,12,business,189.66,54,0
50,16,39000.0,465,0.25,2,0,5000.0,48,business,439.87,23,0
25,2,18400.0,380,0.25,1,0,5000.0,24,business,420.1,56,0
34,8,21700.0,519,0.27,1,0,18500.0,24,debt_consolidation,614.06,29,0
46,1,27300.0,500,0.08,0,1,14500.0,12,personal,814.59,92,0
45,3,35400.0,577,0.29,1,0,30000.0,60,home_improvement,745.75,57,0
25,2,15000.0,384,0.28,1,0,25500.0,60,business,181.6,43,0
56,18,19900.0,310,0.21,1,0,5000.0,36,business,315.3,124,0
48,12,57000.0,589,0.24,3,0,30500.0,12,home_improvement,694.83,126,0
51,6,22900.0,530,0.2,0,0,5000.0,12,business,139.25,160,0
33,2,17900.0,386,0.26,0,0,5500.0,24,education,310.5,74,0
30,4,22600.0,404,0.28,0,0,14000.0,36,business,116.36,13,0
51,11,23900.0,553,0.29,1,0,5000.0,12,business,320.04,21,0
63,33,85700.0,572,0.51,2,1,19500.0,36,home_improvement,4793.72,180,0
30,6,26700.0,560,0.12,0,1,11500.0,24,home_improvement,1027.35,73,0
50,25,35200.0,503,0.13,1,0,13000.0,60,personal,508.59,83,0
39,12,19500.0,451,0.31,1,1,5000.0,36,home_improvement,175.56,72,0
28,7,30300.0,546,0.23,0,0,13000.0,36,education,851.99,24,0
66,17,42200.0,680,0.34,1,0,18000.0,12,personal,861.92,210,0
43,7,21400.0,402,0.31,3,0,12000.0,24,personal,940.5,56,0
29,5,20100.0,491,0.26,0,0,5000.0,60,personal,821.45,30,0
34,7,31800.0,452,0.37,3,0,9000.0,24,home_improvement,1068.38,125,0
48,12,24500.0,570,0.34,2,0,18500.0,36,debt_consolidation,762.12,87,0
65,2,35200.0,412,0.11,0,0,15500.0,24,personal,1574.78,188,0
42,10,16700.0,638,0.39,2,0,5000.0,60,personal,622.52,27,0
33,1,15000.0,494,0.25,0,0,5000.0,24,personal,483.99,56,0
48,6,29300.0,495,0.3,1,0,15500.0,48,business,1114.6,154,0
29,4,31700.0,503,0.2,0,0,5000.0,12,personal,183.4,88,0
30,4,60800.0,529,0.19,0,0,22000.0,48,personal,1585.22,57,0
35,10,28900.0,436,0.46,4,0,18000.0,24,business,694.61,47,0
40,16,51300.0,514,0.44,1,0,36500.0,48,business,1846.69,81,0
58,19,53800.0,577,0.31,3,0,19000.0,12,personal,824.1,89,0
46,10,34200.0,471,0.48,3,0,16500.0,48,home_improvement,527.67,28,0
45,10,60700.0,530,0.26,1,0,11000.0,12,home_improvement,2045.36,46,0
32,3,35800.0,409,0.44,1,0,12500.0,36,business,1133.87,67,0
37,10,47900.0,518,0.28,2,0,14000.0,48,personal,1640.43,26,0
39,11,28600.0,432,0.31,0,1,21000.0,48,business,858.02,54,0
60,5,35100.0,541,0.18,1,0,5000.0,12,education,876.76,207,0
28,1,35700.0,603,0.07,0,1,18500.0,36,debt_consolidation,1788.96,25,0
56,8,34100.0,511,0.27,0,1,17000.0,36,personal,726.1,126,0
38,11,39400.0,608,0.29,0,0,11000.0,60,debt_consolidation,1906.62,133,0
48,21,32700.0,483,0.23,1,0,5000.0,12,education,567.51,103,0
38,2,15000.0,578,0.21,0,0,19500.0,24,home_improvement,752.08,14,0
60,6,20700.0,452,0.21,1,0,11500.0,24,personal,385.71,216,0
45,13,31400.0,471,0.2,0,1,12500.0,24,personal,1514.33,76,0
57,21,42000.0,571,0.07,0,0,14000.0,24,debt_consolidation,1055.51,168,0
47,19,37600.0,534,0.5,3,0,19500.0,48,debt_consolidation,806.97,121,0
44,7,15000.0,582,0.37,2,1,7500.0,12,home_improvement,266.02,110,0
35,4,34000.0,491,0.16,0,1,11500.0,12,debt_consolidation,1290.58,52,0
26,3,21300.0,443,0.11,0,0,12500.0,36,personal,609.31,43,0
25,5,33500.0,612,0.37,0,0,6500.0,24,debt_consolidation,319.07,23,0
55,8,27300.0,555,0.31,3,0,17000.0,12,home_improvement,318.07,144,0
29,8,36300.0,546,0.1,0,0,15500.0,36,education,1626.29,21,0
40,19,37400.0,482,0.21,0,0,5000.0,24,debt_consolidation,1023.97,100,0
40,8,30200.0,553,0.19,0,0,13500.0,60,personal,1216.77,106,0
39,3,17800.0,522,0.17,0,0,5000.0,36,personal,509.02,21,0
63,12,23200.0,575,0.43,4,0,9500.0,24,education,602.3,228,0
46,11,27800.0,559,0.27,0,0,8500.0,24,personal,384.14,86,0
42,10,34900.0,611,0.34,2,0,25500.0,60,business,1394.75,49,0
56,14,82300.0,655,0.16,1,0,30000.0,36,home_improvement,3068.67,131,0
35,10,30700.0,469,0.23,1,0,9000.0,12,personal,526.59,17,0
34,5,25200.0,415,0.25,0,0,5000.0,60,debt_consolidation,1146.7,61,0
47,7,47100.0,415,0.16,0,0,13500.0,12,education,1436.3,70,0
52,6,44500.0,600,0.06,0,0,21500.0,12,home_improvement,1594.52,150,0
42,11,31400.0,360,0.07,0,0,11000.0,60,debt_consolidation,1668.95,93,0
52,12,43700.0,513,0.25,0,1,10500.0,36,personal,1334.03,75,0
39,15,26000.0,568,0.56,3,1,5000.0,24,business,646.78,85,0
65,34,48700.0,488,0.06,0,0,15000.0,24,home_improvement,767.69,155,0
36,9,17000.0,379,0.47,2,0,16000.0,12,personal,100.0,80,0
60,33,29600.0,602,0.3,3,0,29000.0,36,home_improvement,681.01,105,0
52,14,32300.0,591,0.32,3,0,5000.0,12,home_improvement,716.39,54,0
39,19,37200.0,430,0.33,1,0,5000.0,36,home_improvement,1335.75,33,0
57,26,45000.0,486,0.33,2,1,10500.0,36,home_improvement,178.68,161,0
52,7,15000.0,651,0.27,2,0,7000.0,60,business,334.28,157,0
46,10,55500.0,471,0.5,3,0,20500.0,12,business,2022.82,174,0
60,12,26300.0,716,0.06,0,0,10500.0,24,personal,826.09,59,0
35,8,37900.0,531,0.33,2,0,9000.0,48,debt_consolidation,599.98,66,0
27,3,45900.0,553,0.33,1,1,16500.0,24,home_improvement,2017.29,47,0
58,19,49200.0,614,0.43,3,0,29500.0,48,home_improvement,1209.09,138,0
27,1,18900.0,502,0.24,0,0,5000.0,36,personal,272.76,30,0
28,8,22100.0,462,0.39,2,0,11500.0,48,debt_consolidation,783.19,20,0
43,4,24200.0,569,0.3,0,0,5000.0,12,debt_consolidation,689.84,46,0
51,11,69000.0,609,0.21,1,0,34500.0,24,personal,1121.53,104,0
62,24,53400.0,573,0.18,2,0,18000.0,12,debt_consolidation,960.15,23,0
37,12,34200.0,532,0.19,2,1,11500.0,36,personal,1161.33,36,0
59,2,16400.0,595,0.36,0,0,11000.0,24,home_improvement,455.67,174,0
42,7,15000.0,568,0.37,1,0,21000.0,48,home_improvement,100.0,15,0
39,5,20000.0,520,0.23,1,0,5000.0,24,personal,343.8,50,0
49,15,24000.0,555,0.19,1,1,9500.0,48,business,479.01,140,0
39,6,39000.0,386,0.2,0,1,16000.0,48,debt_consolidation,832.44,90,0
39,7,29600.0,582,0.26,0,0,5500.0,24,business,1455.54,122,0
39,3,22200.0,435,0.29,0,2,18500.0,12,personal,733.55,103,1
29,3,15000.0,410,0.34,1,0,5000.0,36,home_improvement,383.86,87,0
31,3,19000.0,437,0.22,1,0,5000.0,48,debt_consolidation,378.93,45,0
47,10,15000.0,484,0.47,2,1,5000.0,36,personal,203.85,43,0
39,16,44500.0,458,0.28,0,0,5000.0,36,personal,1144.3,96,0
27,3,22900.0,566,0.41,1,1,14000.0,24,home_improvement,839.73,13,0
33,6,15000.0,442,0.08,0,2,7500.0,36,debt_consolidation,667.09,76,0
37,7,38000.0,585,0.22,0,1,29500.0,60,debt_consolidation,651.38,151,0
39,15,37000.0,522,0.19,1,0,28500.0,48,business,749.57,46,0
41,10,15800.0,538,0.29,0,0,12500.0,12,home_improvement,157.09,71,0
44,3,47100.0,623,0.32,4,0,20500.0,12,home_improvement,353.36,165,0
28,7,15000.0,439,0.22,0,0,5000.0,24,home_improvement,410.04,113,0
49,13,29500.0,519,0.57,5,1,11000.0,12,home_improvement,521.13,95,0
40,4,27200.0,455,0.07,0,0,34500.0,48,education,151.96,132,0
35,2,18800.0,457,0.22,0,2,5000.0,12,personal,331.24,32,0
22,1,18400.0,514,0.22,1,0,5000.0,36,debt_consolidation,552.48,49,0
39,11,37400.0,644,0.25,2,0,10000.0,12,home_improvement,591.2,66,0
44,13,91900.0,615,0.05,0,1,46000.0,60,business,683.11,108,0
28,2,15000.0,572,0.13,0,0,5000.0,60,debt_consolidation,290.38,35,0
64,17,54300.0,548,0.35,1,0,23500.0,48,debt_consolidation,1981.45,131,0
29,7,26300.0,573,0.3,1,0,5000.0,12,home_improvement,685.62,51,0
39,3,41400.0,487,0.37,2,0,10000.0,36,home_improvement,1508.92,31,0
45,13,20600.0,475,0.43,2,1,15500.0,12,personal,705.61,107,0
47,3,40100.0,517,0.41,2,0,14000.0,24,personal,531.61,36,0
22,1,15000.0,378,0.23,0,0,7500.0,60,home_improvement,635.25,40,0
43,6,48200.0,465,0.15,1,0,8500.0,24,home_improvement,655.78,97,0
27,3,15000.0,420,0.41,0,1,5000.0,60,personal,112.71,38,0
47,12,18800.0,431,0.22,0,0,14500.0,48,home_improvement,513.25,71,0
46,12,15000.0,475,0.23,0,0,5000.0,48,home_improvement,259.54,47,0
45,16,56500.0,632,0.27,3,0,11000.0,24,home_improvement,1622.19,136,0
31,8,18200.0,499,0.19,1,0,13000.0,12,home_improvement,789.92,50,0
36,13,19600.0,495,0.44,2,0,10000.0,24,personal,190.42,90,0
44,2,15000.0,479,0.22,1,0,5000.0,12,personal,443.07,109,0
60,1,29600.0,489,0.35,4,0,12000.0,24,debt_consolidation,612.46,92,0
46,15,55300.0,585,0.31,4,0,25000.0,12,home_improvement,565.21,77,0
35,7,15000.0,470,0.36,1,0,11000.0,48,education,108.27,53,0
32,5,46500.0,482,0.15,1,0,14000.0,48,home_improvement,210.65,105,0
24,3,51100.0,494,0.39,2,0,11500.0,12,home_improvement,2114.53,20,0
58,16,42200.0,622,0.21,2,0,9000.0,12,home_improvement,1232.29,74,0
53,9,43700.0,601,0.1,0,1,27500.0,24,debt_consolidation,1386.84,121,0
37,11,18400.0,527,0.32,0,0,11000.0,12,education,1080.92,15,0
26,4,15000.0,442,0.19,2,1,16500.0,36,personal,229.01,40,0
31,2,24800.0,476,0.34,1,0,5000.0,12,business,991.45,38,0
37,7,29500.0,410,0.21,2,1,6000.0,36,debt_consolidation,928.0,13,1
50,12,38800.0,602,0.37,2,0,17500.0,12,debt_consolidation,100.0,133,0
33,7,21200.0,524,0.49,2,0,5000.0,60,home_improvement,837.1,16,0
51,16,24800.0,575,0.36,2,0,12000.0,12,debt_consolidation,329.68,89,0
52,15,45300.0,394,0.21,2,1,13500.0,36,debt_consolidation,1579.29,29,0
23,4,36900.0,587,0.41,4,0,16000.0,12,business,430.26,18,0
61,17,58600.0,634,0.15,1,0,15500.0,12,personal,366.56,85,0
31,6,40400.0,528,0.32,1,1,18000.0,60,personal,521.03,31,0
52,18,32400.0,523,0.34,1,0,6000.0,60,business,534.68,24,0
37,7,54200.0,413,0.18,1,0,12500.0,48,personal,1143.03,103,0
54,1,26600.0,531,0.1,0,0,12000.0,48,personal,973.08,54,0
36,10,22800.0,434,0.11,0,0,6000.0,48,personal,331.57,50,0
34,11,25100.0,403,0.17,0,1,17500.0,36,personal,912.77,48,0
30,6,45300.0,541,0.22,1,0,5000.0,60,personal,1338.65,47,0
43,8,36100.0,402,0.42,0,0,5000.0,60,business,1788.84,80,0
45,11,27500.0,555,0.26,1,0,18500.0,48,business,1171.92,66,0
47,8,26900.0,495,0.29,0,0,5000.0,12,home_improvement,430.44,102,0
41,2,18100.0,447,0.47,1,0,18000.0,24,business,951.73,64,1
39,7,33200.0,719,0.5,3,0,28000.0,60,business,1505.42,62,0
46,6,57200.0,577,0.18,0,0,31000.0,48,education,1718.9,84,0
33,5,24800.0,507,0.3,0,0,16000.0,36,personal,903.64,56,0
33,3,17600.0,608,0.15,0,0,5000.0,36,home_improvement,525.79,16,0
67,6,38400.0,528,0.5,4,0,19500.0,36,business,1489.38,171,0
50,9,34400.0,487,0.2,1,1,13500.0,24,personal,1197.42,123,0
60,3,42100.0,556,0.12,1,1,6500.0,24,personal,1267.89,205,0
36,3,27200.0,447,0.15,1,0,21500.0,36,education,244.44,68,0
41,15,15000.0,602,0.38,1,0,8000.0,60,business,248.56,51,0
47,19,40600.0,498,0.2,0,1,5000.0,12,home_improvement,1681.65,71,0
25,4,48700.0,532,0.37,5,1,26000.0,36,personal,1769.07,48,0
48,1,64000.0,556,0.58,4,0,17500.0,48,home_improvement,2091.01,166,0
44,13,26300.0,485,0.19,1,0,10500.0,24,home_improvement,1213.47,77,0
29,8,26500.0,494,0.25,3,0,26500.0,36,personal,213.76,44,0
32,3,23100.0,468,0.32,2,0,11500.0,12,debt_consolidation,438.17,19,0
32,13,43100.0,543,0.17,1,0,5000.0,48,home_improvement,164.77,51,0
28,5,18600.0,479,0.32,2,0,5000.0,60,personal,664.77,37,0
34,8,31300.0,511,0.16,0,0,5500.0,12,home_improvement,1033.52,92,0
38,14,49500.0,594,0.16,2,0,16500.0,36,business,2436.35,77,0
51,21,31600.0,487,0.3,1,1,5000.0,24,home_improvement,504.93,116,0
40,11,17600.0,389,0.29,2,0,5000.0,36,home_improvement,579.93,116,0
67,10,28800.0,729,0.09,0,1,5000.0,36,education,657.12,167,0
29,2,20400.0,512,0.35,1,0,5000.0,36,personal,530.0,53,0
54,17,43100.0,474,0.24,1,0,5500.0,12,business,1612.61,112,0
32,12,29200.0,524,0.12,0,1,5000.0,12,personal,803.33,37,0
37,11,16800.0,558,0.16,0,0,7500.0,48,debt_consolidation,372.42,9,0
43,16,26800.0,430,0.53,2,1,22500.0,48,education,819.98,77,0
21,0,20000.0,471,0.07,0,0,5000.0,48,home_improvement,568.28,16,0
29,5,35000.0,402,0.32,3,0,5000.0,24,personal,824.38,81,0
30,2,30500.0,419,0.16,2,0,10000.0,24,personal,970.39,85,0
23,1,26200.0,444,0.18,0,1,5000.0,24,education,716.66,11,0
45,14,31000.0,465,0.25,1,0,18500.0,48,education,1037.13,81,0
29,2,17300.0,577,0.32,1,1,5000.0,60,education,907.94,50,0
28,2,19800.0,485,0.25,2,0,5000.0,24,personal,811.39,35,0
27,4,15000.0,521,0.14,1,1,18000.0,12,business,153.32,34,0
42,7,32100.0,501,0.47,5,0,17500.0,60,debt_consolidation,1182.71,65,0
42,10,44700.0,430,0.13,1,0,5000.0,24,home_improvement,824.36,107,0
26,1,19600.0,450,0.28,2,0,14000.0,36,personal,612.82,61,0
42,7,20900.0,623,0.29,1,0,6000.0,36,personal,281.43,89,0
45,7,19300.0,541,0.36,1,0,5000.0,36,business,771.04,84,0
42,2,22900.0,509,0.31,0,0,10000.0,12,business,246.62,33,0
45,7,17700.0,532,0.27,2,0,5000.0,12,personal,680.43,92,0
41,18,46200.0,526,0.13,1,1,11500.0,24,debt_consolidation,956.17,64,0
43,9,27300.0,479,0.42,2,0,7500.0,12,business,1494.46,90,0
26,5,25200.0,425,0.36,0,0,7000.0,24,debt_consolidation,681.06,44,0
22,2,24800.0,528,0.2,0,0,8500.0,60,home_improvement,1071.27,24,0
55,11,15900.0,620,0.24,0,0,5000.0,36,home_improvement,366.46,128,0
45,16,61500.0,580,0.31,0,1,32000.0,12,debt_consolidation,1496.99,4,0
50,17,21600.0,561,0.2,2,0,14000.0,48,home_improvement,496.87,17,0
64,8,82000.0,574,0.4,2,0,12000.0,12,personal,2030.19,209,0
52,13,24300.0,560,0.36,0,1,31000.0,24,debt_consolidation,192.8,68,0
50,17,30600.0,618,0.27,1,0,7500.0,60,personal,588.69,43,0
56,2,21500.0,462,0.37,3,0,12500.0,48,home_improvement,1102.87,73,0
50,15,51500.0,528,0.38,1,0,22000.0,24,personal,1509.05,130,0
32,2,39000.0,402,0.23,0,0,14000.0,48,home_improvement,1367.3,8,0
47,19,59900.0,553,0.29,3,1,18000.0,12,personal,1134.86,59,0
47,9,36800.0,489,0.19,0,1,5000.0,60,education,1136.5,105,0
30,8,22400.0,424,0.34,1,0,14500.0,36,business,398.75,138,0
30,1,15000.0,471,0.29,1,2,13500.0,12,education,583.81,1,1
55,9,34500.0,504,0.18,1,0,22000.0,12,business,430.43,106,0
53,15,71100.0,629,0.04,0,1,18000.0,36,business,2399.24,125,0
43,12,45800.0,550,0.41,3,0,20500.0,24,personal,881.84,91,0
59,24,52000.0,590,0.3,1,0,17500.0,48,personal,1663.03,98,0
31,2,20000.0,473,0.32,2,0,5000.0,60,home_improvement,301.69,47,0
39,5,52100.0,550,0.21,1,1,5000.0,24,personal,320.62,47,0
29,1,22200.0,402,0.17,1,0,5000.0,24,education,502.49,45,0
32,12,41700.0,508,0.36,1,0,5000.0,36,personal,2326.58,96,0
49,6,32400.0,537,0.2,1,0,17000.0,48,personal,930.43,92,0
47,11,45500.0,640,0.42,3,0,5000.0,12,education,1202.74,91,0
54,24,47400.0,559,0.34,2,0,20000.0,60,business,344.93,101,0
40,11,39400.0,545,0.48,6,0,25000.0,48,education,425.64,72,0
44,15,26900.0,521,0.25,0,0,21000.0,12,debt_consolidation,1580.47,93,0
33,5,19500.0,528,0.32,2,1,18000.0,24,personal,468.91,41,0
30,6,18800.0,426,0.23,1,0,5000.0,24,home_improvement,816.37,71,0
39,4,16800.0,422,0.49,1,0,21500.0,60,personal,243.7,40,0
46,9,18400.0,542,0.41,1,2,9000.0,12,business,817.18,96,0
37,6,31300.0,503,0.21,0,0,5000.0,24,personal,1294.29,71,0
36,10,29800.0,542,0.27,1,0,28000.0,60,business,899.87,82,0
36,2,16100.0,500,0.21,1,0,5000.0,24,business,462.93,47,0
40,5,17400.0,501,0.19,1,0,5000.0,24,home_improvement,128.14,111,0
40,9,15000.0,497,0.13,0,0,9000.0,48,business,261.45,4,0
31,9,26600.0,467,0.39,2,0,5000.0,36,home_improvement,466.03,65,0
39,12,28400.0,446,0.14,1,0,17000.0,36,home_improvement,699.71,42,0
30,7,34000.0,551,0.31,2,0,7000.0,24,education,1479.21,51,0
38,1,25300.0,577,0.25,0,0,18500.0,60,home_improvement,630.82,69,0
36,8,21200.0,555,0.28,2,0,6000.0,12,home_improvement,580.38,17,0
62,15,82400.0,570,0.25,1,0,14500.0,48,debt_consolidation,1313.56,137,0
24,1,37400.0,527,0.28,2,1,9000.0,48,home_improvement,823.68,25,0
40,3,45000.0,514,0.4,1,1,15000.0,24,business,494.64,90,0
27,4,18200.0,481,0.57,4,0,7000.0,24,debt_consolidation,375.75,23,0
41,7,74600.0,554,0.14,0,0,37000.0,48,home_improvement,2762.09,62,0
44,17,63900.0,465,0.23,2,0,16500.0,48,home_improvement,3326.31,62,0
54,10,30400.0,707,0.26,2,0,5000.0,24,personal,175.29,87,0
44,7,47500.0,497,0.23,2,0,28500.0,60,business,160.75,44,0
50,14,26100.0,478,0.3,1,1,10000.0,24,debt_consolidation,511.49,102,0
42,3,38200.0,562,0.17,1,0,8000.0,48,business,1093.3,91,0
48,16,88300.0,609,0.47,2,0,17000.0,12,personal,2321.44,55,0
35,12,24100.0,541,0.44,1,0,9000.0,12,personal,391.56,68,0
43,4,38900.0,594,0.26,1,0,24500.0,24,personal,1746.56,85,0
44,6,32900.0,450,0.27,1,0,15000.0,24,business,854.29,137,0
57,26,58100.0,467,0.28,1,1,17500.0,48,education,642.44,79,0
61,35,28400.0,472,0.12,0,0,10500.0,12,personal,901.8,203,0
42,4,27300.0,600,0.2,2,0,12500.0,36,debt_consolidation,339.3,98,0
30,2,27800.0,483,0.45,2,0,15500.0,36,personal,751.42,13,0
45,14,38800.0,437,0.24,0,1,15000.0,48,personal,1712.37,123,0
52,12,27200.0,553,0.19,1,0,16000.0,60,debt_consolidation,702.47,218,0
46,7,28700.0,501,0.25,1,0,24000.0,24,business,151.42,126,0
33,2,38000.0,333,0.22,3,0,13000.0,12,debt_consolidation,802.78,51,0
38,15,21800.0,394,0.35,0,0,6500.0,24,home_improvement,566.77,60,0
35,12,16800.0,376,0.5,1,0,8000.0,24,debt_consolidation,173.34,43,0
25,6,17000.0,591,0.22,0,0,12500.0,24,personal,100.0,65,0
50,9,26500.0,518,0.29,1,0,5000.0,12,personal,854.38,43,0
40,14,67300.0,502,0.41,3,1,19000.0,12,debt_consolidation,3625.1,42,0
36,9,44500.0,520,0.51,2,1,5000.0,36,home_improvement,1908.9,30,0
33,5,24800.0,659,0.39,3,0,9000.0,12,education,316.38,27,0
28,3,29300.0,443,0.33,0,0,24000.0,24,business,761.38,25,0
35,4,30900.0,438,0.3,0,0,5000.0,12,personal,748.49,31,0
41,7,27600.0,584,0.31,1,0,15500.0,60,personal,556.42,44,0
53,20,15200.0,421,0.24,2,0,6000.0,12,personal,257.75,54,0
42,3,15000.0,531,0.22,1,0,5000.0,12,business,289.59,89,0
27,2,21800.0,476,0.2,1,0,11000.0,12,education,252.94,21,0
45,6,32800.0,387,0.37,1,2,20500.0,48,education,483.72,99,0
55,22,49400.0,650,0.53,6,0,21500.0,48,education,636.43,172,0
30,5,31900.0,529,0.49,1,0,10000.0,36,personal,905.24,53,0
41,10,26000.0,544,0.25,0,1,7500.0,12,home_improvement,1166.18,80,0
40,4,15000.0,528,0.24,0,0,23500.0,12,personal,459.44,38,0
32,13,27600.0,590,0.35,1,0,25000.0,24,personal,377.13,57,0
29,4,29800.0,467,0.35,0,0,7500.0,36,personal,797.65,15,0
46,4,38900.0,631,0.29,1,0,11500.0,12,personal,873.57,51,0
36,6,42500.0,505,0.31,1,0,21000.0,12,education,1561.85,61,0
41,14,58300.0,619,0.21,2,1,26500.0,36,home_improvement,1326.97,105,0
31,7,17900.0,461,0.2,1,1,17500.0,12,personal,171.59,50,0
42,10,31600.0,550,0.38,2,0,13500.0,60,business,659.87,58,0
36,5,22100.0,491,0.37,1,0,5000.0,24,personal,669.01,45,0
32,4,28000.0,488,0.27,0,0,16500.0,36,personal,323.59,67,0
29,8,31000.0,659,0.24,1,0,8500.0,24,home_improvement,694.13,46,0
50,9,24300.0,473,0.17,1,0,12000.0,60,business,427.54,63,0
34,6,19500.0,637,0.35,3,0,6000.0,48,debt_consolidation,459.98,68,0
32,3,20600.0,529,0.46,1,1,12500.0,12,business,743.12,18,0
41,2,24300.0,491,0.29,1,0,16500.0,36,debt_consolidation,1082.27,119,0
50,21,64600.0,586,0.48,2,0,28000.0,48,personal,3361.34,57,0
54,19,32800.0,435,0.21,2,0,5000.0,24,business,226.68,30,0
51,25,37500.0,638,0.64,4,0,22000.0,12,home_improvement,1031.01,43,0
41,6,18800.0,573,0.36,3,0,15500.0,60,debt_consolidation,504.94,52,0
31,7,15000.0,490,0.44,0,0,12500.0,60,personal,222.4,29,0
36,15,40500.0,546,0.32,0,0,11000.0,60,home_improvement,819.88,70,0
32,6,16900.0,572,0.2,1,0,17500.0,48,home_improvement,104.48,33,0
41,11,27500.0,525,0.4,1,0,21000.0,48,home_improvement,777.1,121,0
49,21,28500.0,585,0.4,4,0,16500.0,12,debt_consolidation,585.36,45,0
31,4,31800.0,528,0.21,1,0,16500.0,60,personal,587.46,17,0
47,9,27200.0,564,0.43,1,0,6000.0,24,education,677.84,48,0
38,8,33300.0,586,0.35,3,0,21000.0,60,education,1364.13,86,0
37,9,18300.0,415,0.05,0,1,11000.0,60,home_improvement,100.0,52,0
43,10,33600.0,391,0.56,4,1,20500.0,60,personal,1101.72,103,1
39,8,30600.0,577,0.3,1,0,9500.0,24,business,1208.89,77,0
44,10,61000.0,455,0.25,2,1,20000.0,12,personal,3160.21,67,0
54,8,29800.0,497,0.1,0,0,14500.0,60,personal,131.85,116,0
40,13,38400.0,476,0.27,1,1,7500.0,24,debt_consolidation,1197.31,100,0
28,6,21400.0,491,0.33,0,0,5000.0,48,personal,506.27,8,0
48,9,23900.0,525,0.18,0,1,5000.0,48,debt_consolidation,278.44,112,0
43,14,37800.0,532,0.44,0,0,5000.0,12,personal,1796.21,114,0
32,11,21200.0,456,0.23,2,0,5000.0,48,personal,478.85,70,0
29,7,15000.0,420,0.22,1,0,5000.0,12,education,339.81,18,0
58,24,23300.0,493,0.27,0,0,9500.0,12,personal,890.4,204,0
50,19,37700.0,549,0.35,2,0,34500.0,60,education,1425.58,30,0
27,4,26200.0,495,0.43,0,0,5000.0,12,personal,952.19,27,0
50,8,51500.0,571,0.41,1,0,12000.0,36,personal,495.05,41,1
46,9,27600.0,511,0.4,0,0,10500.0,36,personal,216.43,57,0
40,12,51600.0,516,0.32,2,0,7000.0,12,education,2144.03,117,0
44,7,20700.0,484,0.45,4,0,12500.0,24,home_improvement,460.62,86,0
37,5,21100.0,461,0.48,2,0,8500.0,60,personal,807.59,55,0
39,9,96700.0,665,0.01,0,0,18000.0,24,personal,3412.61,1,0
27,5,32200.0,533,0.29,2,0,6000.0,12,business,608.68,80,0
38,9,15000.0,482,0.4,2,0,10000.0,36,debt_consolidation,272.14,86,0
57,10,26600.0,562,0.18,0,0,7000.0,12,debt_consolidation,367.62,237,0
66,15,60600.0,648,0.49,3,0,20500.0,36,home_improvement,1887.36,25,0
45,10,31100.0,502,0.29,1,0,21500.0,12,personal,662.29,32,0
27,3,19100.0,525,0.25,0,0,12000.0,36,education,914.12,32,0
34,6,19400.0,495,0.55,2,0,16500.0,36,business,347.16,94,0
48,18,25400.0,456,0.29,1,0,12000.0,12,home_improvement,273.77,97,0
44,11,32300.0,571,0.33,0,0,5000.0,36,personal,114.2,88,0
27,4,49700.0,458,0.2,1,1,11500.0,12,personal,2174.78,88,0
40,16,21900.0,499,0.37,2,0,13000.0,36,business,873.58,93,0
51,13,20400.0,585,0.45,4,1,14000.0,12,home_improvement,216.69,163,0
34,6,38200.0,509,0.33,3,2,28500.0,24,personal,700.63,44,0
26,4,25200.0,456,0.19,0,0,5000.0,36,home_improvement,878.47,33,0
37,10,23700.0,653,0.15,0,0,13500.0,24,home_improvement,925.53,28,0
46,5,60800.0,427,0.26,2,0,28500.0,36,debt_consolidation,497.83,126,0
42,10,24700.0,411,0.42,2,0,5000.0,12,education,521.13,70,0
37,8,21700.0,443,0.17,0,1,10000.0,12,business,949.23,31,0
27,5,33100.0,602,0.28,1,0,14000.0,24,debt_consolidation,605.18,32,0
44,2,56600.0,513,0.62,3,0,15000.0,48,business,353.44,128,0
32,1,18100.0,488,0.24,1,1,5000.0,24,debt_consolidation,100.0,62,0
34,1,15000.0,501,0.14,0,0,16500.0,48,debt_consolidation,286.79,49,0
31,5,15000.0,410,0.32,0,0,5500.0,60,home_improvement,653.78,18,0
58,20,44600.0,602,0.28,2,0,8500.0,60,personal,956.6,214,0
48,10,17600.0,521,0.34,1,1,17500.0,48,home_improvement,763.37,77,0
53,18,18500.0,487,0.18,0,0,5000.0,24,debt_consolidation,379.3,88,0
27,1,25300.0,485,0.17,0,1,12500.0,36,home_improvement,831.89,32,0
36,5,29600.0,462,0.15,1,0,5000.0,12,home_improvement,1304.46,92,0
56,26,31400.0,583,0.22,2,2,13500.0,36,personal,914.07,138,0
44,4,24900.0,436,0.38,1,0,5000.0,24,home_improvement,575.69,90,0
45,12,35000.0,686,0.43,2,0,18500.0,12,business,952.25,194,0
40,13,36900.0,357,0.14,1,0,21000.0,36,home_improvement,404.4,71,0
24,1,35600.0,468,0.11,0,1,20500.0,60,personal,1102.33,15,0
36,4,21500.0,613,0.43,2,1,11500.0,60,business,518.59,20,0
38,10,39000.0,349,0.6,4,0,11000.0,12,debt_consolidation,1452.85,81,0
54,19,30100.0,555,0.29,1,0,8500.0,24,home_improvement,746.15,88,0
44,4,70800.0,466,0.3,4,0,15000.0,12,home_improvement,2571.89,20,0
50,16,42200.0,570,0.15,1,0,10500.0,48,education,983.26,125,0
52,20,42300.0,513,0.15,2,2,13500.0,12,business,823.44,72,0
34,3,18100.0,491,0.06,0,0,5000.0,12,personal,560.7,91,0
46,11,33800.0,590,0.09,0,1,9000.0,24,personal,1711.94,78,0
47,18,22700.0,522,0.16,0,0,6000.0,24,personal,544.04,81,0
39,14,58100.0,577,0.29,1,0,23000.0,12,debt_consolidation,1187.7,75,0
50,10,27700.0,555,0.38,2,0,5000.0,48,debt_consolidation,236.96,75,0
45,3,34700.0,493,0.27,1,0,5000.0,36,personal,1820.13,58,0
35,8,35300.0,609,0.29,2,0,9500.0,12,personal,581.42,54,0
30,4,15000.0,475,0.58,5,0,20000.0,36,business,630.26,19,1
48,18,38700.0,647,0.17,0,0,27000.0,12,education,1767.49,69,0
26,2,17100.0,415,0.11,0,0,5000.0,48,home_improvement,128.99,31,0
42,9,23200.0,405,0.15,2,2,5000.0,48,business,527.46,44,1
54,12,73000.0,539,0.25,2,0,13500.0,60,home_improvement,1368.9,46,0
29,6,20100.0,496,0.25,1,0,8000.0,36,business,519.59,14,0
27,2,15000.0,443,0.52,1,1,12500.0,36,personal,187.1,37,0
23,1,23100.0,450,0.1,1,0,8500.0,36,home_improvement,527.02,11,0
35,6,15000.0,479,0.42,3,0,14000.0,12,personal,189.46,122,0
57,22,56900.0,514,0.29,2,0,20000.0,60,home_improvement,1728.7,130,0
34,4,22100.0,477,0.48,1,0,17500.0,36,personal,1254.55,115,0
37,8,24400.0,563,0.35,3,0,5000.0,24,debt_consolidation,661.9,104,0
25,2,46900.0,532,0.21,1,0,5000.0,24,personal,611.64,13,0
26,5,24500.0,559,0.15,0,0,5000.0,24,education,385.22,4,0
51,17,63400.0,629,0.35,2,0,22500.0,24,home_improvement,2336.98,120,0
47,6,37200.0,594,0.36,1,0,9500.0,60,home_improvement,975.0,166,0
55,25,34000.0,528,0.34,2,0,5000.0,12,home_improvement,961.35,157,0
60,37,63000.0,591,0.17,0,0,24500.0,60,personal,1024.78,123,0
28,6,62900.0,485,0.24,3,1,24500.0,36,home_improvement,2505.19,24,0
36,3,20700.0,422,0.33,0,1,14000.0,12,business,158.84,53,0
27,3,15400.0,502,0.3,0,1,5000.0,12,home_improvement,596.06,26,0
40,6,30100.0,553,0.15,0,0,8500.0,48,debt_consolidation,787.87,38,0
38,15,89500.0,548,0.13,1,0,19000.0,24,home_improvement,125.67,87,0
27,3,20900.0,415,0.22,1,0,16000.0,48,debt_consolidation,531.45,25,0
35,8,36300.0,559,0.43,3,0,5000.0,36,home_improvement,1272.06,33,0
29,2,15000.0,432,0.16,0,0,21500.0,12,education,280.1,23,0
56,17,75500.0,543,0.36,3,0,5000.0,24,personal,2752.43,106,0
42,16,36600.0,658,0.32,0,0,16000.0,12,business,1741.3,72,0
43,6,33200.0,579,0.21,2,0,11500.0,48,education,708.23,24,0
39,8,40500.0,500,0.35,1,0,5000.0,12,education,1447.0,83,0
34,5,15000.0,373,0.23,0,0,9000.0,36,debt_consolidation,310.75,76,0
34,11,34400.0,540,0.31,2,1,7000.0,12,home_improvement,1284.31,28,0
58,32,44300.0,588,0.12,0,0,18000.0,48,education,1777.76,26,0
30,1,26500.0,515,0.14,1,0,5000.0,48,education,463.97,85,0
28,4,18000.0,425,0.31,1,0,5000.0,60,home_improvement,957.81,25,0
42,7,41600.0,494,0.21,1,1,5000.0,12,home_improvement,1884.62,79,0
46,12,27400.0,541,0.21,0,0,5000.0,12,debt_consolidation,1135.63,133,0
31,2,26100.0,471,0.11,0,0,5000.0,36,personal,751.03,43,0
25,4,16300.0,521,0.24,1,1,18000.0,60,debt_consolidation,404.77,6,0
56,11,36500.0,646,0.34,1,0,5000.0,36,personal,719.95,52,0
57,5,26800.0,571,0.17,1,1,5000.0,24,personal,281.76,70,0
48,14,39200.0,544,0.11,1,0,23500.0,48,personal,1182.42,10,0
39,5,40700.0,544,0.31,2,1,13000.0,12,personal,1279.92,96,0
40,4,55300.0,550,0.33,1,1,14500.0,36,business,1854.24,85,0
63,25,33600.0,481,0.3,2,1,12000.0,36,personal,721.03,243,0
46,11,32600.0,545,0.15,0,0,5000.0,24,personal,661.9,55,0
46,18,49400.0,485,0.3,1,0,11000.0,36,personal,808.13,87,0
28,2,34400.0,425,0.31,2,0,11500.0,36,home_improvement,952.98,192,0
35,8,15700.0,367,0.22,0,0,14000.0,60,home_improvement,453.23,79,0
55,16,43100.0,546,0.21,1,1,10000.0,48,business,873.93,47,0
29,7,23200.0,453,0.48,1,0,5000.0,24,debt_consolidation,285.37,53,0
46,7,25700.0,602,0.38,1,0,5000.0,36,debt_consolidation,627.78,128,0
32,1,15000.0,517,0.38,1,0,8000.0,12,personal,464.67,34,0
33,0,23700.0,572,0.36,2,1,15500.0,12,debt_consolidation,515.79,5,0
57,19,65900.0,488,0.14,2,0,22500.0,60,education,1046.39,109,0
35,3,15100.0,420,0.23,0,0,6500.0,12,personal,113.02,94,0
53,9,74200.0,528,0.38,3,0,28000.0,48,personal,2378.59,123,0
45,11,15000.0,401,0.17,0,0,12000.0,60,education,466.74,268,0
62,23,37500.0,522,0.28,1,0,13500.0,12,personal,1229.34,131,0
34,1,25700.0,491,0.25,0,0,5000.0,36,home_improvement,588.07,52,0
37,9,24200.0,452,0.18,2,0,12500.0,12,home_improvement,733.92,17,1
45,7,36900.0,557,0.22,3,0,17000.0,36,education,1458.66,13,0
52,7,21100.0,489,0.17,1,0,6500.0,24,personal,663.48,192,0
42,9,25000.0,448,0.48,2,0,5000.0,12,business,778.03,25,0
41,4,45900.0,543,0.23,2,0,26000.0,60,home_improvement,1591.4,81,0
32,9,25700.0,460,0.25,2,0,19500.0,12,personal,739.88,53,0
29,2,19800.0,438,0.12,0,0,5000.0,24,personal,107.32,44,0
36,11,22800.0,608,0.34,1,0,10000.0,12,home_improvement,1066.05,69,0
62,29,91200.0,608,0.33,1,1,37500.0,12,personal,3166.67,123,0
42,5,21300.0,430,0.3,1,0,5000.0,36,home_improvement,1145.36,103,0
47,13,18800.0,419,0.35,0,0,12000.0,36,business,488.52,133,0
25,3,20700.0,442,0.08,0,1,21500.0,36,personal,832.11,40,0
34,9,72000.0,608,0.28,2,0,33500.0,48,home_improvement,999.56,26,0
28,3,37500.0,300,0.17,0,0,14500.0,60,home_improvement,891.31,18,0
34,10,26300.0,529,0.11,0,0,22000.0,48,home_improvement,941.76,4,0
53,11,28800.0,635,0.39,2,0,9500.0,48,education,1315.02,125,0
39,10,35000.0,460,0.29,0,0,8500.0,36,home_improvement,1838.23,73,0
31,9,31200.0,515,0.22,0,0,10500.0,12,personal,1005.32,51,0
52,5,26700.0,455,0.27,2,0,8500.0,12,personal,1395.75,188,0
42,10,15000.0,512,0.46,1,0,8500.0,12,personal,511.05,11,0
52,13,22400.0,505,0.43,3,1,17500.0,36,home_improvement,464.43,59,0
40,8,33600.0,467,0.56,6,0,23000.0,36,home_improvement,710.06,33,0
47,14,24400.0,515,0.48,0,0,7500.0,60,home_improvement,100.0,98,0
58,20,38600.0,458,0.35,4,0,14500.0,36,home_improvement,650.8,94,0
32,11,28900.0,525,0.4,1,0,14500.0,24,personal,150.24,81,0
62,19,43500.0,582,0.53,3,0,11500.0,12,home_improvement,731.54,31,0
35,14,15000.0,497,0.47,2,0,5000.0,36,personal,100.0,108,0
40,11,25500.0,474,0.13,0,0,5000.0,60,education,493.2,78,0
24,2,22100.0,354,0.33,0,1,13000.0,24,education,152.0,98,0
44,11,15000.0,477,0.28,1,0,8500.0,36,personal,339.58,77,0
53,17,40900.0,510,0.46,3,0,11000.0,12,personal,675.66,149,0
41,15,87300.0,624,0.08,0,1,32000.0,48,home_improvement,3337.61,103,0
63,20,53100.0,674,0.47,3,0,13000.0,36,debt_consolidation,1524.3,216,0
38,7,24400.0,509,0.22,0,0,5000.0,24,personal,530.76,60,0
43,11,39300.0,404,0.47,1,1,15500.0,12,debt_consolidation,371.17,117,0
35,6,37200.0,556,0.53,3,0,9500.0,48,home_improvement,743.24,39,1
53,25,45300.0,545,0.28,4,0,16000.0,12,personal,2007.45,127,0
26,2,15000.0,621,0.32,1,0,21000.0,48,personal,261.69,23,0
35,5,23300.0,565,0.25,1,0,5000.0,24,home_improvement,863.95,47,0
56,6,70900.0,569,0.29,2,0,19000.0,12,home_improvement,2280.66,168,0
29,2,23000.0,569,0.28,0,0,5000.0,60,debt_consolidation,988.19,52,0
41,4,40700.0,503,0.42,2,0,13000.0,12,debt_consolidation,1151.72,11,0
30,2,28600.0,539,0.4,3,2,9000.0,12,business,366.2,10,1
61,25,76400.0,594,0.32,4,0,11000.0,24,personal,3847.92,153,0
26,2,15000.0,502,0.39,0,0,5000.0,12,business,363.14,29,0
34,11,23900.0,552,0.18,1,0,14000.0,24,personal,1189.7,67,0
37,4,22900.0,489,0.5,5,0,20000.0,24,personal,732.18,13,0
45,4,22800.0,533,0.35,3,0,7500.0,12,debt_consolidation,947.75,136,0
42,9,37000.0,395,0.22,2,0,12500.0,36,personal,1246.23,84,0
34,7,15700.0,611,0.16,1,0,8000.0,48,personal,957.22,28,0
37,10,15000.0,585,0.21,0,0,23500.0,36,home_improvement,260.79,79,0
45,18,19700.0,591,0.41,3,0,5000.0,12,debt_consolidation,701.48,41,0
37,10,29300.0,493,0.27,2,0,23500.0,48,education,339.82,28,0
38,1,35700.0,517,0.34,3,0,6500.0,24,business,731.15,115,0
46,13,55100.0,556,0.1,0,0,24500.0,36,business,2612.96,27,0
38,5,31000.0,489,0.38,2,1,5000.0,48,business,1334.27,70,0
37,14,41400.0,618,0.26,2,1,10500.0,12,personal,222.88,41,0
63,27,43100.0,587,0.2,1,1,12500.0,12,business,1951.5,122,0
32,6,22100.0,447,0.25,3,0,8000.0,36,personal,837.34,34,0
41,9,27300.0,607,0.22,2,1,5000.0,36,personal,425.92,166,0
35,5,29200.0,387,0.47,2,0,15000.0,36,debt_consolidation,178.43,87,0
38,7,33400.0,500,0.12,0,1,5000.0,12,education,923.77,32,0
51,20,67600.0,433,0.27,3,0,22000.0,12,business,623.02,171,1
56,8,31400.0,563,0.26,2,0,11500.0,48,home_improvement,993.26,26,0
26,2,35900.0,531,0.39,2,0,9000.0,36,home_improvement,1396.88,13,0
38,5,26500.0,506,0.46,2,0,17500.0,24,personal,628.67,104,0
36,6,28400.0,474,0.26,0,0,9500.0,12,personal,497.0,82,0
30,1,18400.0,493,0.39,1,0,10000.0,36,education,732.05,68,0
46,7,35500.0,487,0.35,2,1,15000.0,24,debt_consolidation,1208.13,16,0
43,6,24500.0,430,0.19,1,0,5500.0,24,personal,317.87,50,0
50,10,27600.0,549,0.39,0,1,5500.0,36,personal,367.75,82,0
41,8,38100.0,470,0.41,1,0,29000.0,24,home_improvement,649.51,142,0
35,1,15000.0,490,0.19,2,3,6500.0,24,debt_consolidation,417.44,128,0
37,13,47600.0,395,0.32,1,0,17000.0,60,home_improvement,1655.67,75,0
33,6,51600.0,546,0.28,0,1,13000.0,24,debt_consolidation,570.35,121,0
56,10,23200.0,557,0.15,1,0,5000.0,36,personal,673.05,104,0
33,6,18600.0,449,0.28,1,0,5000.0,24,personal,849.02,70,0
30,5,30900.0,411,0.19,0,0,5000.0,36,personal,499.48,53,0
51,18,50200.0,543,0.17,0,0,5000.0,12,personal,1928.05,49,0
45,11,44900.0,611,0.18,2,0,7000.0,24,business,1548.51,37,0
39,3,15000.0,467,0.22,0,1,21000.0,60,business,124.1,63,0
56,21,26700.0,558,0.3,2,1,5000.0,24,debt_consolidation,435.35,8,0
46,14,38700.0,454,0.51,2,0,5000.0,24,home_improvement,1691.37,114,0
53,22,29200.0,546,0.07,0,0,6500.0,12,debt_consolidation,385.43,110,0
32,4,20200.0,501,0.19,1,0,5000.0,36,personal,117.75,27,0
50,12,54000.0,664,0.25,1,0,17000.0,12,home_improvement,927.14,149,0
44,14,44500.0,610,0.16,0,0,17000.0,24,education,2405.09,33,0
38,4,39200.0,472,0.31,2,0,14000.0,48,business,740.73,54,0
29,2,15000.0,425,0.17,0,0,5000.0,12,home_improvement,795.19,21,0
60,16,58200.0,675,0.35,1,0,25500.0,24,personal,986.68,50,0
40,7,39100.0,525,0.32,2,0,10000.0,60,home_improvement,291.31,19,0
39,7,30000.0,358,0.16,0,1,10500.0,36,home_improvement,342.99,91,1
39,6,15500.0,503,0.32,1,0,5000.0,60,personal,524.24,38,0
33,8,15000.0,452,0.17,0,0,5000.0,60,home_improvement,190.59,70,0
46,17,45100.0,557,0.18,0,0,12000.0,24,debt_consolidation,2174.44,61,0
37,3,26900.0,504,0.27,0,0,16500.0,36,debt_consolidation,786.06,31,0
49,21,46400.0,600,0.11,1,0,15000.0,12,debt_consolidation,1463.09,23,0
53,14,56300.0,624,0.25,2,0,5000.0,36,personal,100.0,117,0
53,9,23400.0,417,0.42,1,0,22500.0,12,education,970.06,79,0
36,4,31000.0,473,0.1,0,0,20500.0,48,home_improvement,1292.52,106,0
62,11,15000.0,522,0.38,2,1,11500.0,24,business,386.25,48,0
44,8,21300.0,479,0.23,0,0,18000.0,36,home_improvement,156.2,113,0
29,5,32400.0,503,0.34,3,0,16000.0,12,business,549.0,14,0
35,4,34000.0,574,0.37,3,0,9500.0,24,business,1583.7,25,0
35,6,23800.0,582,0.37,1,0,8000.0,36,personal,630.1,62,0
46,8,45500.0,536,0.27,1,1,12500.0,36,personal,513.63,108,0
22,2,21300.0,473,0.34,2,0,12500.0,36,personal,299.7,11,0
28,7,15000.0,571,0.07,0,0,5000.0,48,debt_consolidation,517.28,5,0
41,6,25900.0,608,0.07,0,1,6500.0,60,personal,762.68,17,0
36,5,46500.0,534,0.26,0,0,11500.0,60,business,773.36,85,0
24,2,28800.0,419,0.19,1,0,28000.0,48,personal,937.54,38,0
40,10,21000.0,485,0.29,1,1,5000.0,24,personal,682.94,46,0
37,9,15300.0,481,0.23,2,0,13500.0,12,personal,511.91,114,0
31,1,51400.0,484,0.18,0,1,11000.0,48,personal,384.58,54,0
44,14,44900.0,589,0.13,0,0,26500.0,48,personal,547.7,49,0
35,4,38800.0,363,0.39,1,0,5000.0,60,debt_consolidation,259.22,10,0
27,5,17000.0,470,0.23,2,0,8500.0,12,home_improvement,553.75,36,0
35,6,23700.0,533,0.27,1,0,9000.0,12,debt_consolidation,343.87,33,0
37,6,15000.0,548,0.25,1,1,5000.0,36,education,414.67,57,0
54,18,37200.0,555,0.27,3,0,10000.0,24,home_improvement,725.65,143,0
50,30,48100.0,433,0.58,3,0,15500.0,24,personal,868.55,72,0
36,12,37700.0,531,0.47,2,0,14000.0,48,business,1503.77,66,0
42,20,34700.0,593,0.3,2,0,9500.0,24,education,1342.54,41,0
48,11,26100.0,547,0.31,1,0,6000.0,48,personal,579.66,134,0
44,10,27200.0,437,0.25,1,0,17000.0,24,debt_consolidation,1250.96,179,0
55,19,25700.0,554,0.17,0,0,11000.0,36,education,991.18,167,0
34,8,26000.0,471,0.12,0,0,13500.0,12,debt_consolidation,636.39,26,0
33,11,33500.0,516,0.16,1,0,6000.0,36,personal,555.24,100,0
34,4,48700.0,515,0.52,1,0,12000.0,36,home_improvement,2207.42,165,0
30,10,22400.0,560,0.1,1,1,15500.0,12,personal,510.92,34,1
43,5,16600.0,485,0.22,0,0,10000.0,36,personal,350.34,35,0
36,6,39200.0,487,0.38,0,0,18000.0,12,debt_consolidation,175.76,94,0
32,2,37500.0,618,0.1,0,0,20500.0,60,personal,547.56,34,0
37,7,42300.0,534,0.35,1,0,7500.0,36,debt_consolidation,776.85,88,0
32,8,38500.0,470,0.34,1,0,12500.0,24,education,385.81,46,0
44,3,38600.0,520,0.44,3,1,20500.0,24,debt_consolidation,1385.34,140,0
31,9,32300.0,490,0.22,1,1,5000.0,36,debt_consolidation,658.56,76,0
52,20,38000.0,541,0.15,2,0,24000.0,48,home_improvement,1388.5,157,0
28,5,22400.0,465,0.27,2,1,10500.0,36,education,1038.02,76,0
28,4,23700.0,396,0.28,0,2,14500.0,36,education,677.25,26,0
43,3,34600.0,532,0.1,1,0,17000.0,60,personal,794.56,26,0
41,13,58800.0,577,0.27,2,2,22000.0,12,business,2156.62,181,0
53,20,44900.0,598,0.59,5,0,13500.0,36,home_improvement,1869.67,141,0
35,15,16300.0,476,0.32,2,0,5000.0,60,home_improvement,755.41,99,0
42,9,44400.0,464,0.38,2,1,6500.0,48,debt_consolidation,1848.43,169,0
32,2,18200.0,516,0.27,0,0,5000.0,60,personal,268.6,42,0
22,2,19100.0,450,0.17,0,0,20000.0,48,personal,464.36,31,0
31,7,20700.0,438,0.23,0,0,16000.0,48,debt_consolidation,899.85,51,0
29,9,15000.0,448,0.18,1,0,6000.0,36,debt_consolidation,278.78,37,0
46,2,15000.0,371,0.41,2,0,5000.0,36,personal,370.62,140,0
47,19,23800.0,594,0.22,1,0,20000.0,24,personal,747.14,64,0
39,7,35500.0,538,0.22,1,1,24000.0,12,personal,770.7,49,0
43,6,17900.0,544,0.09,0,0,31000.0,24,personal,191.11,228,0
29,5,30700.0,480,0.27,0,0,11500.0,48,personal,270.15,30,0
37,7,32000.0,611,0.13,0,0,10500.0,12,debt_consolidation,752.63,52,0
46,8,31300.0,536,0.26,2,0,13000.0,24,debt_consolidation,1010.15,41,0
40,5,28000.0,456,0.24,0,0,19500.0,48,debt_consolidation,167.74,98,0
33,6,28300.0,557,0.47,2,0,15000.0,60,home_improvement,968.35,68,0
36,9,15300.0,467,0.29,1,0,5000.0,36,education,466.35,44,0
61,2,59600.0,599,0.35,1,0,22500.0,12,personal,435.44,131,0
40,11,31400.0,532,0.43,1,0,23500.0,24,home_improvement,672.67,161,0
50,12,74700.0,631,0.08,1,0,30500.0,48,personal,1094.3,64,0
45,13,43900.0,482,0.45,2,0,5000.0,12,personal,628.37,56,0
29,0,15900.0,557,0.39,2,0,13500.0,12,personal,100.0,55,1
32,2,42700.0,456,0.35,0,0,10000.0,24,personal,1310.83,36,0
35,12,15000.0,426,0.35,0,0,13000.0,36,debt_consolidation,462.56,140,1
57,14,40900.0,532,0.35,3,0,5000.0,12,home_improvement,1357.14,34,0
38,9,19400.0,561,0.08,0,0,5000.0,48,business,271.93,44,0
55,13,39600.0,420,0.43,3,0,14000.0,48,business,1434.43,115,0
42,6,44400.0,583,0.31,2,0,15500.0,12,personal,1177.2,129,0
36,4,30500.0,584,0.21,2,0,11000.0,12,personal,598.86,45,0
49,5,34200.0,475,0.09,0,1,24000.0,24,debt_consolidation,1062.49,28,0
47,12,35400.0,488,0.23,2,1,7500.0,48,debt_consolidation,649.27,153,0
44,10,23100.0,428,0.28,2,0,8500.0,60,debt_consolidation,725.17,88,0
37,4,35500.0,687,0.22,1,1,21000.0,36,business,741.09,53,0
34,3,32300.0,560,0.2,1,1,22000.0,12,business,1181.64,20,0
30,2,25000.0,450,0.22,0,0,16500.0,36,personal,348.76,34,0
50,17,28300.0,506,0.08,0,0,19500.0,24,debt_consolidation,1027.05,12,0
42,16,37100.0,479,0.14,0,1,10000.0,12,personal,1064.02,132,0
44,5,26500.0,491,0.33,1,0,5000.0,48,debt_consolidation,633.79,74,0
39,11,27300.0,459,0.17,1,0,8500.0,24,home_improvement,1287.35,26,0
28,5,37500.0,403,0.27,1,0,15000.0,60,personal,577.27,24,0
42,16,16500.0,564,0.22,0,0,14000.0,36,debt_consolidation,567.92,90,0
37,6,32500.0,481,0.28,1,1,5000.0,60,personal,431.55,86,0
37,14,32300.0,445,0.32,2,0,5000.0,48,business,1161.67,7,0
23,2,17100.0,513,0.33,1,0,10000.0,36,personal,351.64,17,0
33,5,19800.0,467,0.32,0,0,5000.0,60,education,541.1,64,0
64,21,46600.0,688,0.53,2,0,17500.0,36,personal,1275.53,146,0
49,2,23200.0,463,0.8,7,0,10500.0,36,debt_consolidation,636.52,49,0
36,6,35300.0,506,0.32,1,0,25000.0,24,personal,500.55,118,0
63,7,42400.0,571,0.29,0,0,6500.0,24,home_improvement,1525.36,123,0
60,12,43400.0,523,0.31,2,0,7000.0,12,business,1911.63,144,0
25,4,16900.0,459,0.13,1,0,19000.0,36,home_improvement,378.35,34,0
47,22,44100.0,450,0.35,3,0,8500.0,36,business,1519.56,112,0
27,4,19900.0,523,0.15,1,0,5000.0,12,home_improvement,379.8,56,0
54,5,39900.0,539,0.3,2,0,15500.0,48,home_improvement,839.44,128,0
33,4,34900.0,667,0.23,0,0,21500.0,24,personal,1868.37,45,0
32,1,15000.0,430,0.05,0,0,5000.0,12,personal,536.95,29,0
39,1,24300.0,450,0.4,3,1,7000.0,12,home_improvement,1066.36,124,0
39,12,23700.0,396,0.25,2,0,8000.0,36,business,781.92,110,0
34,4,27500.0,495,0.18,1,1,5000.0,12,personal,1370.2,131,0
45,6,39500.0,594,0.32,1,0,12000.0,12,debt_consolidation,628.3,93,0
31,9,29600.0,573,0.19,0,0,20500.0,48,personal,1474.85,81,0
49,18,30700.0,507,0.21,1,0,25000.0,24,personal,653.39,50,0
46,15,29500.0,585,0.49,1,0,21500.0,60,personal,650.59,136,0
31,3,26300.0,529,0.26,2,1,5500.0,24,personal,325.71,45,0
55,17,53400.0,657,0.36,2,0,29500.0,12,personal,2735.07,99,0
24,2,30800.0,440,0.34,1,0,14500.0,12,personal,1510.51,10,0
57,27,28100.0,649,0.34,2,0,20500.0,36,debt_consolidation,956.41,178,0
30,4,43500.0,536,0.14,0,0,11500.0,12,personal,1387.76,48,0
24,3,18900.0,496,0.36,0,0,10500.0,12,home_improvement,647.66,60,0
46,15,38100.0,477,0.4,3,0,17000.0,36,debt_consolidation,1555.13,117,0
35,10,26600.0,557,0.23,1,0,5000.0,36,home_improvement,185.42,38,0
28,4,59200.0,597,0.25,2,0,17500.0,12,personal,3172.83,57,0
35,6,30500.0,581,0.32,3,0,10500.0,24,personal,357.92,109,0
39,8,18100.0,584,0.1,0,0,21000.0,36,education,119.85,24,0
26,1,18800.0,465,0.11,0,1,5000.0,36,business,309.08,64,0
55,8,43600.0,419,0.36,1,0,23500.0,24,personal,568.82,83,0
49,16,45800.0,445,0.22,1,0,12500.0,24,home_improvement,880.51,177,0
33,5,34800.0,535,0.25,3,0,17000.0,12,debt_consolidation,1984.22,26,0
39,12,23400.0,465,0.29,1,2,5000.0,48,personal,180.75,91,0
42,6,16400.0,526,0.29,2,0,8500.0,60,home_improvement,466.83,57,0
40,6,40500.0,552,0.24,2,0,5000.0,60,personal,262.77,118,0
42,5,39800.0,538,0.37,1,0,5000.0,12,personal,538.73,44,0
37,8,42200.0,568,0.3,0,1,20500.0,24,debt_consolidation,1423.23,61,0
28,7,50100.0,468,0.08,0,1,18500.0,36,home_improvement,465.46,50,0
48,5,17000.0,486,0.29,2,0,9500.0,12,personal,508.84,69,0
27,2,21200.0,492,0.33,2,1,13000.0,12,personal,752.92,13,0
35,1,20800.0,425,0.13,1,1,5000.0,12,business,761.44,22,0
53,8,27500.0,572,0.22,1,0,18000.0,12,home_improvement,658.35,124,0
32,8,21100.0,463,0.09,0,0,5000.0,12,education,1156.17,54,0
44,14,56500.0,487,0.51,1,0,5000.0,48,debt_consolidation,860.5,117,0
34,10,29000.0,427,0.18,0,0,23000.0,24,debt_consolidation,1356.87,69,0
59,23,23000.0,639,0.17,1,0,22000.0,24,education,369.9,23,0
32,9,22900.0,555,0.57,2,0,5000.0,48,personal,555.29,35,0
42,9,23900.0,434,0.23,1,0,15000.0,36,home_improvement,467.57,96,0
30,4,17400.0,472,0.26,1,0,5000.0,24,home_improvement,630.84,60,0
34,8,24500.0,523,0.4,0,0,5000.0,24,education,1028.29,41,0
25,4,40200.0,510,0.37,2,0,5000.0,24,debt_consolidation,891.82,60,0
61,19,62300.0,659,0.32,2,0,19500.0,12,home_improvement,2537.68,217,0
33,11,31100.0,514,0.33,2,0,5000.0,36,education,1457.63,83,0
33,2,19500.0,609,0.15,1,0,5000.0,12,personal,463.49,83,0
34,3,15000.0,569,0.25,0,0,9500.0,12,home_improvement,230.41,89,0
26,1,19700.0,507,0.36,0,0,8000.0,36,personal,371.43,21,1
53,6,23700.0,543,0.35,0,1,7500.0,12,home_improvement,419.2,85,0
37,4,18900.0,492,0.38,4,0,5000.0,24,education,537.4,96,0
34,3,16100.0,381,0.25,0,1,17000.0,24,home_improvement,455.04,49,0
26,1,16500.0,449,0.15,1,0,5000.0,24,education,629.81,26,0
34,5,36200.0,413,0.27,0,0,5500.0,24,home_improvement,1254.48,133,0
36,1,15300.0,444,0.34,0,0,5000.0,48,personal,146.93,27,0
34,8,19100.0,558,0.22,0,0,9500.0,36,education,654.47,65,0
26,4,43300.0,468,0.08,1,0,13000.0,60,education,1040.86,90,0
46,9,24000.0,453,0.31,2,2,5000.0,36,home_improvement,622.3,22,0
34,2,19600.0,670,0.43,1,0,5000.0,24,personal,270.2,15,0
34,6,18300.0,546,0.42,2,0,20000.0,60,business,100.0,43,0
34,9,56700.0,591,0.15,0,1,26500.0,24,education,2231.0,70,0
31,5,28000.0,492,0.25,0,0,11500.0,12,personal,598.18,65,0
30,0,15000.0,461,0.55,1,0,5000.0,12,debt_consolidation,475.21,87,0
33,7,28900.0,445,0.25,1,1,5000.0,12,home_improvement,324.08,84,0
39,4,49000.0,551,0.36,3,0,25000.0,36,personal,1233.16,48,0
26,2,16100.0,385,0.15,1,0,5000.0,60,home_improvement,413.27,60,0
39,5,15000.0,493,0.23,0,0,13000.0,12,personal,100.0,81,0
43,7,30200.0,488,0.16,1,0,5000.0,60,personal,1112.5,81,0
53,24,33400.0,584,0.28,0,0,5000.0,12,debt_consolidation,656.75,35,0
41,9,28400.0,580,0.28,0,0,18000.0,24,personal,595.98,50,0
60,28,39200.0,512,0.11,0,1,18500.0,12,debt_consolidation,445.79,125,0
45,8,16300.0,580,0.35,1,0,5000.0,48,debt_consolidation,269.71,53,0
48,10,24400.0,502,0.32,1,0,5000.0,12,business,387.8,100,0
36,12,67300.0,658,0.52,3,0,11500.0,48,home_improvement,1790.96,73,0
39,14,56000.0,534,0.51,2,0,30500.0,12,education,1191.05,20,0
40,8,28400.0,555,0.14,0,0,5000.0,36,personal,387.66,98,0
60,28,36200.0,647,0.36,4,0,29500.0,48,personal,1466.88,122,0
49,14,36700.0,408,0.14,1,0,20500.0,24,education,515.86,188,0
29,6,26900.0,533,0.26,1,0,5000.0,12,education,548.87,10,0
42,4,34200.0,617,0.35,0,0,5000.0,12,personal,1596.36,62,0
29,3,15000.0,373,0.32,1,0,12000.0,48,personal,333.34,56,0
44,5,34300.0,522,0.17,0,1,10000.0,12,debt_consolidation,1045.72,66,0
28,3,37600.0,450,0.44,0,0,12500.0,36,business,1453.38,129,0
34,9,27200.0,541,0.28,1,0,22000.0,48,education,757.26,48,0
29,4,34400.0,618,0.12,1,0,19000.0,12,personal,973.22,17,0
45,25,37800.0,520,0.09,0,1,7500.0,12,personal,584.75,142,0
23,3,15400.0,479,0.32,3,0,5500.0,48,home_improvement,717.38,9,0
41,4,31000.0,446,0.04,0,1,13000.0,48,debt_consolidation,503.46,78,0
30,5,34100.0,454,0.13,1,0,27000.0,60,debt_consolidation,307.35,50,0
44,8,15000.0,504,0.3,1,0,6000.0,24,home_improvement,370.95,121,0
60,24,40700.0,562,0.26,0,0,18000.0,12,home_improvement,1362.7,166,0
25,4,17500.0,419,0.24,1,0,17500.0,24,personal,422.35,45,0
42,13,33000.0,509,0.37,0,0,12500.0,36,education,1236.06,143,0
26,5,24000.0,589,0.12,1,1,13000.0,36,business,668.37,21,0
40,12,33000.0,528,0.23,2,1,19500.0,24,personal,924.74,108,0
66,25,69000.0,567,0.06,0,0,13000.0,60,personal,1163.16,85,0
50,3,15000.0,614,0.26,1,0,5000.0,12,debt_consolidation,242.26,118,0
58,5,31200.0,549,0.31,2,0,5000.0,24,personal,595.26,186,0
50,10,39600.0,539,0.55,3,1,11500.0,36,business,639.08,79,0
51,12,26000.0,500,0.29,3,0,14000.0,24,debt_consolidation,928.71,203,0
30,1,16800.0,517,0.25,3,0,8500.0,12,education,831.54,14,0
39,6,30000.0,418,0.61,4,0,5000.0,48,debt_consolidation,1022.78,100,0
45,9,19200.0,337,0.23,0,1,5000.0,60,home_improvement,493.2,105,0
43,3,27400.0,461,0.21,1,1,14000.0,24,personal,866.7,80,0
32,2,21500.0,513,0.11,1,0,8500.0,24,personal,214.67,66,0
49,14,23200.0,506,0.13,0,0,6000.0,24,personal,393.93,99,0
33,10,26700.0,614,0.1,1,0,15500.0,12,personal,168.1,66,0
34,1,22600.0,543,0.19,1,0,18000.0,24,debt_consolidation,589.24,68,0
24,2,21000.0,417,0.16,0,1,6000.0,48,business,421.39,4,0
40,14,33200.0,530,0.17,1,0,16500.0,24,personal,1009.92,160,0
35,8,34300.0,425,0.37,0,0,15500.0,12,personal,504.73,18,0
32,7,25400.0,497,0.46,2,1,13500.0,36,personal,561.07,106,0
45,11,26500.0,605,0.21,0,0,9000.0,12,debt_consolidation,593.36,75,0
47,10,29500.0,579,0.14,1,0,19500.0,24,debt_consolidation,100.0,50,0
51,6,49400.0,633,0.43,4,1,22000.0,24,personal,2706.04,59,0
41,6,45100.0,558,0.53,3,0,12500.0,12,personal,1683.63,209,0
32,9,34400.0,475,0.22,2,0,9500.0,36,business,974.33,43,0
37,4,29200.0,405,0.34,2,0,7000.0,12,debt_consolidation,950.98,32,0
36,2,37900.0,614,0.52,1,1,7000.0,12,personal,660.56,46,0
33,4,21900.0,344,0.21,0,1,11500.0,12,education,947.24,42,0
43,9,33200.0,493,0.14,1,0,16500.0,24,home_improvement,929.79,104,0
55,9,29500.0,617,0.46,2,0,5000.0,36,personal,962.24,70,0
26,1,35800.0,398,0.43,5,0,21500.0,12,personal,124.41,24,1
52,22,32400.0,480,0.2,0,0,21000.0,12,debt_consolidation,782.65,33,0
22,2,24300.0,433,0.37,0,0,10500.0,60,personal,1188.37,13,0
28,3,24600.0,490,0.46,1,1,6000.0,48,personal,468.41,31,0
35,7,42700.0,601,0.23,1,0,21000.0,24,business,1391.12,16,0
53,2,18800.0,559,0.25,1,0,11000.0,48,home_improvement,996.84,124,0
35,2,15000.0,512,0.17,0,1,11000.0,60,business,338.58,67,1
48,25,32800.0,505,0.26,2,0,9000.0,60,home_improvement,209.14,64,0
47,6,19500.0,476,0.25,1,0,10000.0,24,education,317.64,104,0
38,4,26400.0,398,0.26,0,0,14000.0,12,debt_consolidation,1247.15,83,1
24,1,54500.0,564,0.18,1,0,16500.0,36,personal,286.37,13,0
38,2,38600.0,674,0.49,3,0,11500.0,24,business,692.03,3,0
38,1,35900.0,590,0.55,5,0,5000.0,12,business,1477.45,95,0
24,2,23500.0,399,0.2,1,0,7500.0,48,business,492.45,97,1
40,12,39400.0,532,0.17,0,0,23000.0,36,business,1027.77,98,0
43,11,41500.0,482,0.37,3,0,20000.0,36,personal,1741.32,29,0
47,18,53000.0,581,0.26,1,0,13000.0,36,personal,319.95,57,0
53,10,83000.0,611,0.42,1,0,34500.0,36,debt_consolidation,1205.39,59,0
40,10,28600.0,621,0.2,0,0,18000.0,36,debt_consolidation,509.21,54,0
36,4,34300.0,442,0.16,1,0,24000.0,36,home_improvement,780.81,57,0
35,4,15000.0,451,0.17,1,1,5000.0,12,personal,389.65,57,0
39,9,24400.0,455,0.19,1,0,7000.0,24,home_improvement,1174.45,85,0
60,13,43100.0,495,0.23,1,0,19000.0,24,home_improvement,1042.05,92,0
30,8,23700.0,419,0.23,2,0,5000.0,24,personal,135.7,9,1
31,2,25100.0,515,0.18,0,1,5000.0,36,debt_consolidation,564.27,59,1
39,8,34800.0,557,0.13,1,0,10000.0,24,personal,806.54,12,0
35,8,34100.0,406,0.36,0,0,18000.0,12,personal,843.02,18,0
27,6,43100.0,469,0.19,1,0,19000.0,24,debt_consolidation,1532.22,31,0
45,10,35500.0,493,0.18,1,1,10000.0,48,business,979.13,115,0
38,4,16700.0,381,0.51,3,0,5000.0,36,personal,277.97,54,0
40,2,22300.0,535,0.44,2,1,15000.0,60,personal,100.0,96,0
51,6,52300.0,513,0.17,0,0,15500.0,36,personal,368.46,43,0
38,9,21400.0,314,0.29,2,0,23000.0,24,business,729.68,75,0
31,6,32600.0,563,0.44,2,0,11000.0,12,personal,464.98,79,0
47,6,24500.0,444,0.19,2,0,5000.0,48,home_improvement,605.54,117,0
30,2,20900.0,527,0.25,0,0,12000.0,24,personal,751.06,50,0
56,19,51300.0,495,0.31,2,0,17000.0,60,personal,2356.59,72,0
44,7,36800.0,561,0.35,2,1,5000.0,48,personal,749.72,129,0
37,5,20900.0,497,0.29,0,0,5000.0,24,education,108.85,53,0
33,10,29600.0,549,0.23,1,0,5000.0,48,home_improvement,1016.7,48,0
31,6,17800.0,560,0.38,1,0,5000.0,60,education,833.32,56,0
55,2,31000.0,497,0.18,1,0,20500.0,12,education,899.08,119,0
29,5,17800.0,490,0.21,0,0,21000.0,36,debt_consolidation,395.33,7,0
38,15,51500.0,524,0.19,1,1,17500.0,24,personal,1892.71,113,0
23,0,15000.0,395,0.4,1,0,11000.0,48,business,334.36,54,0
31,1,49400.0,517,0.14,1,1,25000.0,48,education,933.98,83,0
31,3,36800.0,467,0.3,0,1,5000.0,12,personal,1658.33,59,0
42,16,42500.0,489,0.11,0,0,27000.0,12,personal,806.76,102,0
29,4,20000.0,463,0.28,0,0,18000.0,60,debt_consolidation,653.06,50,0
62,4,47800.0,586,0.21,1,0,5500.0,12,home_improvement,1550.9,77,0
47,13,47300.0,430,0.27,1,0,7000.0,60,business,961.92,5,0
29,3,20500.0,466,0.32,1,0,5000.0,36,business,434.47,31,0
51,14,44200.0,543,0.4,0,0,13500.0,48,home_improvement,1225.93,78,0
32,8,24800.0,439,0.2,0,2,5000.0,60,debt_consolidation,514.1,62,0
27,1,15800.0,406,0.23,1,0,5000.0,12,business,489.39,43,0
39,6,20800.0,390,0.35,2,0,5000.0,48,debt_consolidation,838.58,39,0
32,9,30000.0,484,0.25,1,0,5000.0,36,business,490.33,14,0
33,5,43100.0,491,0.33,3,0,5000.0,12,personal,1380.08,65,0
34,9,34300.0,530,0.28,2,0,16500.0,24,personal,1313.0,98,0
48,13,20800.0,552,0.3,2,1,5500.0,48,home_improvement,451.28,34,0
50,10,19500.0,508,0.31,2,0,5000.0,24,personal,825.2,42,0
40,11,75600.0,447,0.37,2,0,31500.0,24,home_improvement,2237.26,70,0
33,9,30700.0,526,0.28,2,0,25000.0,48,education,1272.24,44,0
62,4,15100.0,551,0.36,2,0,26500.0,48,personal,131.43,215,0
41,5,23800.0,516,0.3,2,1,11500.0,36,home_improvement,962.3,81,0
35,12,34200.0,614,0.55,2,0,15500.0,36,debt_consolidation,1547.04,47,0
50,19,62200.0,496,0.16,0,0,13000.0,60,education,1826.19,82,0
56,2,29100.0,590,0.32,1,0,12000.0,36,home_improvement,715.79,143,0
40,2,22200.0,550,0.4,1,0,5500.0,36,personal,100.51,12,0
45,3,15000.0,572,0.3,2,0,5000.0,36,debt_consolidation,266.64,19,0
31,11,32100.0,560,0.41,3,0,5000.0,24,personal,690.04,45,0
31,6,48100.0,492,0.44,2,0,14000.0,36,personal,1275.17,20,0
61,20,30900.0,616,0.19,2,0,6000.0,24,business,1339.57,88,0
45,23,26400.0,492,0.27,2,0,15000.0,60,personal,606.48,126,0
58,3,29400.0,802,0.3,2,1,11000.0,12,debt_consolidation,429.45,64,0
48,15,23800.0,463,0.25,3,0,5000.0,48,home_improvement,1203.91,32,0
33,6,28900.0,406,0.18,1,0,5000.0,12,home_improvement,905.28,73,0
29,2,15000.0,472,0.42,0,0,11000.0,36,personal,424.0,22,0
60,22,21700.0,422,0.27,2,0,5000.0,24,personal,391.35,63,0
48,9,45700.0,501,0.27,1,1,8000.0,48,business,881.34,46,0
29,4,19700.0,497,0.19,2,1,8000.0,36,personal,232.76,78,0
43,15,51200.0,528,0.15,0,0,16500.0,12,business,1886.76,116,0
41,11,30800.0,514,0.46,2,0,21500.0,36,home_improvement,310.18,54,0
39,14,31300.0,498,0.03,0,0,7500.0,36,personal,900.66,7,0
52,13,41000.0,596,0.19,2,1,21500.0,48,business,2303.12,130,0
53,3,43500.0,394,0.32,2,0,25500.0,24,personal,888.17,164,0
39,11,48600.0,509,0.26,1,0,10500.0,24,education,506.01,24,0
34,5,37200.0,563,0.21,1,1,9500.0,12,debt_consolidation,1386.09,86,0
48,7,23000.0,502,0.17,1,1,26500.0,24,business,658.27,132,0
41,8,30700.0,494,0.19,2,0,5000.0,24,home_improvement,894.04,96,0
33,12,35900.0,549,0.11,0,0,9000.0,24,home_improvement,100.0,23,0
42,6,19300.0,528,0.33,1,0,16500.0,48,home_improvement,591.11,13,0
31,6,15400.0,476,0.17,1,1,7000.0,24,personal,235.98,48,0
32,3,46600.0,518,0.22,2,0,13500.0,48,business,776.22,34,0
28,1,16700.0,391,0.48,3,0,24000.0,12,home_improvement,303.75,17,0
38,1,21200.0,502,0.16,1,0,5000.0,12,business,497.06,58,0
26,4,17100.0,451,0.29,1,0,5000.0,12,home_improvement,681.71,49,1
50,11,33600.0,591,0.49,3,0,10500.0,36,home_improvement,1467.72,53,0
24,2,35300.0,376,0.49,0,0,11000.0,60,home_improvement,840.94,13,0
46,9,43900.0,629,0.37,0,0,13500.0,24,business,1363.45,117,0
29,3,24600.0,584,0.24,2,0,15500.0,36,home_improvement,1084.0,60,0
58,12,99400.0,577,0.06,1,0,26000.0,48,debt_consolidation,2036.21,190,0
53,19,41400.0,455,0.25,2,0,9000.0,24,personal,2145.83,172,0
25,2,15000.0,419,0.19,0,0,5000.0,12,personal,158.74,30,0
28,4,32400.0,515,0.22,0,1,9500.0,12,home_improvement,907.78,28,0
39,6,24900.0,519,0.39,1,0,12500.0,60,home_improvement,221.52,90,0
32,2,15000.0,552,0.19,0,0,5000.0,24,education,407.58,88,0
26,4,16600.0,404,0.17,0,0,5000.0,12,education,158.88,13,0
33,3,15000.0,561,0.36,1,0,5000.0,48,home_improvement,148.79,48,0
31,6,25400.0,467,0.3,3,1,21500.0,48,debt_consolidation,536.62,59,0
47,11,35000.0,504,0.28,0,0,13000.0,12,personal,1591.56,76,0
35,7,56400.0,673,0.23,0,0,24000.0,24,education,1206.34,136,0
27,1,17000.0,487,0.32,1,0,20000.0,12,home_improvement,174.18,35,0
29,1,20000.0,605,0.27,1,0,8000.0,24,personal,630.89,73,0
36,5,27900.0,427,0.28,1,0,13000.0,12,home_improvement,1197.83,53,0
34,9,36600.0,506,0.34,4,0,10500.0,24,debt_consolidation,511.66,80,0
45,13,22600.0,538,0.3,1,0,19500.0,12,business,1065.19,132,0
24,4,17200.0,300,0.27,0,0,9000.0,24,personal,160.33,18,0
40,18,29800.0,594,0.31,0,0,6000.0,48,business,1063.77,57,0
49,5,22700.0,467,0.26,1,0,12000.0,48,home_improvement,523.41,110,0
36,3,57100.0,620,0.18,1,0,13500.0,60,home_improvement,1179.8,68,0
41,8,56600.0,548,0.24,0,1,15500.0,60,personal,1519.83,78,0
52,16,32200.0,753,0.46,2,0,6000.0,24,home_improvement,1021.3,115,0
36,15,31000.0,489,0.19,0,0,7000.0,24,home_improvement,387.31,19,0
37,5,25300.0,585,0.26,0,0,14500.0,48,home_improvement,668.53,99,0
43,9,45600.0,477,0.31,2,1,9000.0,60,home_improvement,569.16,30,0
25,5,25400.0,478,0.23,2,0,19500.0,24,personal,483.67,15,0
37,9,21000.0,495,0.34,1,1,15500.0,12,debt_consolidation,184.24,104,0
47,12,38600.0,529,0.25,1,0,13000.0,48,personal,1728.76,79,0
32,7,24600.0,484,0.26,1,0,21000.0,48,personal,256.42,106,0
55,5,47400.0,673,0.48,3,0,9500.0,24,debt_consolidation,177.13,61,0
28,2,18900.0,376,0.1,0,0,5000.0,60,business,941.08,125,0
30,8,28900.0,569,0.25,3,0,16500.0,60,business,640.9,74,0
42,1,29200.0,579,0.28,1,0,5000.0,48,home_improvement,640.38,113,0
31,8,17600.0,423,0.16,0,0,10500.0,24,home_improvement,912.46,32,0
45,14,31800.0,630,0.2,2,0,28000.0,24,debt_consolidation,656.93,102,0
46,3,24100.0,590,0.14,0,1,18000.0,24,debt_consolidation,470.46,62,0
34,10,15000.0,696,0.26,1,0,7500.0,48,personal,124.24,65,0
39,11,43300.0,512,0.61,5,0,7500.0,60,business,1368.2,138,0
44,14,24700.0,579,0.36,1,1,7500.0,12,education,757.12,56,0
55,24,48000.0,701,0.13,0,0,5000.0,48,personal,1816.05,63,0
38,6,33000.0,463,0.32,2,1,15000.0,48,education,1628.71,65,0
36,5,20400.0,530,0.34,1,0,6500.0,48,personal,802.59,40,0
37,7,55400.0,584,0.22,2,0,23500.0,48,debt_consolidation,1510.68,85,0
38,8,18500.0,559,0.44,1,0,5000.0,12,personal,463.23,37,0
35,8,22000.0,465,0.25,1,1,5000.0,24,personal,580.28,156,0
58,18,47100.0,658,0.47,3,0,20000.0,36,education,2401.12,158,0
26,4,17600.0,594,0.23,2,0,5000.0,36,education,173.41,92,0
33,1,36600.0,565,0.38,2,0,12000.0,36,personal,677.84,20,0
40,5,36700.0,365,0.09,1,0,15500.0,12,home_improvement,440.15,42,0
37,14,64200.0,598,0.24,2,0,5000.0,60,education,2197.34,42,0
52,14,31700.0,488,0.11,0,0,23000.0,48,debt_consolidation,472.08,119,0
38,9,41500.0,530,0.19,0,1,29000.0,36,home_improvement,443.41,29,0
29,1,15000.0,530,0.2,0,0,7000.0,48,personal,270.35,77,0
49,14,32500.0,567,0.2,2,0,6500.0,24,debt_consolidation,1222.19,126,0
50,17,30300.0,533,0.1,0,1,5000.0,36,personal,111.91,105,0
50,5,23700.0,537,0.34,1,0,5000.0,12,business,898.99,122,0
54,13,25000.0,494,0.27,2,0,12500.0,12,personal,1012.66,72,0
38,5,22100.0,562,0.1,0,1,14500.0,60,personal,363.33,29,0
39,14,39600.0,529,0.22,0,0,5000.0,36,education,500.22,80,0
26,2,24500.0,473,0.2,0,0,5000.0,48,education,459.48,26,0
40,4,32900.0,646,0.29,2,0,31000.0,48,debt_consolidation,988.18,77,0
43,9,22600.0,449,0.35,1,0,7000.0,12,debt_consolidation,223.1,139,0
50,9,35200.0,599,0.47,2,0,8000.0,60,education,1840.69,124,0
39,12,39700.0,451,0.18,0,0,7500.0,24,education,1047.08,72,0
28,3,20300.0,388,0.06,0,0,24000.0,48,personal,509.65,7,0
53,6,30500.0,537,0.23,2,0,19500.0,24,personal,1451.43,47,0
31,10,39400.0,470,0.47,1,1,14500.0,60,business,1302.99,54,0
25,2,33700.0,560,0.44,0,0,7000.0,12,home_improvement,634.83,17,0
46,13,17700.0,419,0.38,2,0,5000.0,24,business,457.96,11,1
31,4,24900.0,363,0.21,2,0,5000.0,12,debt_consolidation,484.53,25,0
38,11,21700.0,426,0.19,1,0,5000.0,36,personal,239.29,120,0
39,3,19800.0,532,0.39,4,0,11000.0,12,personal,301.79,77,0
41,14,43200.0,606,0.13,1,0,21500.0,24,business,915.03,66,0
27,2,15000.0,443,0.2,0,0,5000.0,12,business,221.38,53,0
32,6,27500.0,573,0.28,1,0,7500.0,48,personal,735.13,17,0
28,5,25600.0,538,0.34,3,0,5000.0,12,debt_consolidation,917.66,12,0
35,5,45100.0,545,0.42,1,0,17000.0,12,debt_consolidation,675.28,35,0
47,13,47200.0,571,0.34,4,0,15000.0,48,education,489.84,19,0
56,12,33500.0,480,0.22,1,0,16000.0,36,home_improvement,912.59,182,0
51,6,31400.0,528,0.18,0,0,15500.0,24,debt_consolidation,1360.63,68,0
36,7,27500.0,461,0.24,2,0,23500.0,12,personal,649.23,67,0
30,6,67200.0,614,0.16,0,0,34500.0,60,home_improvement,3092.65,13,0
45,4,30700.0,538,0.23,0,0,17500.0,24,home_improvement,1299.1,93,0
52,15,68500.0,675,0.35,2,0,13000.0,48,home_improvement,1265.28,96,0
36,4,22300.0,473,0.25,0,0,17000.0,36,debt_consolidation,570.25,113,0
31,6,19000.0,434,0.36,0,0,11000.0,24,education,799.17,62,0
48,9,29900.0,464,0.64,4,1,6500.0,12,personal,733.46,89,0
40,6,22200.0,521,0.25,0,0,22000.0,12,home_improvement,974.6,64,0
49,23,30300.0,635,0.27,0,1,5000.0,24,business,491.87,53,0
52,9,43600.0,540,0.38,4,0,21000.0,60,home_improvement,1495.52,120,0
36,14,49600.0,431,0.21,1,1,8000.0,48,personal,1924.46,151,0
26,6,32500.0,404,0.35,0,1,5000.0,24,business,1880.28,86,0
45,13,37300.0,593,0.25,2,0,6000.0,36,debt_consolidation,297.59,148,0
28,4,15000.0,442,0.08,0,0,21500.0,60,business,487.36,61,0
34,6,19100.0,495,0.3,1,0,8500.0,48,personal,250.13,133,1
40,1,37900.0,480,0.18,0,0,13500.0,12,home_improvement,464.84,35,0
42,7,43200.0,504,0.3,3,0,17500.0,36,debt_consolidation,1511.94,70,0
38,7,34400.0,548,0.11,0,0,18500.0,24,personal,1038.69,41,0
47,22,46200.0,669,0.3,3,0,12000.0,36,personal,591.48,91,0
31,3,53400.0,589,0.38,4,1,7000.0,24,home_improvement,992.37,53,0
39,8,48200.0,530,0.27,1,0,20000.0,60,debt_consolidation,1974.19,102,0
63,18,70700.0,639,0.29,1,0,26500.0,60,home_improvement,723.67,184,0
32,7,26000.0,469,0.27,0,0,8000.0,24,personal,270.94,57,0
40,15,25800.0,437,0.15,1,0,15000.0,48,home_improvement,1053.76,86,0
57,29,34400.0,541,0.42,0,0,17000.0,60,home_improvement,673.52,221,0
33,9,35200.0,352,0.3,1,0,9000.0,60,personal,519.52,11,0
42,11,61900.0,539,0.16,0,0,24000.0,12,home_improvement,1121.81,19,0
26,3,19500.0,474,0.09,0,1,5000.0,36,debt_consolidation,619.33,56,0
45,8,24700.0,520,0.25,0,1,13000.0,36,debt_consolidation,609.31,208,0
54,19,28600.0,569,0.3,0,0,16000.0,12,home_improvement,787.32,184,0
46,7,25000.0,622,0.36,2,0,6000.0,36,business,1259.15,99,0
54,30,37200.0,562,0.17,2,0,24000.0,36,education,1173.07,198,0
33,4,20200.0,506,0.39,1,1,18500.0,60,home_improvement,707.79,59,1
32,3,20800.0,542,0.41,1,0,5000.0,24,education,921.0,126,0
31,7,21200.0,448,0.25,0,0,5000.0,48,business,539.87,127,0
43,13,27700.0,592,0.25,1,0,5000.0,24,debt_consolidation,850.91,85,0
31,3,28500.0,575,0.27,2,0,18500.0,12,home_improvement,811.65,38,0
46,8,34800.0,530,0.28,2,0,21000.0,36,personal,1003.3,42,0
42,13,21400.0,445,0.26,0,0,19000.0,12,debt_consolidation,346.4,71,0
24,3,18000.0,480,0.27,0,0,5000.0,48,debt_consolidation,610.73,63,0
38,4,20500.0,482,0.49,2,0,12000.0,48,personal,116.19,93,0
51,3,32400.0,480,0.28,2,0,25000.0,24,personal,100.0,144,0
36,10,20400.0,511,0.58,2,1,8500.0,48,home_improvement,308.87,106,0
37,3,29300.0,537,0.19,2,0,24000.0,12,personal,836.14,89,0
42,4,15000.0,554,0.16,0,0,5000.0,24,debt_consolidation,115.14,36,0
22,1,25700.0,475,0.26,1,0,22000.0,24,personal,863.49,9,1
28,4,18400.0,499,0.36,1,0,11000.0,48,debt_consolidation,1001.71,23,0
44,6,26900.0,537,0.51,1,0,23500.0,48,personal,652.94,86,0
30,3,16900.0,469,0.4,1,0,5000.0,36,personal,262.57,68,0
57,18,20200.0,593,0.4,0,0,18000.0,60,personal,548.22,113,0
52,12,48200.0,690,0.31,1,0,19000.0,24,personal,2404.62,92,0
33,4,25000.0,490,0.24,2,0,13500.0,12,personal,259.9,51,0
32,3,37100.0,594,0.13,1,0,5000.0,36,debt_consolidation,1576.63,24,0
30,4,19700.0,513,0.31,0,0,8500.0,12,personal,608.47,62,0
34,11,30200.0,509,0.29,1,0,22000.0,48,home_improvement,1332.26,78,0
35,9,17000.0,523,0.23,0,0,11000.0,60,home_improvement,283.87,64,0
49,2,42700.0,559,0.67,5,0,5000.0,24,personal,2314.48,127,0
49,14,41600.0,527,0.25,1,0,14500.0,12,home_improvement,1933.1,145,0
39,18,54600.0,416,0.22,2,0,20000.0,12,personal,1040.86,42,0
35,8,19900.0,468,0.14,0,1,5000.0,48,personal,640.22,109,0
60,22,53400.0,547,0.14,1,0,8500.0,24,education,485.69,166,0
33,4,33900.0,496,0.15,0,0,11500.0,12,education,1008.12,51,0
33,9,21900.0,484,0.46,3,1,5000.0,36,business,670.84,70,0
38,13,46600.0,458,0.37,4,0,7500.0,36,home_improvement,704.39,73,0
35,6,15000.0,485,0.21,1,0,5000.0,60,personal,276.11,55,0
38,11,51100.0,560,0.26,2,1,25000.0,12,home_improvement,806.83,110,0
59,20,45400.0,458,0.18,1,0,11000.0,60,personal,419.62,124,0
43,7,15000.0,428,0.28,2,0,5000.0,24,debt_consolidation,444.22,96,0
57,21,41800.0,483,0.16,0,0,7000.0,12,debt_consolidation,1709.15,115,0
46,20,31300.0,537,0.05,0,0,5000.0,24,business,963.2,36,0
40,0,15000.0,559,0.38,1,0,6500.0,12,debt_consolidation,225.23,42,0
55,17,49600.0,646,0.23,2,0,13000.0,48,debt_consolidation,199.97,67,0
33,3,17300.0,440,0.28,1,0,5000.0,48,personal,473.06,5,0
29,8,20200.0,553,0.17,1,0,5000.0,12,debt_consolidation,383.93,86,0
58,25,60900.0,638,0.3,1,0,21000.0,24,personal,762.58,38,0
41,6,33900.0,648,0.53,4,0,9000.0,24,personal,706.48,60,0
55,13,38700.0,569,0.34,2,0,16000.0,48,education,746.46,115,0
50,12,34300.0,548,0.25,1,0,14000.0,48,personal,1154.01,6,0
47,24,25700.0,536,0.22,1,0,10500.0,60,home_improvement,1214.47,83,0
54,6,23200.0,444,0.28,3,0,13500.0,48,home_improvement,499.91,145,0
41,8,33600.0,547,0.4,1,1,18000.0,24,home_improvement,1207.43,22,0
49,8,16900.0,539,0.39,1,0,5000.0,12,home_improvement,672.59,106,0
42,13,57200.0,611,0.53,5,0,17000.0,60,personal,2840.8,94,0
31,5,20600.0,548,0.29,2,0,20000.0,24,personal,276.15,47,0
38,8,31200.0,526,0.19,0,0,5000.0,24,home_improvement,593.52,36,0
40,7,21200.0,474,0.36,1,1,5000.0,24,home_improvement,647.67,66,0
42,15,27500.0,497,0.2,2,0,7500.0,12,personal,665.63,94,0
33,8,48300.0,540,0.25,2,0,27000.0,48,debt_consolidation,833.33,109,0
46,5,30100.0,390,0.33,1,0,13500.0,48,home_improvement,549.77,128,1
51,13,37000.0,534,0.21,0,0,18000.0,60,education,1317.8,52,0
46,18,18800.0,561,0.3,3,1,14000.0,12,debt_consolidation,797.36,159,0
38,5,21900.0,482,0.2,1,1,10000.0,48,personal,299.19,72,0
47,5,28000.0,437,0.3,3,1,5000.0,36,debt_consolidation,1181.85,132,0
57,16,30000.0,707,0.1,0,1,31500.0,48,home_improvement,773.03,57,0
50,15,36800.0,523,0.18,0,1,8500.0,12,debt_consolidation,1411.23,125,0
57,11,27900.0,569,0.4,1,0,34500.0,12,debt_consolidation,808.33,168,0
34,8,26100.0,570,0.24,1,0,11000.0,24,debt_consolidation,425.24,60,0
29,2,26700.0,590,0.11,0,2,8000.0,36,home_improvement,1069.89,7,0
22,2,25600.0,408,0.06,0,1,5000.0,48,debt_consolidation,626.39,32,0
39,13,46800.0,431,0.27,1,1,32500.0,36,personal,1000.95,110,0
38,8,22900.0,453,0.35,0,0,18000.0,60,home_improvement,750.85,96,0
27,3,15200.0,533,0.41,0,0,9000.0,60,debt_consolidation,668.92,14,0
38,4,20100.0,616,0.55,0,0,15000.0,36,personal,917.47,57,0
55,2,37000.0,471,0.1,0,1,15500.0,48,debt_consolidation,904.91,120,0
48,6,42100.0,580,0.45,3,0,18000.0,36,home_improvement,1737.38,63,0
43,4,15000.0,480,0.22,0,0,5000.0,24,home_improvement,100.0,85,0
49,8,70400.0,550,0.28,3,0,27500.0,24,education,1032.84,148,0
27,2,20800.0,460,0.14,1,0,13000.0,12,home_improvement,100.0,15,0
28,3,21100.0,521,0.21,2,0,5000.0,24,personal,765.3,38,0
33,3,19500.0,459,0.26,3,0,17500.0,48,home_improvement,245.78,109,0
32,4,15000.0,545,0.34,3,0,18500.0,36,debt_consolidation,490.34,27,0
54,0,35100.0,466,0.34,1,0,19000.0,36,personal,1729.06,133,0
53,21,25500.0,577,0.08,0,0,14500.0,48,personal,870.8,13,0
35,12,25000.0,566,0.47,3,0,5000.0,12,personal,432.34,6,0
43,16,58700.0,530,0.28,1,1,18500.0,48,home_improvement,1681.06,48,0
30,8,49400.0,441,0.07,0,0,19000.0,24,personal,1137.31,58,0
45,6,30400.0,518,0.17,0,0,15000.0,36,personal,1018.71,59,0
39,5,63800.0,482,0.1,0,0,20500.0,60,business,1996.89,46,0
39,3,35500.0,509,0.37,3,0,19000.0,24,business,1221.12,67,0
35,8,26700.0,465,0.35,0,1,17000.0,48,personal,181.31,90,1
33,4,16600.0,581,0.58,5,0,6000.0,36,home_improvement,872.32,30,0
39,8,41500.0,626,0.17,0,0,5000.0,24,home_improvement,838.29,68,0
38,10,33200.0,549,0.27,0,1,25500.0,24,debt_consolidation,694.06,153,0
29,3,33400.0,450,0.29,1,0,10500.0,48,debt_consolidation,177.24,30,0
49,25,54500.0,627,0.27,1,1,8500.0,12,business,1476.29,108,0
37,9,39900.0,611,0.32,1,1,5000.0,36,education,320.85,11,0
40,6,27600.0,393,0.2,1,0,9500.0,12,personal,1584.52,63,0
56,13,24800.0,621,0.15,0,0,5000.0,24,debt_consolidation,230.52,45,0
34,6,17600.0,496,0.26,0,0,8000.0,36,business,289.05,45,0
34,7,24900.0,586,0.33,1,0,5000.0,12,debt_consolidation,826.69,33,0
51,10,26800.0,649,0.23,1,1,5000.0,24,home_improvement,594.39,93,0
41,8,21900.0,523,0.35,2,1,5000.0,36,personal,355.69,89,0
24,2,15000.0,546,0.26,0,1,5000.0,36,home_improvement,185.54,24,0
28,3,15000.0,329,0.42,1,0,5000.0,48,business,710.21,88,0
27,4,23200.0,385,0.05,0,0,5000.0,24,education,777.85,26,0
48,19,69800.0,499,0.5,3,0,38500.0,60,debt_consolidation,621.75,68,0
26,5,30600.0,510,0.15,0,0,8500.0,48,home_improvement,1271.74,3,0
37,11,39000.0,459,0.15,1,0,11500.0,48,education,1605.44,32,0
36,4,15000.0,315,0.11,0,0,9500.0,24,personal,263.47,131,0
49,2,15000.0,589,0.33,2,0,9000.0,60,debt_consolidation,591.28,39,0
46,13,47300.0,560,0.18,1,0,19500.0,24,business,1445.42,47,0
35,9,30300.0,505,0.17,0,0,9500.0,24,personal,643.18,25,0
38,3,41600.0,453,0.32,0,0,8000.0,60,education,194.95,30,0
35,9,31900.0,398,0.27,1,0,5500.0,60,debt_consolidation,144.49,78,0
51,7,45700.0,531,0.39,2,0,18500.0,48,personal,2194.47,175,0
50,3,23100.0,480,0.22,0,0,5000.0,48,personal,637.37,84,0
30,6,20000.0,548,0.31,1,0,12000.0,12,business,529.71,47,0
25,1,23900.0,509,0.15,0,0,13500.0,12,education,482.38,19,0
23,4,15000.0,464,0.17,0,0,5000.0,12,personal,328.69,28,0
58,4,29200.0,512,0.18,1,0,15500.0,48,home_improvement,397.77,184,0
34,7,35500.0,512,0.51,2,1,19500.0,12,personal,1044.14,68,0
39,10,41100.0,497,0.23,1,0,5000.0,12,personal,1706.6,69,0
46,2,25800.0,474,0.19,0,0,5000.0,36,personal,797.26,95,0
43,9,29000.0,566,0.09,0,0,13000.0,36,debt_consolidation,848.1,49,0
36,12,31800.0,513,0.06,0,0,25000.0,24,education,959.33,50,0
33,4,21500.0,449,0.26,0,0,10000.0,60,personal,559.88,48,0
47,5,34800.0,603,0.18,0,0,26000.0,12,business,1224.73,86,0
53,25,22100.0,403,0.51,2,0,5000.0,24,education,100.0,129,0
50,9,22400.0,448,0.21,1,0,12500.0,48,personal,311.78,170,0
29,4,17700.0,562,0.43,1,0,5000.0,12,home_improvement,703.08,47,0
49,21,19700.0,552,0.41,1,1,9000.0,48,home_improvement,1017.68,81,0
48,17,22200.0,434,0.27,0,0,5000.0,36,personal,612.48,59,0
43,7,15500.0,482,0.31,2,0,20500.0,36,home_improvement,346.53,45,0
42,6,32800.0,631,0.18,2,1,11000.0,60,debt_consolidation,437.85,122,0
45,7,23400.0,534,0.15,0,0,5000.0,24,debt_consolidation,719.77,107,0
48,17,69700.0,534,0.35,1,0,36000.0,24,education,261.15,150,0
44,2,41100.0,570,0.43,2,0,24000.0,24,business,880.74,65,0
38,1,16000.0,472,0.14,0,0,5000.0,48,home_improvement,601.04,96,0
47,11,32900.0,574,0.34,2,1,5000.0,36,business,1301.25,39,0
39,13,25000.0,524,0.17,1,0,21000.0,60,business,100.0,81,0
29,2,22000.0,435,0.41,1,0,11000.0,12,business,677.5,67,0
42,18,15000.0,424,0.25,2,0,11000.0,12,home_improvement,624.66,38,0
47,16,26700.0,590,0.08,0,1,5000.0,36,home_improvement,416.43,54,0
38,9,22300.0,427,0.35,1,0,17500.0,24,business,708.54,99,0
25,6,38500.0,383,0.16,0,1,11500.0,60,home_improvement,878.0,18,0
45,5,26600.0,431,0.18,0,0,10500.0,48,debt_consolidation,1522.06,133,0
53,13,36300.0,519,0.35,1,0,17000.0,24,home_improvement,1389.45,89,0
33,11,26100.0,430,0.25,0,0,13000.0,24,personal,949.2,21,0
40,7,16800.0,443,0.11,0,0,8500.0,12,home_improvement,604.33,125,0
37,9,45600.0,619,0.22,2,0,7000.0,60,business,1130.32,46,0
50,2,31300.0,598,0.3,3,1,12500.0,24,home_improvement,1079.01,101,0
33,6,15000.0,554,0.39,3,0,5000.0,24,debt_consolidation,547.77,19,0
37,4,17900.0,433,0.29,1,0,5000.0,48,home_improvement,370.4,96,0
46,14,20800.0,559,0.19,0,0,20000.0,12,home_improvement,565.29,114,0
27,2,50200.0,533,0.09,0,0,8500.0,36,home_improvement,2250.11,17,0
41,5,23300.0,570,0.25,0,0,13000.0,24,personal,399.59,128,0
52,18,54300.0,596,0.22,0,0,10500.0,12,personal,1639.42,47,0
60,11,20300.0,605,0.12,1,0,5000.0,24,personal,785.27,144,0
37,15,40200.0,461,0.26,3,0,21000.0,60,education,846.37,88,0
40,2,41000.0,523,0.38,4,0,14000.0,36,personal,1160.18,85,0
50,2,19300.0,556,0.52,2,0,5000.0,24,personal,793.58,121,0
38,7,41900.0,475,0.33,0,1,8000.0,12,home_improvement,892.87,32,0
52,24,74800.0,560,0.19,2,0,27500.0,36,personal,1892.45,36,0
41,6,30900.0,352,0.09,0,0,11000.0,24,business,1053.29,34,0
52,10,35400.0,503,0.23,2,1,8000.0,36,debt_consolidation,929.82,46,0
28,3,27700.0,516,0.52,2,0,7000.0,48,personal,361.43,62,0
34,7,21000.0,453,0.27,2,1,14500.0,48,personal,923.79,41,1
41,12,44100.0,585,0.15,2,0,8500.0,12,personal,1152.41,145,0
48,4,26900.0,533,0.43,2,0,14000.0,48,debt_consolidation,1196.46,82,0
28,6,31000.0,445,0.24,0,0,5000.0,60,debt_consolidation,1154.96,46,0
25,1,20700.0,466,0.13,1,0,5000.0,48,personal,566.78,35,0
38,4,38800.0,551,0.25,3,0,14500.0,24,home_improvement,1930.09,73,0
26,1,20400.0,557,0.12,0,0,30000.0,24,debt_consolidation,532.62,21,0
58,11,97500.0,662,0.07,1,0,15500.0,12,home_improvement,2965.64,83,0
44,18,17200.0,554,0.48,4,0,5000.0,36,personal,347.27,35,0
49,12,35000.0,653,0.21,1,0,13000.0,36,home_improvement,938.88,70,0
58,17,74200.0,496,0.18,2,0,22500.0,24,debt_consolidation,761.84,143,0
38,5,55600.0,481,0.32,2,0,5000.0,24,home_improvement,994.24,21,0
41,12,31700.0,470,0.24,1,1,5000.0,36,business,618.88,34,0
39,11,47200.0,637,0.19,0,0,12500.0,12,debt_consolidation,1580.85,52,0
27,3,28600.0,463,0.25,0,0,10500.0,36,home_improvement,986.19,29,0
47,19,63500.0,557,0.14,2,0,30000.0,48,home_improvement,1156.52,103,0
32,9,33200.0,495,0.48,3,1,22000.0,24,home_improvement,1371.28,77,0
36,7,15000.0,473,0.27,1,0,5000.0,48,debt_consolidation,204.5,48,0
26,3,19300.0,437,0.2,0,0,10500.0,60,personal,567.14,37,0
30,2,15000.0,464,0.37,3,0,8500.0,36,education,332.57,53,0
28,5,15000.0,489,0.24,0,0,22500.0,12,debt_consolidation,608.15,46,0
26,2,32000.0,502,0.32,3,0,5500.0,60,personal,589.16,68,0
34,5,33800.0,401,0.17,1,0,13000.0,24,personal,1216.34,85,0
57,9,23000.0,464,0.1,0,0,10000.0,60,debt_consolidation,753.78,69,0
28,2,20300.0,390,0.34,2,1,6500.0,12,business,334.89,58,0
27,5,38500.0,576,0.25,1,0,11500.0,36,personal,1007.64,34,0
36,11,28000.0,485,0.3,0,0,5000.0,12,debt_consolidation,549.36,30,0
42,11,31800.0,463,0.17,1,0,19000.0,24,debt_consolidation,1226.45,107,0
40,5,19000.0,456,0.33,1,1,5000.0,60,education,881.02,74,0
31,9,18300.0,448,0.21,1,1,14000.0,12,personal,434.63,33,0
38,14,32700.0,630,0.19,0,0,21500.0,12,education,1155.21,65,0
32,7,20000.0,524,0.22,0,0,13500.0,48,personal,791.97,78,0
52,7,60700.0,562,0.23,3,0,13000.0,24,home_improvement,1250.48,158,0
46,15,55200.0,469,0.67,6,0,16000.0,24,personal,2178.49,297,0
42,4,28200.0,487,0.21,1,1,5000.0,24,personal,996.91,105,0
25,3,21300.0,492,0.07,0,0,9500.0,36,business,242.38,6,0
31,11,40100.0,564,0.15,1,0,5000.0,12,personal,1295.72,52,0
42,13,42000.0,478,0.34,2,0,15000.0,36,personal,1836.38,151,0
44,14,49500.0,595,0.32,0,1,8500.0,36,personal,1847.04,71,0
49,12,65900.0,601,0.2,0,0,35500.0,60,debt_consolidation,1433.52,152,0
41,3,27800.0,543,0.26,1,1,6000.0,12,business,378.21,85,0
24,3,45700.0,602,0.11,0,0,6000.0,36,personal,891.51,41,0
43,10,36600.0,539,0.12,0,0,26000.0,36,personal,259.07,50,0
27,3,26900.0,424,0.45,0,0,8000.0,36,home_improvement,1205.31,41,0
53,9,35300.0,552,0.25,1,0,18500.0,24,debt_consolidation,726.7,118,0
46,11,15000.0,482,0.29,1,0,10000.0,12,home_improvement,240.01,22,0
45,3,32600.0,497,0.17,2,1,5000.0,36,business,512.97,145,0
63,25,34600.0,617,0.35,0,0,24000.0,48,personal,1627.85,158,0
26,4,26100.0,559,0.4,1,0,7000.0,12,home_improvement,930.76,85,0
27,4,20400.0,422,0.15,0,0,5000.0,48,debt_consolidation,395.13,40,0
31,2,18200.0,528,0.51,5,0,6000.0,24,personal,723.26,52,0
58,11,46300.0,676,0.2,1,0,10000.0,60,home_improvement,1476.34,16,0
38,2,27600.0,514,0.23,1,1,8500.0,48,debt_consolidation,1124.98,59,0
23,0,15000.0,504,0.1,0,0,5000.0,60,debt_consolidation,175.66,46,0
37,8,40900.0,626,0.39,1,0,10500.0,48,debt_consolidation,1391.53,21,0
43,16,45000.0,583,0.28,0,0,13500.0,36,home_improvement,826.82,85,0
41,15,64000.0,542,0.46,2,0,21000.0,12,home_improvement,112.57,3,0
59,22,54600.0,527,0.4,2,1,16500.0,48,home_improvement,1675.63,67,0
25,2,17100.0,340,0.2,1,0,5000.0,24,home_improvement,625.99,75,0
43,7,35200.0,473,0.15,1,0,14500.0,60,personal,920.84,98,0
49,6,20200.0,477,0.12,0,0,5000.0,60,debt_consolidation,640.96,185,0
31,4,20900.0,404,0.14,1,0,5000.0,24,home_improvement,604.89,19,0
25,4,29900.0,464,0.1,1,1,12500.0,12,debt_consolidation,1496.24,70,0
29,3,15000.0,461,0.27,2,0,5000.0,24,education,421.77,57,0
36,6,39500.0,620,0.54,2,0,11500.0,60,business,823.32,69,0
31,7,19300.0,502,0.18,0,0,18500.0,48,debt_consolidation,204.03,49,0
25,3,25500.0,493,0.39,3,0,5000.0,24,debt_consolidation,979.18,38,0
46,15,42200.0,569,0.48,1,0,17000.0,12,home_improvement,1563.0,42,0
49,9,64000.0,587,0.16,0,1,14500.0,48,home_improvement,1976.46,127,0
44,7,23500.0,409,0.4,1,0,5000.0,48,business,157.89,60,0
30,3,57300.0,472,0.37,1,0,17000.0,24,personal,1365.86,16,0
30,3,26200.0,457,0.3,3,0,9000.0,24,personal,599.88,52,0
27,6,28000.0,550,0.29,0,0,15000.0,24,debt_consolidation,744.58,44,0
32,10,25800.0,402,0.56,3,1,23000.0,60,personal,762.2,57,1
41,4,22600.0,528,0.13,1,0,5000.0,24,personal,356.47,117,0
29,2,38300.0,509,0.06,0,0,11000.0,12,business,954.66,41,0
29,1,15000.0,538,0.23,0,1,5000.0,48,business,224.97,84,0
45,10,21300.0,526,0.28,2,1,20000.0,60,home_improvement,679.33,220,0
43,11,50300.0,565,0.52,2,0,27500.0,12,home_improvement,751.25,50,0
55,17,49800.0,590,0.37,1,0,16000.0,24,home_improvement,965.16,200,0
38,8,36600.0,425,0.14,1,1,7000.0,24,business,877.64,124,0
56,7,27100.0,501,0.37,0,0,18000.0,60,home_improvement,948.44,162,0
49,13,31100.0,507,0.35,1,0,8500.0,12,personal,1030.14,126,0
30,7,21500.0,561,0.33,2,0,9500.0,36,personal,271.33,21,0
34,5,15000.0,421,0.14,0,0,9000.0,36,debt_consolidation,412.95,79,0
53,7,33600.0,511,0.43,2,0,5000.0,36,business,1597.86,220,0
36,6,68400.0,562,0.18,1,0,16000.0,24,personal,1215.48,21,0
34,8,25700.0,459,0.12,1,1,17500.0,12,education,674.04,50,0
40,4,41800.0,535,0.17,0,0,13000.0,36,home_improvement,1833.01,48,0
42,10,43900.0,597,0.09,0,0,16000.0,60,personal,1243.21,45,0
40,12,24200.0,467,0.22,1,0,5000.0,60,personal,959.39,39,0
57,15,77900.0,585,0.31,3,0,26000.0,36,personal,2208.92,35,0
34,10,23100.0,384,0.39,1,0,13500.0,12,personal,143.95,38,0
54,24,33800.0,490,0.27,0,0,24500.0,60,personal,1066.82,114,0
21,1,15000.0,480,0.33,1,1,9500.0,36,home_improvement,332.92,62,0
56,19,27700.0,440,0.18,1,0,5000.0,36,personal,225.75,57,0
43,12,18200.0,498,0.2,1,0,7500.0,24,debt_consolidation,123.74,86,0
25,2,18800.0,413,0.23,1,0,12500.0,60,personal,162.98,29,0
38,6,15000.0,558,0.33,1,0,18000.0,36,home_improvement,474.78,38,0
33,4,21400.0,475,0.13,1,0,11000.0,36,personal,778.66,64,0
26,4,22600.0,460,0.2,1,0,19500.0,24,home_improvement,499.82,25,0
31,6,38100.0,539,0.35,4,0,19500.0,48,education,773.22,64,0
39,8,23300.0,574,0.24,1,1,8500.0,48,personal,526.13,57,0
33,8,36000.0,477,0.32,2,0,18000.0,24,business,1874.08,37,0
44,11,24100.0,434,0.16,1,0,17000.0,12,personal,219.86,144,0
56,30,49900.0,587,0.32,0,0,12000.0,12,home_improvement,1483.49,97,0
47,3,50100.0,510,0.34,4,1,21000.0,12,home_improvement,1779.35,119,0
45,18,41900.0,562,0.32,0,1,9000.0,36,debt_consolidation,276.39,80,1
24,0,29700.0,549,0.15,1,0,11500.0,36,debt_consolidation,512.94,10,0
52,13,44000.0,502,0.2,2,0,9500.0,60,personal,1195.64,72,0
42,8,31800.0,597,0.48,2,0,17000.0,48,personal,561.59,43,0
37,6,22500.0,563,0.21,2,0,24000.0,60,debt_consolidation,392.4,12,0
39,13,24500.0,499,0.35,0,2,8500.0,60,debt_consolidation,637.44,39,0
33,6,15300.0,526,0.27,2,0,17500.0,24,personal,441.46,12,0
53,5,44300.0,560,0.4,3,0,13500.0,24,business,609.03,102,0
34,5,15000.0,493,0.4,1,2,12000.0,12,personal,398.97,33,0
28,5,18000.0,417,0.36,0,0,15500.0,24,business,436.66,26,0
49,9,51200.0,518,0.23,1,0,27500.0,24,home_improvement,2855.22,130,0
48,14,42600.0,505,0.25,1,0,14000.0,48,personal,1408.57,148,0
42,17,44000.0,619,0.59,1,0,18500.0,60,personal,1464.24,42,0
43,16,66900.0,630,0.24,1,1,9500.0,36,debt_consolidation,812.88,94,0
50,5,38300.0,517,0.29,1,0,10500.0,36,business,220.92,145,0
34,3,20200.0,510,0.29,1,1,5000.0,12,education,694.49,29,0
52,12,56600.0,721,0.35,1,0,26000.0,12,debt_consolidation,2366.56,129,1
36,3,30300.0,502,0.32,2,1,19500.0,48,debt_consolidation,1327.26,48,0
58,23,50800.0,693,0.59,6,0,21500.0,24,home_improvement,2450.59,158,0
40,5,17700.0,550,0.3,2,0,20500.0,12,business,321.31,41,0
39,13,34000.0,578,0.42,4,0,13000.0,12,personal,908.03,79,0
47,8,30100.0,564,0.19,1,0,5000.0,36,home_improvement,728.93,154,0
44,11,42000.0,552,0.2,2,0,12500.0,48,home_improvement,1099.71,109,0
26,2,32400.0,482,0.52,2,0,8500.0,60,debt_consolidation,139.76,28,0
53,14,33800.0,519,0.3,0,1,11500.0,60,personal,1184.75,89,0
28,3,17100.0,477,0.36,0,0,14500.0,24,home_improvement,305.94,5,0
44,8,29800.0,449,0.37,2,1,20500.0,24,home_improvement,1243.08,113,0
58,5,28800.0,753,0.51,2,0,16000.0,36,home_improvement,147.86,79,0
42,10,102200.0,576,0.4,6,0,46000.0,36,business,2695.09,106,0
31,2,15500.0,482,0.26,2,0,5000.0,12,debt_consolidation,700.87,76,0
47,17,67600.0,581,0.16,1,0,29500.0,60,business,1623.99,114,0
52,25,81300.0,536,0.18,2,1,22500.0,36,business,874.72,150,0
45,10,33500.0,563,0.24,2,0,13000.0,12,education,1083.14,73,0
48,11,26800.0,564,0.18,1,0,5000.0,24,education,1280.74,140,0
34,3,30600.0,524,0.16,0,1,7000.0,48,personal,898.1,27,0
29,3,36600.0,543,0.24,0,0,7500.0,12,home_improvement,1722.74,1,0
35,11,25900.0,467,0.08,0,0,5000.0,12,home_improvement,1311.36,60,0
54,31,67600.0,569,0.04,0,0,22000.0,36,business,2329.82,212,0
50,10,25800.0,500,0.15,0,0,5000.0,48,education,872.16,36,0
29,5,15600.0,529,0.23,0,1,20500.0,36,education,541.23,19,0
44,13,26900.0,589,0.4,0,0,12500.0,48,home_improvement,355.02,180,0
49,11,48100.0,522,0.43,2,0,5000.0,24,personal,910.63,162,0
37,10,33300.0,514,0.34,1,1,14000.0,60,education,957.37,84,0
39,11,34000.0,564,0.19,1,0,12000.0,48,business,312.79,200,0
41,6,38900.0,582,0.28,3,0,20000.0,60,personal,1201.6,66,1
35,6,19500.0,488,0.41,0,0,7500.0,36,personal,223.34,64,0
50,9,49700.0,568,0.2,2,0,6500.0,60,personal,1203.82,18,0
38,8,39400.0,609,0.16,1,0,5000.0,12,business,785.04,24,0
30,7,17600.0,537,0.36,0,0,20000.0,60,business,650.53,15,0
40,8,15000.0,521,0.14,0,1,11000.0,24,business,100.0,120,0
30,6,15300.0,473,0.21,2,0,16500.0,60,business,239.11,40,0
52,10,19100.0,511,0.31,0,0,23000.0,36,personal,136.84,204,0
51,12,44000.0,571,0.36,2,0,16000.0,48,education,1419.9,104,0
57,31,57500.0,524,0.31,4,0,10500.0,36,personal,564.44,52,0
40,7,38100.0,584,0.38,2,0,20000.0,36,personal,988.71,46,0
46,5,17900.0,519,0.32,1,1,8500.0,12,home_improvement,233.54,49,0
38,5,60000.0,550,0.28,2,0,20500.0,48,personal,1929.24,47,0
40,7,15000.0,476,0.41,2,0,5000.0,36,home_improvement,250.58,177,0
32,1,34200.0,426,0.12,0,0,9000.0,36,home_improvement,873.77,97,0
37,15,48000.0,518,0.14,1,0,31000.0,36,personal,100.0,42,0
33,8,27800.0,506,0.32,2,0,5000.0,24,personal,1417.14,107,0
39,10,27800.0,618,0.14,0,0,16000.0,48,personal,1122.27,51,0
41,8,41000.0,503,0.24,1,1,18000.0,36,personal,1345.95,153,0
39,17,43500.0,518,0.41,3,0,18000.0,36,home_improvement,885.51,80,0
61,2,77200.0,689,0.13,2,1,5000.0,48,personal,1753.38,83,0
27,3,19300.0,488,0.25,3,0,5000.0,24,personal,202.06,26,0
39,6,33000.0,582,0.29,0,0,11000.0,36,personal,495.14,34,0
62,11,67200.0,640,0.29,0,1,19000.0,60,personal,1456.87,40,0
34,3,32900.0,441,0.28,1,1,8000.0,60,home_improvement,1167.68,79,0
26,4,30500.0,403,0.15,0,1,8000.0,12,personal,485.97,83,0
45,12,30300.0,559,0.35,0,0,12000.0,12,personal,250.13,23,0
25,2,19100.0,491,0.29,0,0,17500.0,60,home_improvement,808.67,55,0
40,8,15400.0,535,0.48,2,0,5000.0,24,home_improvement,100.0,34,0
56,24,35600.0,476,0.25,2,0,10500.0,48,home_improvement,747.07,121,0
45,13,50600.0,531,0.24,3,1,5000.0,36,business,1289.9,80,0
31,6,20600.0,587,0.34,4,1,8000.0,12,debt_consolidation,100.0,66,0
40,7,29500.0,602,0.19,1,0,5000.0,12,personal,1292.25,20,0
40,8,26900.0,481,0.33,3,0,13000.0,48,business,1046.86,62,0
44,7,35700.0,493,0.19,2,0,5000.0,60,personal,972.15,75,0
47,13,25700.0,647,0.42,1,1,5000.0,48,debt_consolidation,255.42,67,0
36,12,44600.0,535,0.09,1,1,25000.0,36,debt_consolidation,1374.9,32,0
47,4,33200.0,456,0.23,2,1,16500.0,12,debt_consolidation,1240.78,68,0
36,6,24000.0,457,0.2,0,0,8500.0,60,home_improvement,1170.62,20,0
40,9,23100.0,466,0.2,0,0,14500.0,36,personal,358.96,113,0
39,5,24000.0,528,0.29,1,0,23000.0,48,education,1191.48,95,0
41,8,22300.0,537,0.4,1,0,5000.0,12,debt_consolidation,702.24,65,0
59,20,26400.0,536,0.12,1,0,12500.0,36,home_improvement,1124.9,62,0
47,9,64200.0,596,0.15,1,0,9000.0,12,personal,2608.02,124,0
33,9,15000.0,410,0.44,2,0,9000.0,48,personal,260.06,85,1
43,9,36100.0,607,0.1,1,0,13500.0,60,home_improvement,781.79,93,0
43,5,26200.0,534,0.29,1,0,5000.0,12,personal,913.02,25,0
40,10,31500.0,466,0.39,3,0,11500.0,36,home_improvement,1142.09,126,0
44,8,52200.0,419,0.15,1,0,16500.0,36,personal,1763.12,42,0
28,4,28100.0,534,0.33,1,1,5000.0,60,debt_consolidation,514.91,40,0
38,12,33000.0,415,0.35,2,1,12500.0,48,education,819.99,86,0
32,2,15000.0,477,0.11,0,0,16000.0,12,debt_consolidation,456.28,11,0
51,4,40400.0,556,0.36,2,0,10500.0,12,business,1318.76,144,0
48,19,65600.0,440,0.41,2,0,7500.0,36,home_improvement,1865.64,79,0
38,11,31400.0,600,0.21,1,1,5000.0,12,business,505.67,30,0
42,6,27400.0,429,0.35,1,0,5000.0,24,home_improvement,671.5,54,0
50,15,43100.0,568,0.34,2,0,18500.0,48,personal,2052.2,131,0
27,4,19600.0,335,0.56,3,1,13000.0,60,home_improvement,447.88,31,1
53,9,27000.0,640,0.43,4,0,10500.0,24,debt_consolidation,257.66,103,0
46,16,50000.0,583,0.09,1,0,5500.0,60,debt_consolidation,951.77,26,0
49,11,37200.0,503,0.34,2,0,16500.0,36,home_improvement,1647.75,14,0
42,10,30900.0,504,0.29,0,1,5000.0,24,personal,1009.44,170,0
44,13,57000.0,474,0.13,0,0,17000.0,12,education,2274.77,110,0
46,11,28200.0,496,0.41,0,1,8500.0,36,business,827.35,37,0
59,27,31700.0,512,0.35,2,0,5000.0,36,home_improvement,242.4,136,0
33,5,19800.0,530,0.27,1,0,6000.0,12,personal,497.38,77,0
32,5,40200.0,496,0.13,0,0,7500.0,12,education,1244.87,44,0
43,12,16400.0,434,0.26,2,1,5000.0,36,personal,156.98,26,0
54,13,40800.0,578,0.27,1,0,7500.0,60,education,442.89,152,0
38,5,35900.0,469,0.39,2,0,5000.0,24,personal,1778.3,46,0
47,7,39900.0,554,0.35,1,0,5000.0,12,business,119.14,29,0
54,32,41600.0,544,0.31,0,0,11000.0,12,debt_consolidation,1269.17,159,0
33,9,37400.0,603,0.24,0,0,28500.0,24,home_improvement,1527.51,27,0
33,5,22600.0,467,0.48,1,2,20000.0,12,home_improvement,820.69,51,0
34,7,25100.0,522,0.29,0,0,18000.0,36,personal,100.0,77,0
25,4,44800.0,496,0.48,4,1,5000.0,24,debt_consolidation,1081.69,161,0
42,16,15000.0,435,0.16,0,0,10500.0,24,personal,100.0,121,0
57,17,71100.0,630,0.44,3,0,29000.0,60,personal,2985.76,121,0
54,21,25100.0,508,0.32,2,0,5000.0,24,home_improvement,751.13,108,0
27,4,22900.0,482,0.49,1,0,16500.0,12,home_improvement,854.49,44,0
45,9,40400.0,630,0.14,1,0,17000.0,60,business,500.47,132,0
36,5,55400.0,592,0.44,2,0,28000.0,24,business,2032.83,66,0
36,6,21200.0,674,0.28,2,0,9500.0,24,personal,477.56,13,0
37,11,33600.0,676,0.18,2,0,12500.0,12,debt_consolidation,295.42,56,0
50,29,56600.0,697,0.31,1,0,21500.0,36,debt_consolidation,660.05,66,0
38,11,43600.0,469,0.44,2,0,13500.0,24,personal,908.56,53,0
42,12,33400.0,493,0.29,2,0,36000.0,12,personal,583.15,117,0
39,9,31000.0,511,0.38,1,1,5000.0,12,home_improvement,128.93,105,0
29,5,35600.0,577,0.24,0,0,10000.0,48,home_improvement,987.41,30,0
30,6,33400.0,476,0.25,0,0,18500.0,48,home_improvement,1060.28,40,0
61,30,32500.0,603,0.22,1,0,24000.0,48,education,108.75,168,0
24,3,16100.0,531,0.23,0,0,8000.0,48,personal,412.14,36,0
43,8,33100.0,588,0.31,3,0,16500.0,36,debt_consolidation,752.36,128,0
48,13,16500.0,479,0.17,1,0,8500.0,48,debt_consolidation,637.25,126,0
33,3,15000.0,452,0.29,1,1,18000.0,24,business,700.95,47,0
29,4,40200.0,521,0.2,1,0,14500.0,24,personal,862.72,106,0
42,8,28800.0,522,0.32,0,0,5000.0,24,home_improvement,601.77,101,0
37,6,39800.0,551,0.31,0,1,15500.0,12,debt_consolidation,560.25,45,0
42,2,38600.0,569,0.29,4,0,22000.0,36,home_improvement,1208.18,34,0
29,6,59100.0,598,0.38,2,0,26000.0,36,personal,1628.55,36,0
47,10,18300.0,479,0.33,0,1,14000.0,12,personal,799.76,131,0
45,18,25400.0,528,0.32,3,0,18500.0,60,business,1345.34,69,0
47,7,22000.0,547,0.32,0,0,5000.0,48,debt_consolidation,221.92,32,0
55,17,76100.0,598,0.15,2,0,30500.0,60,business,2184.57,124,0
38,11,15000.0,481,0.49,1,0,5000.0,12,personal,383.24,18,1
57,19,57200.0,617,0.2,1,1,26000.0,36,personal,2659.91,118,0
26,3,30500.0,499,0.34,0,0,5000.0,12,debt_consolidation,675.35,18,0
41,19,19300.0,446,0.34,2,0,5000.0,12,personal,437.39,42,0
35,7,40600.0,425,0.31,3,0,18500.0,36,business,252.01,28,0
49,17,46800.0,506,0.34,1,0,8000.0,48,debt_consolidation,2365.42,126,0
39,1,17900.0,468,0.23,0,0,10500.0,60,home_improvement,411.8,144,0
31,3,18600.0,378,0.43,1,0,15000.0,12,personal,510.87,83,0
47,12,60700.0,579,0.31,1,0,27500.0,12,personal,1901.49,116,0
30,4,30800.0,551,0.28,3,0,13000.0,48,business,506.8,89,0
39,5,62500.0,489,0.39,2,0,20500.0,48,home_improvement,2316.91,48,0
48,20,31900.0,577,0.4,2,0,17000.0,60,home_improvement,1004.67,136,0
37,4,16800.0,407,0.45,2,0,8000.0,60,personal,266.78,43,0
47,8,59300.0,510,0.23,0,1,8500.0,36,education,981.71,31,0
37,5,20300.0,425,0.27,1,0,7500.0,24,business,352.7,66,0
38,13,22000.0,464,0.16,0,0,12000.0,12,debt_consolidation,713.07,94,0
43,20,49900.0,647,0.54,2,0,5000.0,48,education,1259.21,47,0
55,10,15000.0,627,0.35,2,0,5000.0,12,home_improvement,466.5,152,0
57,23,41300.0,561,0.51,2,0,19500.0,12,debt_consolidation,1936.11,40,0
38,5,15000.0,521,0.09,0,0,5000.0,48,home_improvement,631.75,58,0
58,17,35400.0,465,0.17,1,0,5000.0,12,debt_consolidation,1156.05,113,0
45,8,44200.0,557,0.26,2,0,15500.0,12,home_improvement,1173.5,21,0
32,9,25600.0,519,0.4,3,1,8500.0,48,home_improvement,288.39,51,0
51,20,84700.0,744,0.42,0,1,37500.0,24,business,4530.29,76,0
52,16,67500.0,529,0.3,2,0,18500.0,48,home_improvement,926.09,73,0
32,1,16500.0,430,0.16,0,1,7000.0,36,personal,263.99,39,0
26,5,25100.0,498,0.4,1,0,16500.0,48,education,247.05,59,0
34,7,20300.0,497,0.47,3,0,10500.0,36,home_improvement,1062.38,74,0
29,3,18700.0,494,0.34,1,0,5500.0,24,personal,689.3,52,0
67,27,75900.0,592,0.3,4,0,11000.0,48,home_improvement,763.71,52,0
44,12,32500.0,567,0.13,1,1,5000.0,36,home_improvement,1514.7,95,0
36,7,18900.0,572,0.29,2,0,17000.0,12,business,573.57,68,0
30,2,18100.0,500,0.07,0,0,5000.0,60,debt_consolidation,172.28,42,0
44,8,25500.0,657,0.15,0,1,21000.0,12,home_improvement,1086.35,94,0
48,20,34300.0,522,0.34,2,0,30000.0,48,personal,586.13,51,0
42,2,51400.0,488,0.44,1,0,22500.0,12,education,1970.48,63,0
37,10,36800.0,402,0.36,0,1,16500.0,12,personal,854.59,111,0
58,20,50000.0,569,0.27,1,1,13500.0,48,debt_consolidation,898.47,203,0
29,7,15000.0,539,0.34,0,0,6500.0,60,home_improvement,192.93,21,0
33,7,29400.0,532,0.36,1,0,16000.0,24,business,1190.43,58,0
44,7,70600.0,632,0.35,1,0,14500.0,60,business,2842.75,26,0
47,2,21000.0,580,0.37,0,1,5000.0,48,education,649.21,114,0
59,16,42400.0,641,0.55,1,0,6000.0,24,home_improvement,1110.46,95,0
38,6,21300.0,441,0.39,3,0,15000.0,60,personal,100.0,6,0
33,3,26900.0,502,0.32,0,0,5000.0,24,personal,607.4,14,0
44,1,15500.0,414,0.19,1,0,19000.0,36,personal,705.44,119,0
59,20,32900.0,422,0.2,2,0,5500.0,48,home_improvement,1021.5,131,0
37,4,54600.0,533,0.31,0,0,35000.0,60,personal,613.72,38,0
35,10,32300.0,450,0.19,1,0,5000.0,48,personal,462.38,59,0
44,16,44100.0,535,0.2,1,1,9000.0,48,business,1323.26,139,0
34,7,24700.0,570,0.25,0,0,11500.0,60,personal,424.59,72,0
32,11,58100.0,573,0.28,3,0,5500.0,24,personal,2682.03,44,0
35,6,34800.0,490,0.11,0,0,18000.0,36,debt_consolidation,1137.54,27,0
62,11,113800.0,674,0.57,6,0,17000.0,48,home_improvement,2534.2,13,0
36,7,16400.0,468,0.23,0,1,5500.0,36,home_improvement,100.0,66,0
45,19,35600.0,345,0.26,0,1,5000.0,12,education,487.71,140,0
51,9,29900.0,481,0.55,6,0,11000.0,60,debt_consolidation,1159.84,15,0
37,11,37500.0,602,0.44,2,0,5000.0,12,personal,1031.76,42,0
51,2,28200.0,498,0.22,1,0,5000.0,48,personal,523.78,91,0
57,10,63300.0,604,0.4,2,0,20000.0,60,personal,1601.05,24,0
38,6,17200.0,602,0.13,0,1,15500.0,12,debt_consolidation,172.62,42,0
35,9,23600.0,520,0.21,1,0,5000.0,48,education,495.82,3,0
25,2,17300.0,421,0.09,0,1,27000.0,12,education,308.17,29,0
47,17,56500.0,622,0.26,0,0,10500.0,24,debt_consolidation,1611.07,29,0
23,1,15000.0,561,0.39,3,0,5000.0,48,personal,269.14,57,0
30,3,48400.0,614,0.12,1,0,19500.0,36,debt_consolidation,1884.69,120,0
36,5,15300.0,469,0.4,2,0,9000.0,36,business,464.47,100,1
49,19,85800.0,626,0.25,3,0,23500.0,60,personal,2385.25,49,0
54,16,65900.0,708,0.18,2,0,14500.0,48,home_improvement,1255.25,72,0
36,4,23100.0,525,0.17,1,1,15000.0,60,debt_consolidation,1073.23,40,0
32,2,24200.0,446,0.22,0,0,16000.0,60,personal,274.21,32,0
41,22,44800.0,491,0.27,1,0,8500.0,24,debt_consolidation,840.95,49,0
28,7,29200.0,573,0.27,0,0,11500.0,48,personal,1456.75,38,0
33,5,16900.0,603,0.09,0,0,5000.0,24,home_improvement,511.31,64,0
35,11,76300.0,590,0.21,1,0,21500.0,12,personal,1923.19,41,0
44,18,20100.0,561,0.19,0,0,5000.0,24,personal,453.47,69,0
33,9,27700.0,393,0.27,1,1,10500.0,12,business,946.44,8,0
48,19,17000.0,531,0.31,2,0,11000.0,24,home_improvement,379.98,126,0
52,18,48400.0,607,0.4,4,0,8500.0,48,home_improvement,2110.22,54,0
36,7,29200.0,569,0.28,1,0,5000.0,24,debt_consolidation,740.26,75,0
24,4,30000.0,525,0.23,2,0,9500.0,60,personal,1851.46,24,0
45,22,60000.0,562,0.16,2,0,45000.0,36,education,1497.53,89,0
34,3,36000.0,528,0.08,0,0,12500.0,24,debt_consolidation,1464.2,81,0
37,12,49100.0,526,0.45,2,0,12500.0,12,personal,1404.38,41,0
60,18,87500.0,669,0.15,0,0,13000.0,12,personal,1993.29,137,0
30,5,29000.0,623,0.24,1,1,10500.0,60,debt_consolidation,495.28,33,0
28,3,57300.0,494,0.35,3,1,15500.0,12,debt_consolidation,791.49,25,0
44,15,32300.0,630,0.12,1,0,19000.0,36,personal,726.94,30,0
51,10,35500.0,536,0.27,2,0,29500.0,48,business,628.07,165,0
54,26,128900.0,676,0.67,6,0,41500.0,60,business,4198.66,31,0
39,14,29100.0,558,0.42,2,0,5000.0,48,debt_consolidation,100.0,74,0
46,26,45900.0,584,0.43,4,0,21000.0,12,home_improvement,707.42,47,0
42,8,18300.0,620,0.2,2,1,5000.0,24,home_improvement,258.41,68,0
49,6,15000.0,536,0.38,1,1,5000.0,12,business,534.8,59,0
60,15,39900.0,394,0.31,0,0,12000.0,12,debt_consolidation,1065.18,78,0
40,13,26000.0,533,0.2,0,0,10000.0,48,home_improvement,552.1,10,0
41,13,57900.0,629,0.49,3,0,26000.0,12,business,955.7,161,0
30,3,25200.0,454,0.4,4,0,12500.0,12,personal,721.25,40,0
44,5,18800.0,401,0.2,0,0,5000.0,24,personal,397.85,124,0
53,6,30500.0,484,0.31,2,0,5000.0,24,personal,1090.8,30,0
24,1,22800.0,381,0.13,0,0,6500.0,12,home_improvement,455.5,35,0
27,2,26700.0,463,0.23,1,0,16000.0,48,home_improvement,349.67,85,0
36,5,15000.0,523,0.08,0,0,5000.0,24,debt_consolidation,326.46,53,0
46,15,54100.0,477,0.34,3,1,37000.0,60,home_improvement,343.37,66,0
29,4,15000.0,432,0.18,1,1,10500.0,12,home_improvement,238.49,43,0
24,2,25400.0,414,0.27,1,0,5000.0,24,education,969.53,23,0
28,3,15000.0,393,0.21,0,1,5000.0,36,business,143.71,40,1
36,7,29100.0,490,0.48,2,0,15000.0,12,home_improvement,1204.31,7,0
35,10,27000.0,428,0.09,0,0,16500.0,12,home_improvement,726.35,72,0
49,17,19200.0,502,0.5,2,0,9500.0,24,business,208.58,117,0
31,4,15000.0,538,0.3,1,2,9000.0,12,home_improvement,310.88,33,0
22,3,21400.0,481,0.27,0,0,11000.0,48,education,186.51,78,0
27,4,15000.0,440,0.24,1,0,5000.0,24,business,100.0,105,0
48,7,19700.0,440,0.21,0,0,6000.0,12,debt_consolidation,546.63,14,0
38,9,21500.0,487,0.36,1,0,10000.0,24,debt_consolidation,199.92,96,0
44,5,37100.0,455,0.28,0,1,6000.0,24,home_improvement,152.62,191,0
37,9,31600.0,490,0.17,2,0,5000.0,60,business,1003.27,121,0
26,0,19700.0,525,0.15,0,0,5000.0,12,personal,100.0,9,0
56,3,31000.0,568,0.3,3,0,16500.0,60,home_improvement,868.59,104,0
24,2,15000.0,399,0.12,1,0,5000.0,12,debt_consolidation,258.99,14,0
31,2,15000.0,459,0.12,0,0,5000.0,36,personal,425.59,62,0
23,1,15000.0,500,0.45,0,0,5000.0,12,home_improvement,629.7,62,0
42,6,33800.0,543,0.17,0,0,5000.0,60,debt_consolidation,381.62,60,0
53,1,30800.0,548,0.12,0,0,9000.0,24,business,492.94,156,0
37,7,46600.0,480,0.46,1,0,13500.0,12,debt_consolidation,1712.49,22,0
48,18,43100.0,610,0.22,2,0,16500.0,36,home_improvement,1471.66,116,0
23,1,21800.0,551,0.1,0,0,5000.0,36,home_improvement,772.28,6,0
49,14,34800.0,481,0.31,1,0,5000.0,12,debt_consolidation,533.25,308,0
31,4,59400.0,484,0.17,1,0,13500.0,36,personal,751.78,82,0
26,2,21400.0,445,0.33,2,0,9000.0,12,personal,695.29,27,0
45,14,41000.0,549,0.37,2,0,28500.0,12,business,2207.72,33,0
59,3,34900.0,556,0.1,1,0,9500.0,36,personal,922.46,175,0
33,11,29700.0,478,0.11,0,0,5000.0,12,personal,1385.72,51,0
57,6,21900.0,492,0.11,0,0,5500.0,24,home_improvement,422.46,106,0
22,2,16700.0,423,0.21,0,0,11500.0,36,home_improvement,318.74,10,0
27,6,66500.0,545,0.07,0,0,21500.0,24,business,1675.59,26,0
45,14,52900.0,522,0.19,0,1,14500.0,36,debt_consolidation,1690.06,31,0
50,8,43000.0,526,0.3,2,1,24500.0,60,debt_consolidation,1310.3,165,0
39,8,16900.0,589,0.32,2,1,18000.0,36,debt_consolidation,315.16,94,0
43,14,42000.0,499,0.58,3,0,14500.0,24,personal,666.69,76,0
43,3,26100.0,514,0.36,1,0,6500.0,12,personal,217.38,56,0
24,2,33500.0,367,0.11,1,0,8000.0,60,home_improvement,865.81,82,0
24,1,21000.0,443,0.25,0,0,5000.0,48,personal,534.6,53,0
35,14,51300.0,456,0.54,2,0,18500.0,48,personal,1505.9,63,0
45,21,27200.0,492,0.31,3,1,5000.0,48,education,791.51,109,0
31,10,37300.0,604,0.22,2,0,13500.0,24,debt_consolidation,1738.85,106,0
48,27,53000.0,604,0.25,2,0,21500.0,36,personal,598.99,44,0
44,2,41400.0,527,0.47,1,0,5000.0,24,personal,791.26,176,0
59,11,32300.0,539,0.33,3,1,15000.0,24,education,580.34,117,0
63,13,42400.0,553,0.17,2,0,6500.0,48,home_improvement,1056.87,208,0
39,13,28000.0,489,0.53,2,1,10000.0,36,business,886.24,42,0
40,4,26200.0,516,0.28,0,1,12000.0,48,education,699.05,61,0
53,14,19600.0,574,0.35,2,1,12500.0,12,business,441.69,100,0
54,22,43500.0,440,0.35,1,1,16000.0,12,business,2251.96,135,0
46,1,30900.0,557,0.17,0,0,22000.0,36,personal,409.03,103,0
42,3,45500.0,468,0.42,2,1,21000.0,12,business,2431.2,94,1
42,18,43400.0,511,0.25,3,1,30500.0,24,home_improvement,1002.41,73,0
38,15,49300.0,670,0.28,0,0,7500.0,36,home_improvement,309.45,33,0
25,4,60800.0,404,0.42,0,0,30000.0,12,home_improvement,2507.95,1,0
32,3,18000.0,497,0.27,1,0,5000.0,60,personal,725.51,108,0
48,10,18800.0,523,0.31,0,0,8000.0,36,education,572.34,121,0
32,3,27800.0,402,0.35,1,1,21000.0,24,personal,782.06,65,1
41,2,21200.0,357,0.18,0,0,19000.0,48,personal,783.52,52,0
36,8,33800.0,495,0.13,0,1,5000.0,24,personal,516.14,91,0
49,3,42300.0,531,0.2,0,0,18000.0,24,business,1604.74,183,0
30,7,28500.0,465,0.39,1,0,5000.0,12,personal,1626.9,12,0
44,3,24100.0,521,0.08,0,1,9000.0,24,debt_consolidation,1059.37,26,0
28,7,31500.0,488,0.1,0,0,5500.0,36,home_improvement,606.65,60,0
56,28,29200.0,539,0.37,1,1,18000.0,48,personal,886.72,82,0
46,7,19900.0,542,0.43,3,1,18500.0,12,home_improvement,538.63,116,1
37,7,21700.0,623,0.47,3,1,5000.0,48,education,768.68,75,0
51,20,33400.0,393,0.19,0,1,5500.0,36,personal,577.91,185,0
35,12,38600.0,579,0.21,2,0,20000.0,24,home_improvement,970.31,59,0
53,12,40400.0,534,0.43,1,0,26500.0,24,personal,848.15,75,0
29,2,19300.0,531,0.14,0,1,5000.0,12,personal,677.23,20,0
35,3,29200.0,410,0.17,1,0,9000.0,24,debt_consolidation,1121.72,23,0
62,6,16000.0,502,0.2,1,0,5000.0,12,personal,167.48,120,0
53,5,27600.0,473,0.29,2,1,5000.0,24,home_improvement,254.56,22,0
49,16,16800.0,546,0.42,4,0,5000.0,12,business,579.44,170,0
35,6,24700.0,477,0.14,0,0,5000.0,48,home_improvement,275.17,122,0
46,8,44300.0,547,0.22,2,0,19000.0,36,home_improvement,988.31,39,0
38,5,36000.0,575,0.41,2,0,11000.0,24,personal,934.45,55,0
60,17,45400.0,535,0.34,3,1,5000.0,60,personal,1315.56,221,0
32,6,61100.0,639,0.3,2,0,8500.0,24,personal,930.0,29,0
41,14,56800.0,640,0.03,0,0,5000.0,48,education,1224.18,141,0
49,14,32600.0,528,0.49,3,0,5500.0,24,education,1110.84,61,0
59,5,21400.0,570,0.14,1,0,27000.0,12,debt_consolidation,127.74,122,0
34,6,37900.0,499,0.2,1,1,15500.0,12,debt_consolidation,1416.2,53,0
29,7,26500.0,397,0.27,0,0,6500.0,24,debt_consolidation,189.99,136,0
30,8,28400.0,486,0.4,3,0,12000.0,24,debt_consolidation,408.03,29,0
31,2,37900.0,489,0.38,0,0,5500.0,24,debt_consolidation,1440.88,38,1
31,5,15000.0,372,0.26,0,1,15500.0,12,debt_consolidation,576.43,47,0
32,1,20200.0,436,0.32,1,0,17500.0,12,home_improvement,926.58,32,0
43,16,47400.0,525,0.3,0,0,22000.0,36,home_improvement,724.56,113,0
34,3,20400.0,513,0.36,0,0,12000.0,24,home_improvement,789.39,77,0
35,2,28400.0,428,0.39,3,0,20000.0,36,home_improvement,908.73,95,0
53,6,38400.0,472,0.4,5,0,6500.0,36,personal,895.78,114,0
30,4,16900.0,409,0.13,0,0,5000.0,36,debt_consolidation,583.41,82,0
48,15,17100.0,431,0.19,2,1,5000.0,48,home_improvement,313.79,91,0
36,10,25800.0,541,0.39,3,0,5000.0,60,home_improvement,534.98,144,0
48,6,27600.0,556,0.11,0,0,9000.0,48,home_improvement,1242.12,161,0
50,8,34400.0,457,0.58,4,0,5000.0,12,personal,863.18,143,0
54,6,33600.0,534,0.19,0,0,5000.0,12,personal,231.49,207,0
34,12,37100.0,498,0.18,0,0,13000.0,48,home_improvement,339.5,101,0
32,6,32600.0,470,0.33,1,0,6000.0,48,debt_consolidation,790.18,44,0
49,19,38400.0,577,0.35,5,0,16500.0,60,education,1383.59,127,0
35,0,34100.0,384,0.24,2,1,12000.0,24,business,397.14,45,0
31,4,27400.0,498,0.26,3,1,21500.0,24,debt_consolidation,512.97,47,0
33,3,25000.0,464,0.14,0,0,14500.0,36,personal,1413.82,3,0
47,7,38500.0,538,0.1,1,0,9000.0,24,personal,1940.48,120,0
33,4,30800.0,559,0.35,2,0,7000.0,36,home_improvement,811.87,68,0
38,11,15700.0,377,0.25,0,0,8500.0,60,debt_consolidation,456.22,46,1
44,7,19400.0,401,0.31,2,0,28000.0,36,debt_consolidation,287.95,113,0
29,2,32900.0,497,0.11,0,0,20000.0,60,debt_consolidation,959.13,11,0
29,5,20300.0,472,0.3,1,0,7000.0,24,personal,426.8,57,0
35,5,37600.0,536,0.07,0,0,19500.0,48,business,588.43,16,0
28,7,54800.0,518,0.3,2,0,5000.0,12,debt_consolidation,964.07,38,0
60,20,26300.0,549,0.25,0,0,10000.0,24,home_improvement,1136.25,181,0
33,7,28300.0,594,0.12,1,0,5000.0,24,debt_consolidation,1168.79,47,0
26,4,19700.0,519,0.3,0,0,5000.0,48,home_improvement,172.83,11,0
32,7,20600.0,460,0.22,0,0,15000.0,48,personal,767.52,71,0
31,0,18000.0,540,0.35,2,1,21000.0,48,home_improvement,343.11,70,0
42,16,83800.0,640,0.27,2,1,21500.0,24,business,1800.14,123,0
39,12,16000.0,419,0.34,1,0,5000.0,48,debt_consolidation,373.86,147,0
41,12,29500.0,327,0.2,0,0,5000.0,24,personal,1020.29,106,0
44,11,33900.0,567,0.33,1,2,7500.0,24,personal,897.92,116,1
33,5,15000.0,498,0.52,3,2,5500.0,24,personal,305.33,49,0
50,25,42600.0,461,0.1,0,0,30500.0,48,personal,913.67,154,0
34,13,30400.0,495,0.23,1,0,10000.0,48,personal,805.26,96,0
42,12,50200.0,558,0.15,0,0,7000.0,36,debt_consolidation,1153.71,69,0
52,7,22900.0,570,0.26,1,0,15500.0,12,business,602.09,50,0
26,4,16900.0,564,0.32,0,1,5000.0,12,debt_consolidation,595.46,54,0
46,7,46400.0,525,0.36,3,0,7500.0,12,debt_consolidation,2683.48,11,0
33,3,15000.0,442,0.34,2,1,5000.0,60,business,369.26,42,0
42,5,15300.0,552,0.19,2,0,5000.0,24,home_improvement,100.91,34,0
24,4,30700.0,443,0.47,0,0,17000.0,12,personal,803.19,28,0
42,18,43000.0,573,0.26,0,0,9500.0,48,personal,352.84,62,0
41,10,16900.0,508,0.22,2,0,5000.0,60,home_improvement,695.75,23,0
46,19,68800.0,614,0.21,1,0,14500.0,24,home_improvement,2788.52,131,0
53,17,30600.0,476,0.25,1,0,11000.0,24,debt_consolidation,1141.9,117,0
47,14,32200.0,393,0.07,0,2,13000.0,24,personal,1248.47,80,1
25,4,45700.0,529,0.34,0,1,22500.0,60,home_improvement,1197.76,7,0
38,11,31100.0,679,0.24,1,0,14500.0,60,debt_consolidation,828.29,98,0
39,16,29500.0,477,0.28,3,0,15500.0,36,personal,215.02,42,0
22,2,33300.0,584,0.35,0,0,16000.0,24,business,1709.48,22,0
50,16,43900.0,568,0.23,1,0,12500.0,48,personal,1117.25,114,0
42,20,27200.0,493,0.26,2,1,13000.0,36,home_improvement,576.56,53,0
62,25,39300.0,494,0.37,1,0,10000.0,60,debt_consolidation,1061.17,214,0
31,4,45600.0,604,0.28,1,0,9000.0,12,home_improvement,868.84,106,0
30,8,27400.0,542,0.36,3,0,5000.0,24,personal,110.82,75,0
50,8,67400.0,560,0.22,2,0,24500.0,12,personal,4016.38,143,0
54,20,38600.0,581,0.43,4,0,12500.0,48,business,522.95,74,0
29,5,22800.0,487,0.41,1,0,14000.0,48,personal,532.83,40,0
40,2,23000.0,400,0.31,0,1,6500.0,24,personal,308.61,25,1
32,6,30400.0,461,0.5,2,1,28500.0,12,education,526.14,50,0
36,1,31000.0,594,0.29,1,0,9000.0,48,business,671.42,37,0
39,4,24200.0,550,0.31,1,0,5000.0,36,home_improvement,1203.25,33,0
53,16,47800.0,628,0.45,3,0,19000.0,24,debt_consolidation,301.46,145,0
63,18,36900.0,626,0.43,3,0,5000.0,36,personal,1244.54,178,0
40,14,36200.0,505,0.33,2,0,20000.0,60,home_improvement,694.47,91,0
45,5,28200.0,348,0.43,3,0,8000.0,60,personal,1119.14,50,0
32,2,17800.0,547,0.33,2,0,8500.0,12,business,214.94,96,0
37,8,20900.0,378,0.44,1,0,5000.0,12,home_improvement,431.59,45,0
28,7,18100.0,513,0.23,0,0,5000.0,48,business,776.66,38,0
41,13,21400.0,476,0.27,0,0,5000.0,12,debt_consolidation,414.16,48,0
48,15,92000.0,705,0.22,3,0,21500.0,24,debt_consolidation,740.5,56,0
45,5,19300.0,518,0.24,1,0,17500.0,12,debt_consolidation,379.2,36,0
59,9,29100.0,592,0.11,1,0,15500.0,24,debt_consolidation,1288.99,177,0
45,6,30500.0,542,0.45,2,0,8500.0,36,home_improvement,265.93,147,0
43,20,44100.0,334,0.19,0,1,23500.0,24,business,260.53,75,0
24,2,32500.0,404,0.18,0,1,13500.0,12,personal,1181.96,65,0
66,14,32300.0,592,0.47,4,0,17000.0,48,home_improvement,525.77,92,0
41,4,21600.0,570,0.27,2,0,6000.0,36,personal,755.95,89,0
25,3,31800.0,451,0.18,0,0,6500.0,48,personal,1427.9,76,0
31,4,30400.0,530,0.33,2,0,11500.0,60,education,1337.24,72,0
30,4,35900.0,548,0.21,0,0,5000.0,24,debt_consolidation,432.39,144,0
58,24,72300.0,619,0.28,1,0,25500.0,12,business,2520.78,20,0
34,4,27600.0,516,0.12,1,0,5000.0,60,personal,247.31,64,0
35,15,20200.0,516,0.18,2,0,5000.0,36,debt_consolidation,401.12,47,0
49,10,27400.0,417,0.42,1,2,7500.0,60,home_improvement,188.85,33,0
41,8,16900.0,560,0.33,3,1,5500.0,36,home_improvement,260.77,75,0
30,5,26100.0,533,0.28,2,0,11000.0,24,debt_consolidation,227.05,45,0
52,3,17700.0,527,0.41,3,0,5000.0,36,personal,378.42,183,0
41,11,48800.0,575,0.12,0,0,9500.0,12,home_improvement,1223.79,83,0
24,2,20300.0,573,0.24,1,0,8500.0,12,personal,290.88,53,0
63,11,31600.0,607,0.39,3,0,23500.0,36,debt_consolidation,1067.16,251,0
33,7,28600.0,405,0.47,3,0,13000.0,24,home_improvement,1695.6,65,0
35,8,21700.0,496,0.14,1,0,5000.0,24,debt_consolidation,378.11,50,0
49,10,34700.0,564,0.31,1,0,5000.0,12,debt_consolidation,1769.3,110,0
44,13,25200.0,513,0.2,1,0,5000.0,36,personal,719.91,107,0
47,11,70800.0,542,0.17,1,0,25000.0,48,business,1172.81,73,0
43,8,41300.0,554,0.24,1,0,5500.0,12,business,107.92,48,0
56,10,49700.0,429,0.09,0,0,30500.0,60,home_improvement,1474.77,113,0
37,1,15000.0,631,0.31,0,0,5000.0,12,personal,529.38,82,0
24,1,36200.0,468,0.1,1,0,5000.0,48,personal,1255.77,21,0
25,3,22800.0,490,0.39,2,1,22000.0,24,personal,654.23,16,0
36,4,17200.0,523,0.31,3,1,12500.0,12,personal,355.36,73,0
44,8,16700.0,511,0.25,1,1,5000.0,24,business,166.34,144,0
27,5,15400.0,547,0.17,0,0,5000.0,12,home_improvement,116.91,60,0
27,6,29400.0,602,0.2,1,0,32500.0,48,personal,1002.29,25,0
34,8,28100.0,469,0.23,2,1,5000.0,24,home_improvement,543.98,6,1
37,10,33700.0,578,0.21,1,0,5000.0,48,personal,562.59,53,0
33,7,20400.0,520,0.41,1,0,9500.0,12,debt_consolidation,328.17,21,0
48,4,41900.0,610,0.25,1,0,18000.0,60,home_improvement,834.47,134,0
39,5,25900.0,467,0.46,1,0,16000.0,12,business,947.28,117,0
31,4,21500.0,508,0.3,0,0,25000.0,36,personal,300.03,48,0
42,6,15000.0,537,0.4,3,2,5500.0,24,education,542.82,67,0
23,3,21700.0,501,0.23,1,0,12000.0,24,business,879.13,84,0
26,0,44500.0,454,0.34,3,0,22000.0,48,personal,2203.95,21,1
26,4,17100.0,434,0.09,0,0,20000.0,24,business,786.71,38,0
44,6,84700.0,576,0.52,5,0,12000.0,36,business,1036.87,88,0
26,3,23000.0,410,0.3,1,1,5000.0,24,business,1082.95,21,1
32,6,48800.0,426,0.38,1,2,11000.0,24,business,344.95,109,0
39,12,15200.0,482,0.2,1,1,16000.0,36,education,425.93,22,0
38,5,28000.0,388,0.39,0,0,7000.0,48,debt_consolidation,950.8,64,0
40,7,28700.0,515,0.25,2,0,10500.0,12,personal,1243.06,97,0
36,13,28900.0,508,0.48,3,1,25000.0,36,business,992.32,15,0
27,2,17400.0,369,0.38,3,0,5000.0,24,home_improvement,550.58,25,0
36,8,29800.0,649,0.46,2,0,12000.0,24,home_improvement,1749.38,126,0
37,3,26800.0,477,0.4,1,0,5000.0,36,personal,831.29,18,0
38,12,15000.0,480,0.4,1,0,5000.0,24,personal,402.89,79,0
29,6,15000.0,380,0.31,1,0,9500.0,36,personal,387.63,35,0
36,11,56500.0,544,0.38,1,0,11500.0,24,personal,1508.26,47,0
30,4,17000.0,666,0.49,1,0,5000.0,24,personal,129.08,92,0
36,6,15000.0,433,0.36,2,0,17000.0,48,personal,100.0,40,0
35,9,24400.0,482,0.18,0,0,21000.0,24,education,724.86,71,0
45,11,16700.0,377,0.46,2,0,6500.0,24,home_improvement,827.56,33,0
27,3,32600.0,460,0.41,1,1,5000.0,12,personal,1782.0,51,1
45,9,59900.0,549,0.17,2,0,14000.0,12,debt_consolidation,635.22,101,0
41,14,30500.0,442,0.31,1,1,7000.0,36,business,1493.3,32,0
42,3,28500.0,426,0.37,2,0,8500.0,48,home_improvement,1082.57,92,0
47,16,68900.0,479,0.45,0,1,20500.0,36,home_improvement,3175.0,113,0
47,10,49000.0,468,0.35,4,0,18000.0,48,home_improvement,1633.21,69,0
39,7,50100.0,531,0.09,0,1,12000.0,12,personal,1482.74,38,0
45,12,16300.0,502,0.39,1,0,14000.0,48,personal,100.0,64,0
47,2,17000.0,497,0.16,0,0,13000.0,12,personal,434.0,75,0
48,4,22800.0,449,0.26,1,1,17500.0,60,debt_consolidation,718.83,127,0
31,3,19600.0,446,0.24,1,1,15000.0,60,home_improvement,310.14,66,0
30,1,32900.0,483,0.38,3,0,20000.0,24,personal,808.2,53,0
50,8,18200.0,480,0.31,2,0,7500.0,36,home_improvement,353.13,49,0
46,21,23600.0,576,0.17,0,0,11000.0,36,home_improvement,737.56,93,0
47,14,107000.0,520,0.15,1,0,40000.0,60,personal,2953.96,134,0
46,11,48100.0,567,0.38,3,0,16000.0,12,home_improvement,336.31,71,0
56,5,38000.0,581,0.06,0,1,5000.0,36,personal,1689.76,193,0
35,7,20700.0,479,0.17,0,0,7000.0,36,home_improvement,186.06,67,0
39,2,35600.0,675,0.21,1,1,9500.0,24,personal,958.23,131,0
59,14,15000.0,538,0.18,1,0,5000.0,12,personal,304.02,229,0
38,4,15000.0,424,0.36,1,1,12000.0,60,business,272.62,91,0
32,5,17600.0,520,0.26,1,0,5000.0,36,home_improvement,487.52,50,0
49,3,75100.0,564,0.22,2,0,18500.0,24,business,1833.24,18,0
36,6,26700.0,453,0.21,0,0,12500.0,48,education,283.27,89,0
38,4,34000.0,550,0.17,0,0,23000.0,12,personal,1032.03,50,0
40,10,15000.0,422,0.3,0,0,5000.0,60,personal,313.73,63,0
24,2,49300.0,366,0.14,1,1,6000.0,24,home_improvement,1646.38,37,0
23,2,20700.0,426,0.4,1,0,23500.0,48,personal,262.04,86,0
51,16,34600.0,489,0.26,1,0,13500.0,12,home_improvement,1390.69,62,0
43,12,55200.0,616,0.29,3,0,21500.0,60,home_improvement,1334.54,50,0
36,8,15000.0,373,0.34,1,1,5000.0,24,personal,551.76,76,0
41,1,23000.0,537,0.27,0,0,11500.0,12,education,1141.21,76,0
29,4,27500.0,502,0.27,1,1,9000.0,36,personal,709.39,53,0
42,15,25600.0,477,0.43,1,0,6500.0,36,home_improvement,1116.07,109,0
38,8,28300.0,521,0.34,2,0,9500.0,24,personal,117.3,38,0
36,5,28600.0,520,0.23,1,1,13500.0,36,business,1106.7,90,0
48,18,20000.0,467,0.32,2,0,14500.0,24,home_improvement,866.61,27,0
35,5,18800.0,487,0.46,2,0,14000.0,36,personal,683.52,114,0
33,7,38200.0,435,0.25,2,2,8000.0,24,debt_consolidation,1088.06,44,1
47,13,70500.0,643,0.16,2,0,26500.0,60,personal,2814.58,159,0
31,4,19500.0,389,0.33,1,0,15000.0,36,personal,445.18,87,0
30,5,22200.0,480,0.16,0,0,10500.0,24,home_improvement,123.58,16,0
31,8,29300.0,537,0.17,0,1,20500.0,36,personal,1362.19,73,0
29,6,23500.0,490,0.27,1,0,10500.0,12,personal,1186.4,12,0
58,17,26000.0,486,0.41,4,1,5000.0,36,education,921.6,172,0
45,13,71300.0,731,0.26,2,0,24500.0,12,debt_consolidation,1979.83,80,0
29,8,27200.0,590,0.4,0,0,5000.0,60,home_improvement,140.87,73,0
50,5,23500.0,468,0.31,1,0,5000.0,12,personal,1021.4,103,0
35,3,15000.0,451,0.22,1,0,5000.0,48,home_improvement,345.02,34,0
32,10,23900.0,528,0.22,2,0,17500.0,24,business,100.41,55,0
63,11,62900.0,554,0.31,1,0,16500.0,60,home_improvement,1993.64,35,0
39,9,18000.0,459,0.17,1,1,5000.0,48,education,165.3,52,0
29,5,29300.0,640,0.06,0,0,15500.0,48,business,1074.09,42,0
51,11,28600.0,477,0.32,2,0,5000.0,12,personal,1462.11,210,0
36,11,31300.0,300,0.22,2,0,14000.0,60,business,636.35,66,0
48,22,49900.0,594,0.15,0,1,25000.0,12,personal,2468.85,64,0
44,1,25700.0,516,0.45,2,1,10500.0,12,personal,131.18,52,0
40,8,23000.0,491,0.37,1,0,10000.0,12,business,616.76,46,0
25,6,18600.0,549,0.23,1,0,5000.0,36,debt_consolidation,592.1,31,0
40,12,32000.0,431,0.21,0,0,9000.0,24,personal,1013.86,124,0
45,8,38600.0,609,0.3,0,0,11500.0,24,home_improvement,1151.12,166,0
53,13,35200.0,536,0.24,2,0,7500.0,12,personal,1358.21,137,0
28,3,20400.0,403,0.39,0,0,10000.0,12,personal,277.45,34,0
36,4,31400.0,447,0.2,0,0,10500.0,24,home_improvement,1642.55,15,0
35,3,19500.0,494,0.23,0,0,21500.0,60,home_improvement,100.0,51,0
29,0,19100.0,508,0.56,3,0,10500.0,60,home_improvement,557.14,4,0
65,12,19700.0,582,0.47,2,0,5000.0,24,debt_consolidation,541.33,140,0
34,11,73000.0,633,0.06,0,0,39000.0,48,personal,1440.66,53,0
24,3,16800.0,505,0.39,1,0,11000.0,24,business,970.4,22,0
31,6,35800.0,452,0.34,1,1,16500.0,48,home_improvement,233.71,134,0
32,7,41500.0,530,0.19,1,1,10000.0,24,personal,1027.92,56,0
45,11,38400.0,506,0.28,1,0,10000.0,12,personal,994.05,102,0
37,15,27700.0,469,0.17,0,0,9500.0,36,personal,637.21,50,0
47,13,42400.0,545,0.35,2,0,14500.0,48,home_improvement,1168.18,63,0
39,6,26000.0,384,0.05,0,0,15000.0,24,education,577.12,40,0
38,6,31300.0,447,0.05,0,0,12500.0,36,personal,402.39,14,0
32,5,15000.0,463,0.35,0,0,6000.0,12,home_improvement,100.0,34,0
37,12,16200.0,597,0.2,1,1,21000.0,60,home_improvement,273.15,95,0
36,13,44600.0,535,0.24,1,0,30500.0,36,personal,1253.94,72,0
34,11,42900.0,422,0.26,1,0,8500.0,24,personal,1279.91,48,0
43,21,39100.0,584,0.21,0,0,12500.0,36,business,1759.7,16,0
46,4,23600.0,503,0.26,1,0,10500.0,48,debt_consolidation,1092.18,103,0
37,4,36900.0,606,0.32,0,2,28500.0,48,home_improvement,1196.37,90,0
40,5,15000.0,560,0.19,1,0,5000.0,12,home_improvement,450.16,58,0
37,4,34800.0,522,0.47,2,0,18500.0,60,business,817.78,66,0
61,16,51200.0,510,0.27,1,0,23500.0,36,business,377.33,29,0
43,9,15000.0,596,0.31,1,0,8500.0,24,personal,382.7,74,0
35,1,23300.0,595,0.3,0,0,8000.0,36,personal,100.0,17,0
47,5,15000.0,471,0.19,2,1,5000.0,36,home_improvement,507.6,101,0
39,11,16500.0,624,0.22,3,0,5000.0,12,debt_consolidation,544.08,85,0
28,3,15000.0,406,0.35,0,1,5000.0,12,personal,228.87,71,0
49,18,38700.0,480,0.29,2,0,10000.0,12,debt_consolidation,2190.79,56,0
40,12,32300.0,612,0.36,2,0,13000.0,36,debt_consolidation,755.78,90,0
36,6,23300.0,575,0.17,1,1,8000.0,48,education,1190.18,9,0
45,18,32200.0,611,0.45,1,0,5000.0,12,personal,1514.48,91,0
32,4,29000.0,463,0.25,1,2,17500.0,60,personal,552.19,1,1
40,13,32500.0,588,0.09,1,0,6000.0,12,home_improvement,585.24,140,0
28,3,31900.0,499,0.18,2,0,13500.0,12,home_improvement,1365.56,54,0
34,6,15000.0,410,0.28,1,0,10000.0,48,debt_consolidation,320.79,79,0
40,8,29800.0,417,0.39,2,0,5000.0,12,home_improvement,754.52,79,0
27,5,38300.0,467,0.18,0,0,9000.0,60,business,370.82,43,0
37,7,20300.0,554,0.17,1,0,12000.0,36,home_improvement,1045.61,85,0
28,3,27900.0,431,0.28,0,0,5000.0,24,home_improvement,819.15,16,0
52,8,20800.0,572,0.48,3,0,16500.0,24,personal,608.16,126,0
45,8,21500.0,427,0.34,1,1,17500.0,12,debt_consolidation,362.66,96,0
56,13,74700.0,579,0.26,1,1,12500.0,12,debt_consolidation,2384.06,96,0
24,1,22800.0,514,0.07,0,0,9500.0,60,personal,194.88,24,0
55,2,44200.0,569,0.37,0,0,11000.0,24,home_improvement,1110.96,163,0
45,12,23700.0,410,0.2,0,0,12000.0,60,personal,572.18,56,0
64,16,35800.0,591,0.35,1,0,11500.0,60,education,358.87,147,0
50,24,90500.0,695,0.11,0,0,30000.0,60,personal,3016.53,121,0
69,33,41700.0,751,0.22,0,0,6000.0,48,personal,371.7,38,0
58,20,32700.0,455,0.37,2,0,5000.0,24,business,508.4,141,0
35,3,60900.0,490,0.44,2,0,20000.0,24,home_improvement,782.07,7,0
31,6,31000.0,523,0.19,1,0,19500.0,12,debt_consolidation,1353.92,23,0
55,16,30200.0,559,0.15,1,0,15500.0,48,debt_consolidation,312.96,28,0
45,16,51800.0,593,0.13,0,0,13000.0,24,personal,694.9,16,0
31,4,37100.0,439,0.26,3,0,18000.0,48,personal,1204.58,49,0
52,19,39800.0,485,0.17,0,0,14000.0,12,home_improvement,1064.76,67,0
32,1,24100.0,588,0.39,1,0,5000.0,60,personal,100.0,80,0
50,12,19100.0,518,0.23,1,2,5000.0,48,personal,690.65,119,0
61,8,27700.0,567,0.36,4,0,22000.0,12,business,722.65,177,0
50,19,47200.0,532,0.46,3,0,24000.0,12,personal,2051.56,152,0
42,5,27400.0,412,0.39,2,1,7000.0,12,home_improvement,181.44,19,0
43,4,35300.0,483,0.36,1,1,5000.0,12,personal,1010.17,105,0
41,7,19100.0,524,0.42,2,1,5000.0,12,debt_consolidation,621.55,69,0
43,4,37300.0,547,0.25,0,0,19000.0,36,personal,1322.25,139,0
47,8,58500.0,572,0.34,3,0,24000.0,36,personal,2978.17,84,0
50,19,40900.0,583,0.28,3,0,7000.0,24,home_improvement,2023.92,132,0
40,10,46900.0,564,0.16,1,0,28500.0,60,education,2090.42,107,0
58,14,19000.0,494,0.33,1,2,11500.0,12,personal,100.0,50,0
34,3,16900.0,338,0.19,1,1,5000.0,12,education,370.46,38,0
65,26,88400.0,650,0.39,5,0,20500.0,24,personal,3261.71,160,0
49,15,27100.0,483,0.29,1,0,7000.0,12,business,754.04,30,0
23,2,33200.0,441,0.2,0,0,5000.0,24,debt_consolidation,942.26,10,0
37,10,63600.0,606,0.33,0,0,20500.0,48,home_improvement,1266.72,8,0
37,3,21900.0,440,0.29,0,1,10500.0,12,business,136.39,93,0
33,1,27300.0,535,0.38,1,0,9000.0,60,debt_consolidation,1132.97,63,0
42,4,28100.0,560,0.2,1,0,25000.0,60,personal,855.93,65,0
44,3,24000.0,480,0.37,1,0,14500.0,36,home_improvement,563.4,143,0
39,4,23500.0,613,0.26,0,0,9500.0,24,personal,903.51,28,0
38,11,29400.0,459,0.37,0,0,15000.0,12,personal,460.05,24,0
53,17,41100.0,464,0.22,0,0,22500.0,48,personal,1080.05,174,0
36,10,33600.0,523,0.34,1,0,12000.0,12,personal,387.86,102,0
33,1,15400.0,460,0.42,1,0,5000.0,48,personal,202.74,17,0
42,4,33500.0,646,0.33,5,0,9500.0,36,home_improvement,1659.65,156,0
33,9,20800.0,501,0.14,0,0,5000.0,36,home_improvement,251.2,16,0
36,2,25900.0,512,0.22,0,2,5500.0,60,home_improvement,147.74,56,0
34,3,21000.0,418,0.22,1,0,5000.0,48,business,655.55,116,0
34,11,30900.0,584,0.28,1,0,12000.0,12,debt_consolidation,100.0,89,0
26,6,23400.0,367,0.35,2,1,17500.0,60,education,602.52,20,0
27,3,15000.0,519,0.19,1,0,14500.0,12,debt_consolidation,243.12,116,0
32,3,20600.0,578,0.34,2,0,5000.0,36,home_improvement,384.89,54,0
38,5,31600.0,558,0.25,1,0,20000.0,36,debt_consolidation,1061.87,22,0
42,11,50200.0,525,0.26,2,0,10500.0,48,personal,1376.9,88,0
52,17,59700.0,435,0.32,3,0,17500.0,48,debt_consolidation,1939.58,182,0
48,8,21000.0,511,0.25,2,0,16000.0,12,personal,1006.63,168,0
48,20,32600.0,573,0.27,0,1,6500.0,36,business,1066.8,146,0
36,7,40700.0,492,0.38,3,1,39000.0,24,personal,637.92,79,0
48,11,55500.0,593,0.35,2,1,25000.0,60,home_improvement,1929.44,53,0
37,2,29800.0,557,0.44,1,1,8000.0,48,personal,760.87,80,0
47,11,40400.0,510,0.13,0,1,15000.0,12,debt_consolidation,491.24,118,0
26,3,40000.0,497,0.16,1,0,5000.0,48,debt_consolidation,752.95,80,0
29,3,19200.0,487,0.19,0,0,10500.0,36,home_improvement,301.85,32,0
55,18,48900.0,520,0.46,3,0,11000.0,48,personal,442.82,110,0
41,12,39700.0,467,0.48,6,0,21500.0,24,home_improvement,292.5,111,0
26,2,15000.0,432,0.15,0,0,7000.0,24,debt_consolidation,255.77,17,0
22,0,15000.0,465,0.4,0,1,5000.0,36,debt_consolidation,677.25,22,0
43,8,70700.0,519,0.22,1,0,23000.0,48,home_improvement,2606.48,79,0
26,7,17400.0,403,0.27,0,0,5000.0,48,education,114.55,70,0
39,13,28500.0,482,0.23,0,0,14000.0,60,education,1012.61,64,0
25,2,17400.0,538,0.43,2,0,9500.0,60,personal,564.32,31,0
45,12,27600.0,677,0.12,0,0,17000.0,60,debt_consolidation,1161.05,80,0
25,2,30700.0,361,0.13,0,0,8500.0,24,personal,1026.13,18,0
45,5,45800.0,518,0.45,3,0,18500.0,36,home_improvement,750.03,125,0
31,4,21600.0,510,0.22,2,0,17500.0,24,home_improvement,588.74,47,0
32,4,28200.0,526,0.26,1,1,11500.0,24,personal,693.01,48,0
51,16,42800.0,543,0.35,1,0,8500.0,36,business,1824.52,67,0
38,8,64000.0,553,0.49,2,0,23000.0,12,education,2177.63,64,0
42,19,22000.0,540,0.13,0,0,5000.0,12,home_improvement,616.63,84,0
44,8,22700.0,464,0.29,2,0,13000.0,48,education,522.72,132,0
51,8,25900.0,551,0.14,1,0,14500.0,12,home_improvement,304.51,9,0
41,1,15000.0,567,0.36,2,1,5000.0,12,debt_consolidation,279.26,167,0
47,11,29500.0,690,0.17,2,0,11000.0,36,debt_consolidation,706.26,28,0
50,10,15000.0,637,0.26,1,0,8000.0,36,home_improvement,660.97,144,0
53,26,49800.0,637,0.18,1,0,27000.0,60,personal,2177.65,12,0
34,0,15000.0,430,0.28,2,0,5000.0,24,debt_consolidation,574.41,88,0
36,5,22300.0,514,0.2,1,0,5000.0,24,debt_consolidation,808.04,53,0
32,5,32300.0,521,0.32,1,0,8500.0,12,debt_consolidation,169.59,90,0
34,5,25100.0,511,0.21,0,0,15000.0,24,personal,615.2,78,0
40,9,29500.0,534,0.1,0,0,5000.0,12,home_improvement,746.11,48,0
53,4,36400.0,533,0.34,1,0,28000.0,60,home_improvement,1436.09,98,0
37,4,19500.0,468,0.45,2,1,5000.0,12,education,147.04,83,0
43,14,41100.0,573,0.47,3,0,15500.0,24,personal,1136.92,56,0
59,25,55900.0,614,0.13,1,0,10000.0,12,home_improvement,778.37,11,0
53,20,56500.0,579,0.28,1,0,19500.0,36,business,1088.67,171,0
52,21,42300.0,541,0.19,2,0,15500.0,48,home_improvement,186.94,219,0
45,11,41900.0,585,0.33,4,0,10500.0,48,home_improvement,403.62,28,0
45,16,32300.0,469,0.37,2,0,10000.0,48,home_improvement,492.1,157,0
35,2,23000.0,469,0.2,1,0,7000.0,48,business,307.88,28,0
51,11,45600.0,595,0.06,0,0,10500.0,24,home_improvement,361.88,82,0
49,16,36500.0,443,0.39,0,1,14000.0,12,home_improvement,221.73,36,0
37,3,20800.0,484,0.25,1,0,11500.0,48,home_improvement,639.96,45,0
46,16,18700.0,562,0.2,1,1,5000.0,48,personal,100.0,129,0
47,2,21700.0,516,0.31,0,0,10000.0,24,education,100.0,51,0
38,7,64500.0,524,0.33,0,0,32000.0,48,home_improvement,1626.72,76,0
45,3,42000.0,611,0.24,1,0,10000.0,48,education,821.68,104,0
34,5,21900.0,519,0.15,0,0,14500.0,60,home_improvement,402.69,21,0
41,13,24600.0,519,0.23,0,0,9000.0,48,education,924.62,154,0
42,8,37600.0,504,0.15,1,0,16000.0,48,debt_consolidation,1125.13,27,0
62,23,51900.0,655,0.33,1,0,29500.0,48,education,1789.55,157,0
39,6,15000.0,544,0.43,3,0,15500.0,12,home_improvement,136.66,64,0
49,11,22400.0,595,0.29,2,0,8500.0,12,personal,470.93,126,0
22,2,15000.0,443,0.14,0,0,9500.0,24,personal,244.31,13,0
50,11,27900.0,484,0.3,4,1,23000.0,24,debt_consolidation,654.93,54,0
49,10,24600.0,541,0.42,5,0,5000.0,24,debt_consolidation,582.02,72,0
58,15,51600.0,702,0.35,1,0,21500.0,60,business,2336.86,88,0
39,10,47900.0,617,0.25,0,0,13500.0,12,education,893.82,102,0
42,10,31800.0,596,0.25,1,1,5000.0,24,home_improvement,713.94,58,0
54,2,15000.0,418,0.06,0,0,18500.0,24,personal,118.96,33,0
26,1,15000.0,477,0.18,1,2,5000.0,48,personal,543.37,56,0
44,14,21900.0,550,0.39,3,0,7500.0,36,personal,1038.2,65,0
37,4,39900.0,460,0.51,1,0,15000.0,24,personal,111.23,91,0
41,6,16100.0,514,0.13,0,0,5000.0,60,personal,231.39,42,0
29,6,28800.0,523,0.29,1,0,5000.0,48,personal,683.9,23,0
38,1,20300.0,449,0.26,0,0,5000.0,60,personal,883.0,77,0
49,21,46200.0,585,0.24,2,0,5000.0,24,debt_consolidation,1785.0,136,0
39,8,38300.0,444,0.25,1,0,9000.0,12,personal,1848.19,10,0
53,9,47900.0,545,0.54,3,0,5000.0,24,home_improvement,460.31,136,0
39,3,46500.0,480,0.31,2,0,18000.0,48,home_improvement,925.29,74,0
46,13,27400.0,483,0.37,0,0,8500.0,24,debt_consolidation,531.88,67,0
40,6,33900.0,309,0.19,0,0,5000.0,60,debt_consolidation,1802.05,81,0
44,17,70700.0,683,0.39,4,0,10000.0,36,personal,1791.48,81,0
40,9,27800.0,426,0.29,1,0,14000.0,48,debt_consolidation,1520.62,56,0
23,4,17100.0,332,0.15,0,0,8500.0,48,education,778.55,22,0
36,8,30800.0,409,0.27,1,0,10500.0,12,education,1074.04,52,0
41,20,30500.0,561,0.24,2,0,8500.0,36,debt_consolidation,659.79,48,1
40,15,35100.0,432,0.1,0,0,12000.0,36,personal,986.94,60,0
22,2,17800.0,496,0.47,2,1,11000.0,12,debt_consolidation,826.23,7,1
53,9,57100.0,547,0.48,2,0,9000.0,36,debt_consolidation,2743.05,136,0
32,3,24900.0,551,0.23,1,0,5000.0,36,personal,645.82,60,0
33,5,54300.0,573,0.27,1,0,12500.0,12,education,944.21,13,0
38,14,29900.0,457,0.24,2,0,17500.0,36,home_improvement,819.8,73,0
48,10,74300.0,498,0.17,1,0,17000.0,12,debt_consolidation,3460.91,248,0
51,11,31400.0,500,0.46,5,0,5000.0,12,debt_consolidation,622.39,148,0
54,15,29700.0,430,0.14,1,0,14000.0,48,personal,498.56,56,0
56,14,32000.0,581,0.22,2,0,13500.0,12,debt_consolidation,859.37,106,0
52,10,25900.0,534,0.17,1,0,5000.0,24,business,610.3,41,0
31,8,16500.0,459,0.23,1,0,5000.0,12,business,291.25,39,0
33,2,28500.0,506,0.5,3,0,13000.0,48,personal,1021.8,34,0
48,19,57600.0,668,0.04,0,0,28000.0,24,home_improvement,396.13,201,0
47,20,48100.0,571,0.17,2,0,12000.0,12,business,2081.3,131,0
45,17,20300.0,554,0.19,1,0,9000.0,48,education,343.97,170,0
27,6,15000.0,347,0.51,1,0,6000.0,48,debt_consolidation,205.08,27,0
53,7,20600.0,636,0.13,1,0,7500.0,12,personal,100.0,133,0
46,26,37200.0,593,0.31,2,0,20500.0,36,home_improvement,380.85,146,0
52,29,46100.0,661,0.35,1,0,30500.0,12,personal,1935.62,199,0
36,2,24900.0,427,0.21,0,0,14500.0,60,business,709.63,24,1
47,5,30300.0,501,0.43,3,0,25500.0,60,personal,712.93,65,0
27,3,17400.0,458,0.27,1,0,5000.0,12,debt_consolidation,571.64,59,0
53,9,35100.0,565,0.25,2,0,18000.0,36,personal,300.71,117,0
45,16,37800.0,523,0.23,2,1,10500.0,60,personal,861.46,72,0
54,10,42400.0,531,0.4,2,0,17000.0,12,personal,656.44,92,0
43,11,38200.0,450,0.62,3,0,16500.0,12,debt_consolidation,1855.76,145,0
48,9,36900.0,567,0.21,1,1,10500.0,36,personal,1680.43,94,0
43,10,31300.0,628,0.56,4,0,10000.0,36,personal,952.98,89,0
51,16,30100.0,474,0.43,2,0,19500.0,36,personal,331.95,115,0
36,12,25600.0,627,0.4,1,0,8000.0,24,personal,510.48,101,0
43,19,30000.0,567,0.39,1,0,24500.0,12,personal,466.37,63,0
33,4,26200.0,410,0.16,0,0,10000.0,12,debt_consolidation,220.85,87,0
25,3,15000.0,435,0.42,0,0,5000.0,24,home_improvement,656.92,9,0
37,3,22900.0,595,0.17,0,0,8500.0,24,debt_consolidation,948.34,53,0
53,21,65200.0,555,0.33,2,0,19500.0,36,home_improvement,3278.37,119,0
55,2,30900.0,529,0.17,2,0,20500.0,36,personal,1183.26,124,0
56,23,33100.0,510,0.04,0,0,12500.0,36,personal,1185.82,27,0
32,6,45700.0,546,0.3,2,1,5000.0,48,personal,1352.3,43,0
29,5,47100.0,495,0.31,1,0,24000.0,24,business,1317.56,21,0
36,3,27300.0,480,0.34,3,1,5000.0,12,personal,565.88,29,0
33,8,22800.0,536,0.38,1,0,16500.0,36,home_improvement,273.7,49,0
46,5,19700.0,632,0.42,2,0,12000.0,12,business,953.33,38,0
49,9,42400.0,602,0.21,3,0,6500.0,48,education,1020.47,34,0
33,3,25100.0,441,0.17,1,0,7000.0,60,personal,794.05,19,0
55,10,28100.0,652,0.25,0,0,5000.0,12,personal,982.54,79,0
28,2,21900.0,470,0.31,0,0,5000.0,48,business,656.42,25,0
44,10,29600.0,601,0.25,0,0,18000.0,12,home_improvement,272.44,33,0
47,15,39300.0,488,0.32,1,0,13000.0,24,debt_consolidation,224.27,45,0
48,15,49700.0,609,0.36,1,0,11000.0,24,business,839.07,22,0
59,5,39500.0,513,0.08,0,0,5000.0,36,debt_consolidation,1845.85,209,0
25,3,58500.0,507,0.35,1,0,22000.0,60,home_improvement,2305.63,19,0
54,16,37300.0,599,0.62,3,0,15000.0,48,debt_consolidation,310.34,49,0
37,4,15000.0,538,0.4,1,0,8500.0,48,home_improvement,773.54,102,0
28,8,34300.0,404,0.19,1,0,9500.0,12,business,429.5,49,0
37,14,21000.0,522,0.44,2,0,7500.0,48,personal,588.58,11,0
51,19,81800.0,583,0.42,5,0,9000.0,60,personal,917.29,175,0
42,7,49300.0,580,0.19,2,0,14000.0,12,debt_consolidation,1369.9,24,0
32,3,28000.0,464,0.24,1,1,5000.0,48,personal,1537.33,84,0
27,2,22000.0,464,0.16,0,0,9500.0,48,debt_consolidation,242.41,192,0
54,12,52700.0,538,0.21,2,0,17000.0,48,debt_consolidation,961.57,45,0
48,15,22900.0,534,0.3,1,0,5000.0,24,personal,273.98,164,0
51,18,24900.0,574,0.29,0,0,18000.0,48,debt_consolidation,204.14,116,0
55,10,50900.0,561,0.39,2,1,5000.0,36,debt_consolidation,119.59,125,0
48,17,21800.0,428,0.09,0,0,10500.0,24,business,829.38,170,0
34,2,59600.0,607,0.4,1,1,23500.0,48,debt_consolidation,1139.58,59,0
31,3,20800.0,468,0.15,1,0,22500.0,24,personal,206.28,86,0
47,11,47200.0,507,0.36,0,0,18500.0,36,debt_consolidation,372.77,33,0
33,7,27900.0,444,0.33,2,0,5000.0,24,debt_consolidation,1161.0,65,0
44,5,17400.0,483,0.09,0,0,5500.0,24,debt_consolidation,256.26,84,0
50,15,45200.0,661,0.25,2,0,18500.0,24,education,1344.48,129,0
35,9,29100.0,447,0.17,0,0,9500.0,60,debt_consolidation,416.7,39,0
38,10,18700.0,521,0.07,0,0,17000.0,36,debt_consolidation,506.39,107,0
40,8,23900.0,539,0.23,1,0,14500.0,12,personal,232.0,167,0
47,5,20800.0,477,0.45,1,0,11000.0,12,business,287.82,75,0
48,8,52600.0,601,0.2,2,0,19000.0,48,personal,1124.61,42,0
53,8,18400.0,437,0.29,1,0,21500.0,24,personal,562.67,154,0
39,12,47400.0,533,0.24,0,0,23500.0,48,debt_consolidation,694.76,28,0
35,5,20700.0,582,0.43,2,0,17000.0,36,education,601.01,13,0
25,4,33600.0,574,0.08,0,0,15500.0,36,business,1577.49,49,0
48,16,27600.0,449,0.29,0,0,16000.0,48,education,597.65,79,0
34,10,21300.0,461,0.39,2,0,5000.0,36,home_improvement,1149.98,45,0
37,3,40600.0,465,0.26,1,0,10500.0,24,personal,1078.61,57,0
36,3,37900.0,510,0.28,1,0,10000.0,36,education,771.8,29,0
38,7,47900.0,578,0.56,2,1,16000.0,24,personal,1725.77,113,0
41,3,17400.0,534,0.26,0,0,17000.0,60,debt_consolidation,241.43,106,0
25,2,16200.0,400,0.37,2,1,13000.0,36,personal,292.42,5,0
34,5,17600.0,480,0.24,1,0,13500.0,24,debt_consolidation,249.88,107,0
51,15,71300.0,591,0.4,1,0,21500.0,48,home_improvement,2814.13,128,0
38,11,21300.0,489,0.23,1,2,8500.0,48,debt_consolidation,817.31,136,0
30,3,36700.0,435,0.31,0,0,5000.0,24,personal,746.6,41,0
37,5,45800.0,485,0.26,0,1,7500.0,24,business,498.61,49,0
42,10,44200.0,550,0.08,1,0,25000.0,60,home_improvement,1320.27,62,0
27,2,18000.0,357,0.19,1,0,5000.0,12,personal,395.12,23,0
34,7,45600.0,500,0.25,1,0,14000.0,48,personal,2128.56,208,0
24,5,20000.0,432,0.36,2,1,5000.0,24,personal,514.9,25,0
40,1,22100.0,546,0.36,3,1,7000.0,12,debt_consolidation,958.48,208,0
27,5,21100.0,506,0.16,2,2,5000.0,12,personal,667.11,42,0
56,15,28100.0,430,0.17,1,0,12000.0,12,home_improvement,1296.74,197,0
55,11,49900.0,575,0.14,1,0,15000.0,12,personal,1324.28,106,0
51,15,55500.0,696,0.2,2,0,10500.0,36,education,998.14,43,0
48,24,94200.0,574,0.24,0,1,27500.0,60,debt_consolidation,3391.26,96,0
32,7,42500.0,540,0.38,0,0,12000.0,24,home_improvement,1384.84,39,0
57,7,55600.0,446,0.24,1,0,16000.0,36,personal,2245.04,197,0
24,0,23300.0,451,0.1,0,0,12500.0,36,education,549.73,5,0
34,14,33400.0,494,0.22,0,0,5000.0,24,personal,1463.23,28,0
61,16,38200.0,580,0.17,0,0,13000.0,24,home_improvement,589.88,113,0
27,3,20300.0,535,0.21,1,0,10000.0,48,personal,305.81,114,0
44,8,44500.0,551,0.21,1,0,16000.0,24,business,1036.66,90,0
57,26,39000.0,662,0.38,2,0,5000.0,60,business,618.11,83,0
38,11,49500.0,559,0.19,0,0,5000.0,48,home_improvement,552.28,67,0
40,15,16600.0,447,0.25,1,0,5000.0,12,business,141.52,67,0
39,2,20100.0,488,0.38,0,0,5500.0,12,home_improvement,859.09,114,0
28,6,22000.0,510,0.3,1,2,7500.0,24,debt_consolidation,100.0,10,0
47,8,20900.0,486,0.4,1,1,5000.0,24,debt_consolidation,537.41,56,0
44,10,31900.0,578,0.43,2,0,9000.0,48,education,460.07,74,0
34,13,22200.0,526,0.35,3,0,5000.0,12,personal,761.34,29,0
40,9,32700.0,505,0.21,0,0,12000.0,24,personal,1722.59,10,0
41,9,24500.0,558,0.3,2,1,5000.0,12,education,428.7,16,0
49,12,32800.0,587,0.4,1,0,7000.0,36,home_improvement,387.92,194,0
36,4,24900.0,539,0.34,1,1,17500.0,48,debt_consolidation,402.04,109,0
31,5,16800.0,444,0.19,0,0,5000.0,48,home_improvement,122.13,48,0
30,8,15000.0,459,0.58,2,0,12500.0,48,home_improvement,650.52,6,0
44,12,33100.0,686,0.4,3,0,16500.0,48,home_improvement,579.71,90,0
34,4,25700.0,478,0.27,1,0,19000.0,12,debt_consolidation,545.52,71,0
38,14,52100.0,657,0.31,0,0,18500.0,48,home_improvement,790.29,73,0
55,21,28300.0,582,0.12,0,0,14000.0,48,education,989.49,123,0
33,4,18100.0,420,0.35,0,0,8000.0,12,debt_consolidation,465.06,49,0
34,2,23000.0,580,0.06,0,1,5000.0,60,personal,970.27,44,0
30,7,28200.0,497,0.22,0,1,21500.0,36,debt_consolidation,840.48,33,0
44,7,27400.0,409,0.16,0,0,14000.0,12,business,246.21,70,0
52,14,19000.0,588,0.36,2,1,10000.0,48,personal,574.27,128,0
39,11,22600.0,612,0.34,1,0,5000.0,24,debt_consolidation,521.36,21,0
32,10,22000.0,526,0.11,0,0,5500.0,12,business,341.13,48,0
36,3,22000.0,516,0.26,0,0,9000.0,12,personal,162.88,11,0
46,10,25000.0,565,0.32,2,0,9000.0,12,education,1005.46,18,0
47,18,22100.0,529,0.2,1,0,11000.0,36,debt_consolidation,126.65,167,0
40,15,35900.0,533,0.37,1,0,5000.0,24,personal,879.47,72,0
34,8,28200.0,501,0.23,1,0,9500.0,36,education,848.22,55,0
41,3,16800.0,514,0.32,2,0,5000.0,36,personal,720.39,29,0
47,16,17600.0,533,0.11,0,0,13000.0,48,debt_consolidation,333.34,101,0
33,4,16600.0,550,0.27,2,0,5000.0,24,home_improvement,282.97,67,0
26,2,34300.0,455,0.16,0,1,21500.0,36,home_improvement,643.89,15,0
65,18,41400.0,562,0.37,3,0,25500.0,24,home_improvement,1243.4,49,0
50,17,46800.0,551,0.33,1,0,22000.0,60,debt_consolidation,1575.79,39,0
39,18,62000.0,679,0.09,1,0,26000.0,24,business,2950.06,35,0
50,2,30500.0,503,0.17,0,1,14000.0,24,home_improvement,267.97,72,0
58,18,43200.0,551,0.31,0,0,8000.0,12,home_improvement,1293.28,186,0
38,13,32700.0,463,0.34,0,0,9500.0,36,home_improvement,1120.62,86,0
33,8,25000.0,522,0.24,1,1,5000.0,12,education,545.12,139,0
54,27,41300.0,569,0.33,1,0,21000.0,36,education,1113.58,72,0
44,16,34700.0,486,0.27,2,0,5000.0,36,debt_consolidation,187.99,152,0
30,2,45400.0,535,0.22,1,0,10500.0,36,personal,520.45,35,0
28,3,15000.0,502,0.16,1,0,5000.0,24,personal,118.61,27,0
53,4,24000.0,540,0.34,3,0,20500.0,48,debt_consolidation,455.86,122,0
35,7,19200.0,576,0.27,3,1,5000.0,36,home_improvement,294.03,48,1
46,19,27900.0,634,0.27,2,0,9500.0,36,home_improvement,682.72,88,0
39,7,16800.0,548,0.23,1,1,8000.0,24,personal,239.47,93,0
40,10,33700.0,489,0.28,0,0,24500.0,48,debt_consolidation,824.84,70,0
32,6,39100.0,558,0.16,2,1,11000.0,36,home_improvement,494.27,45,0
51,12,45700.0,619,0.32,2,0,25000.0,36,business,1220.17,76,0
54,17,36000.0,533,0.29,2,1,11500.0,12,debt_consolidation,334.48,120,0
58,7,25200.0,480,0.22,2,0,9500.0,24,business,1071.02,186,0
47,10,28600.0,579,0.3,2,0,16500.0,48,education,846.27,78,0
34,8,25200.0,448,0.07,0,2,8000.0,24,personal,414.34,17,0
64,29,53700.0,580,0.3,2,0,22500.0,36,personal,1842.04,187,0
44,8,55800.0,606,0.28,2,0,17000.0,48,home_improvement,813.88,36,0
50,10,30600.0,516,0.36,1,2,9000.0,24,education,1309.48,24,0
25,5,15100.0,459,0.23,0,1,9000.0,48,home_improvement,658.6,46,0
26,3,35200.0,465,0.39,1,0,11500.0,36,personal,500.13,7,0
40,8,24600.0,535,0.34,2,0,18500.0,12,debt_consolidation,389.08,45,0
58,9,41600.0,556,0.25,1,1,17000.0,12,debt_consolidation,659.69,57,0
53,21,32800.0,612,0.29,0,0,12500.0,36,business,117.4,166,0
53,20,33800.0,587,0.18,0,0,5000.0,60,home_improvement,300.26,102,0
55,15,29700.0,528,0.18,0,0,16000.0,36,personal,853.16,116,0
26,5,24000.0,575,0.28,0,0,5000.0,12,debt_consolidation,538.81,11,0
59,9,18700.0,485,0.28,0,0,12000.0,12,debt_consolidation,355.9,163,0
39,10,18100.0,479,0.5,3,0,14500.0,36,debt_consolidation,770.21,34,0
35,9,34100.0,491,0.21,0,0,24000.0,24,personal,548.44,72,0
32,10,59900.0,601,0.21,2,0,19500.0,36,business,1134.09,26,0
63,24,29200.0,582,0.25,2,0,14500.0,24,home_improvement,355.76,121,0
34,3,19400.0,437,0.24,0,0,12500.0,12,education,623.95,101,0
31,3,43100.0,548,0.4,1,0,14500.0,24,personal,1439.62,70,0
32,1,16400.0,523,0.42,3,0,7000.0,12,business,405.99,14,0
42,9,56100.0,492,0.25,1,1,16500.0,24,home_improvement,1607.85,86,0
54,17,26400.0,472,0.09,1,0,28000.0,12,personal,491.99,146,0
37,5,21300.0,499,0.14,1,0,20000.0,36,personal,1082.3,58,0
41,11,44200.0,585,0.39,2,0,25500.0,60,education,1278.65,49,0
47,9,30200.0,514,0.16,0,0,13500.0,24,home_improvement,1009.19,54,0
38,18,60700.0,568,0.35,4,1,21500.0,12,education,2874.66,28,0
33,6,25600.0,505,0.43,0,0,8500.0,12,home_improvement,859.51,64,0
59,5,25400.0,658,0.25,2,0,9000.0,12,debt_consolidation,954.06,113,0
34,12,39900.0,416,0.35,1,0,12500.0,24,education,924.36,87,0
56,6,50400.0,621,0.27,0,0,19500.0,24,personal,1830.21,90,0
27,5,16000.0,422,0.32,1,2,8500.0,24,home_improvement,696.56,23,0
35,3,20600.0,558,0.46,1,0,5000.0,12,personal,430.74,80,0
22,3,25600.0,420,0.41,0,1,6000.0,24,business,120.28,9,0
41,6,24800.0,494,0.45,2,1,12000.0,24,debt_consolidation,230.29,129,0
47,5,15000.0,445,0.16,1,0,9500.0,48,debt_consolidation,275.58,158,0
57,28,31000.0,582,0.44,2,0,22000.0,12,debt_consolidation,574.62,116,0
24,2,22700.0,440,0.41,1,1,5000.0,48,personal,457.33,22,1
37,13,26100.0,530,0.1,0,0,6500.0,24,home_improvement,677.73,69,0
49,6,42200.0,537,0.24,2,0,16500.0,24,debt_consolidation,1058.74,168,0
49,15,32600.0,550,0.26,1,0,5000.0,12,debt_consolidation,1313.54,163,0
30,7,32100.0,522,0.17,0,0,5000.0,24,personal,950.14,53,0
38,12,22800.0,534,0.13,1,0,5500.0,48,home_improvement,1363.91,61,0
47,16,46200.0,507,0.31,2,0,19000.0,36,home_improvement,630.74,112,0
63,17,25300.0,570,0.33,3,1,5000.0,24,business,1070.71,176,0
53,21,26400.0,479,0.21,0,1,5000.0,24,business,1062.18,10,0
32,9,26500.0,414,0.12,0,1,5000.0,12,debt_consolidation,252.67,26,0
30,3,17700.0,486,0.41,2,0,9500.0,48,personal,323.79,55,0
30,7,30300.0,458,0.54,1,0,6000.0,24,business,709.86,7,0
53,14,39700.0,536,0.31,1,0,9000.0,24,personal,1182.34,56,0
30,3,23700.0,488,0.31,1,0,11500.0,36,debt_consolidation,756.97,49,0
51,24,44200.0,507,0.41,4,0,7000.0,24,debt_consolidation,420.25,17,0
46,3,40700.0,561,0.27,0,0,10000.0,48,debt_consolidation,1718.2,131,0
41,11,17700.0,470,0.34,3,1,6500.0,36,business,121.47,69,1
27,4,39300.0,510,0.21,2,0,7000.0,24,personal,246.7,38,0
27,2,23600.0,414,0.18,1,0,19000.0,48,education,973.92,64,0
52,28,59000.0,580,0.32,0,0,39000.0,12,personal,2811.21,46,0
41,11,16500.0,458,0.37,0,0,5000.0,24,home_improvement,371.8,129,0
50,10,48400.0,478,0.1,1,0,11500.0,24,debt_consolidation,680.08,46,0
34,2,22000.0,417,0.36,1,0,5000.0,12,business,194.19,56,0
40,3,26400.0,579,0.32,1,0,12500.0,36,home_improvement,732.2,78,0
40,9,20200.0,509,0.57,4,0,5000.0,36,education,499.65,107,0
30,5,29300.0,577,0.24,1,1,5000.0,48,debt_consolidation,463.59,66,0
57,24,62700.0,571,0.06,0,0,16000.0,24,home_improvement,1273.07,115,0
26,5,16000.0,533,0.42,3,0,5000.0,48,personal,323.3,42,0
36,8,31000.0,456,0.17,0,1,7500.0,24,business,100.0,53,0
59,14,27500.0,549,0.52,1,0,5000.0,60,business,428.41,144,0
44,16,25900.0,534,0.04,0,0,13000.0,48,personal,860.13,53,0
50,15,27700.0,441,0.27,2,1,13500.0,12,debt_consolidation,819.59,114,0
50,21,54700.0,606,0.29,2,0,16000.0,24,personal,2109.66,21,0
40,6,34700.0,446,0.27,3,0,5000.0,48,personal,938.45,52,0
41,5,29400.0,506,0.24,1,1,5000.0,60,education,290.36,77,0
28,2,23100.0,410,0.16,1,0,8000.0,60,home_improvement,453.19,77,0
45,9,45700.0,612,0.21,1,1,12000.0,12,home_improvement,1954.49,22,0
28,1,30300.0,493,0.16,0,0,9000.0,24,education,1128.48,82,0
45,6,37400.0,528,0.35,2,1,12500.0,12,debt_consolidation,476.44,100,0
48,24,60300.0,497,0.34,1,0,9500.0,12,home_improvement,1047.99,112,0
50,14,37000.0,405,0.29,0,0,15500.0,60,education,1411.35,60,0
33,8,20600.0,511,0.31,1,0,5000.0,60,personal,838.41,192,0
24,5,16000.0,416,0.28,0,0,5000.0,12,business,498.03,7,0
39,10,69100.0,594,0.23,0,1,16000.0,36,home_improvement,1050.71,117,0
41,11,36600.0,380,0.29,1,1,5000.0,12,home_improvement,699.79,124,0
35,9,15000.0,359,0.16,0,0,14000.0,60,debt_consolidation,738.22,71,0
37,7,15000.0,440,0.21,0,1,5000.0,48,business,128.81,68,0
37,7,25400.0,413,0.23,2,0,5000.0,12,personal,1095.04,77,0
29,6,42400.0,539,0.54,3,0,28000.0,48,business,258.87,13,0
42,5,15000.0,599,0.31,2,0,14500.0,24,education,340.15,121,0
56,5,27900.0,626,0.18,0,0,9000.0,12,education,854.23,16,0
41,5,27900.0,516,0.47,2,0,17500.0,48,home_improvement,467.04,110,0
28,1,16500.0,459,0.19,0,0,6500.0,24,debt_consolidation,261.72,27,0
37,7,23600.0,534,0.33,1,0,5000.0,48,debt_consolidation,1086.02,60,0
27,1,24900.0,571,0.22,1,0,21000.0,12,debt_consolidation,1114.48,40,0
23,1,15000.0,571,0.19,0,0,5000.0,24,home_improvement,489.7,24,0
35,11,55400.0,535,0.15,1,0,21000.0,24,debt_consolidation,2949.0,19,0
26,4,17400.0,516,0.39,1,0,17500.0,24,business,726.91,66,0
32,0,39000.0,466,0.16,0,0,9500.0,12,debt_consolidation,1251.12,53,0
34,8,54600.0,452,0.39,3,0,22500.0,48,business,1893.94,55,0
53,4,21100.0,525,0.15,0,0,16000.0,60,business,608.53,206,0
46,10,25700.0,589,0.2,0,0,19000.0,24,debt_consolidation,419.12,118,0
36,4,21100.0,504,0.22,2,0,9000.0,24,personal,905.38,40,0
43,7,22500.0,527,0.35,1,1,15000.0,12,education,377.12,60,0
40,4,15900.0,525,0.26,2,0,5500.0,48,personal,213.42,54,0
46,15,19200.0,483,0.31,3,0,5000.0,36,business,487.75,51,0
32,3,23500.0,539,0.19,1,0,16000.0,36,debt_consolidation,309.68,79,0
41,7,32300.0,458,0.38,1,0,6000.0,12,personal,876.83,93,0
43,5,32600.0,569,0.22,0,1,21000.0,36,personal,1521.66,115,0
23,3,31100.0,323,0.12,0,1,25000.0,24,home_improvement,1340.18,11,0
61,23,50200.0,534,0.26,1,0,16000.0,12,business,2165.43,72,0
42,9,21300.0,486,0.13,0,0,16500.0,12,home_improvement,806.75,25,0
58,15,63700.0,576,0.37,2,0,9500.0,24,debt_consolidation,2705.25,176,0
54,17,21100.0,586,0.4,0,1,13500.0,36,education,102.16,143,0
39,1,15000.0,497,0.32,1,0,5000.0,12,personal,373.98,114,0
56,8,25900.0,536,0.2,2,0,5000.0,60,debt_consolidation,940.45,87,0
32,6,33000.0,453,0.28,0,0,5000.0,36,home_improvement,529.57,76,0
67,6,41400.0,611,0.13,0,0,7500.0,12,home_improvement,1104.36,60,0
27,4,24800.0,528,0.13,0,0,17500.0,12,debt_consolidation,817.78,24,0
51,20,21700.0,434,0.31,0,0,7000.0,48,home_improvement,953.27,99,0
39,13,16800.0,393,0.52,4,0,10500.0,48,personal,100.0,5,0
36,5,15000.0,530,0.17,0,0,16000.0,48,personal,328.49,98,0
52,9,36900.0,561,0.4,1,0,21500.0,12,personal,826.14,41,0
40,15,43100.0,494,0.27,1,0,5000.0,24,personal,1160.73,36,0
38,2,50600.0,646,0.18,1,0,38500.0,60,personal,2700.93,40,0
45,11,40600.0,562,0.16,0,0,11500.0,36,business,1247.18,113,0
50,12,43600.0,499,0.09,0,1,5500.0,12,education,857.81,40,0
42,4,54900.0,435,0.15,1,0,17500.0,60,debt_consolidation,154.82,74,0
29,3,15000.0,553,0.11,0,0,5000.0,36,personal,116.64,69,0
38,5,21500.0,527,0.49,0,0,5000.0,24,home_improvement,628.92,78,0
43,9,34100.0,576,0.33,2,1,7000.0,12,business,874.36,34,0
29,1,47500.0,428,0.37,2,0,14500.0,24,education,100.0,77,0
40,15,24800.0,525,0.33,3,0,14000.0,12,home_improvement,1212.28,103,0
26,2,15700.0,502,0.16,0,0,5500.0,48,business,446.59,11,0
52,20,20400.0,477,0.48,1,1,18500.0,24,business,856.48,182,0
62,21,40300.0,644,0.35,5,0,5000.0,12,personal,1211.06,145,0
32,12,49500.0,547,0.53,1,0,19500.0,48,home_improvement,998.36,41,0
26,4,15900.0,461,0.22,0,0,5000.0,36,personal,473.85,104,0
63,23,57400.0,684,0.27,0,0,20500.0,36,debt_consolidation,2758.68,157,0
38,9,41600.0,530,0.17,0,0,5000.0,12,debt_consolidation,929.95,22,0
59,30,62500.0,612,0.47,2,1,17000.0,12,personal,1592.65,165,0
26,7,20300.0,417,0.2,1,0,17000.0,60,debt_consolidation,311.41,17,0
43,8,30600.0,569,0.14,0,1,8000.0,24,personal,344.65,104,0
40,5,36800.0,523,0.29,2,1,12000.0,12,personal,737.75,75,1
47,5,18100.0,590,0.17,2,0,8000.0,36,personal,505.33,105,0
55,27,100000.0,562,0.39,5,0,29500.0,24,education,2366.31,112,0
42,5,27700.0,414,0.42,2,0,8000.0,12,home_improvement,584.63,106,0
48,13,53500.0,501,0.29,2,0,13500.0,12,personal,1080.45,21,0
45,19,23700.0,594,0.19,1,0,9500.0,60,personal,164.61,76,0
63,19,52400.0,652,0.43,2,1,20000.0,36,home_improvement,157.89,197,0
29,6,48300.0,466,0.32,1,0,30500.0,36,personal,2069.38,24,0
47,22,23600.0,427,0.41,3,0,14000.0,12,debt_consolidation,560.6,31,0
40,6,47900.0,673,0.59,4,0,18000.0,48,home_improvement,1214.16,51,0
25,4,15000.0,516,0.33,1,0,17500.0,12,personal,238.35,27,0
31,10,26900.0,553,0.23,0,0,5500.0,36,business,246.38,55,0
33,2,22200.0,617,0.35,1,0,7000.0,12,business,723.57,152,0
50,2,22600.0,520,0.18,1,0,5000.0,48,home_improvement,272.29,174,0
22,1,16000.0,448,0.23,1,0,5000.0,60,personal,435.09,17,0
47,15,27500.0,528,0.22,2,0,12500.0,48,personal,457.12,35,0
52,15,31000.0,478,0.18,0,0,18000.0,60,business,1040.91,55,0
49,12,36200.0,519,0.24,1,0,10500.0,24,education,1761.98,118,0
64,3,42600.0,658,0.24,1,0,13000.0,12,personal,959.48,107,0
55,9,20000.0,656,0.25,1,0,5000.0,48,personal,100.0,108,0
45,12,25800.0,467,0.07,0,0,21000.0,36,debt_consolidation,1301.21,67,0
32,2,15000.0,542,0.18,1,0,19000.0,12,personal,625.03,44,0
43,6,23300.0,502,0.19,0,0,5000.0,24,debt_consolidation,739.75,79,0
40,14,37900.0,460,0.36,4,1,5000.0,36,personal,982.05,103,0
52,13,16000.0,460,0.27,2,0,6500.0,60,personal,540.85,41,0
45,4,15000.0,375,0.23,1,1,5000.0,36,home_improvement,519.04,135,0
60,36,61900.0,546,0.21,1,0,19500.0,24,home_improvement,2201.27,185,0
41,15,51800.0,625,0.18,0,0,17000.0,48,personal,710.19,20,0
41,5,22500.0,454,0.15,1,1,5500.0,60,debt_consolidation,329.28,62,1
43,13,42800.0,551,0.32,1,0,11000.0,48,education,655.38,55,0
45,8,16900.0,545,0.16,0,0,6500.0,36,debt_consolidation,468.51,97,0
40,2,34400.0,654,0.36,4,0,17500.0,12,debt_consolidation,919.82,3,0
40,2,19800.0,404,0.23,0,0,29500.0,36,education,791.64,85,0
51,10,47900.0,475,0.29,2,0,32500.0,24,business,1671.03,78,0
54,22,49800.0,608,0.31,1,0,23500.0,60,personal,1513.04,141,0
35,4,17300.0,507,0.24,0,0,27000.0,24,home_improvement,650.12,23,0
32,5,22700.0,524,0.42,4,0,5000.0,48,personal,858.02,53,0
55,8,22600.0,594,0.35,0,0,9000.0,48,personal,486.73,163,0
48,8,17900.0,450,0.41,3,0,5000.0,60,business,162.62,52,0
37,0,15000.0,569,0.46,5,0,5000.0,36,home_improvement,398.93,125,0
56,8,15000.0,587,0.19,0,0,5000.0,12,debt_consolidation,100.0,99,0
27,3,21900.0,389,0.05,0,0,5000.0,24,debt_consolidation,824.35,52,0
47,6,36100.0,600,0.25,1,0,28500.0,48,personal,330.72,33,0
37,7,18300.0,493,0.33,0,0,5000.0,24,personal,100.0,13,0
62,13,67900.0,544,0.42,3,0,16500.0,12,education,1493.45,179,0
56,16,43300.0,709,0.34,3,0,10500.0,36,personal,1800.69,144,0
40,8,26400.0,562,0.31,0,0,10000.0,36,business,947.0,41,0
21,2,15000.0,471,0.3,2,1,17500.0,48,home_improvement,486.75,9,0
34,6,23400.0,587,0.3,0,0,5000.0,24,education,993.54,95,0
48,11,52000.0,487,0.22,1,2,23000.0,60,education,1933.45,40,0
31,10,20200.0,561,0.24,0,0,6000.0,36,personal,582.19,38,0
27,1,26400.0,482,0.41,1,0,5000.0,24,business,135.07,38,0
32,10,15000.0,527,0.27,3,0,5000.0,24,personal,100.0,30,0
39,13,31500.0,527,0.42,1,0,6000.0,48,education,828.56,58,0
58,11,41300.0,606,0.21,0,0,14500.0,36,home_improvement,801.95,174,0
52,21,23500.0,559,0.3,1,0,7000.0,36,debt_consolidation,347.16,102,0
44,20,24800.0,617,0.14,1,0,16000.0,48,personal,368.01,28,0
43,18,74700.0,537,0.32,3,0,21000.0,24,personal,3517.91,131,0
35,8,28800.0,515,0.27,1,0,15500.0,48,education,587.08,40,0
35,3,17700.0,524,0.1,0,0,13500.0,24,home_improvement,212.6,66,0
34,8,26400.0,545,0.39,2,0,7000.0,48,debt_consolidation,942.66,35,0
41,17,54900.0,478,0.16,0,0,24000.0,48,home_improvement,850.05,33,0
29,3,27100.0,555,0.24,1,0,20000.0,60,personal,396.7,28,0
41,14,18900.0,552,0.12,0,0,12500.0,48,personal,224.1,73,0
39,12,77100.0,615,0.38,3,0,31000.0,24,personal,959.81,91,0
40,11,30000.0,647,0.33,1,0,19500.0,48,personal,1228.96,80,0
32,6,19400.0,443,0.35,1,0,5000.0,36,personal,734.5,29,0
39,10,16500.0,417,0.29,0,1,5000.0,60,education,206.39,105,0
43,10,34200.0,570,0.34,2,0,5000.0,12,personal,1009.81,95,0
55,9,34900.0,445,0.24,2,0,12500.0,48,home_improvement,1089.84,191,0
31,8,21300.0,469,0.18,1,0,5000.0,24,home_improvement,1010.56,36,0
52,7,25700.0,414,0.15,1,1,16500.0,36,business,1281.58,25,0
35,7,42700.0,518,0.28,0,0,20000.0,60,personal,206.37,47,0
40,7,28400.0,423,0.12,0,0,22000.0,48,home_improvement,696.46,106,0
45,8,33400.0,591,0.25,0,0,8000.0,24,personal,309.77,120,0
37,11,28700.0,516,0.22,1,0,17000.0,12,personal,932.49,93,0
30,10,27800.0,410,0.06,0,0,7000.0,48,business,1127.06,10,0
26,3,28300.0,512,0.13,0,0,24000.0,48,debt_consolidation,720.15,10,0
62,8,41500.0,613,0.39,1,0,5000.0,12,personal,1556.33,194,0
32,4,22000.0,525,0.28,1,2,14000.0,48,personal,678.93,62,0
35,3,15000.0,467,0.21,0,0,5000.0,36,home_improvement,559.26,48,0
34,9,45800.0,578,0.26,1,0,16000.0,24,business,1717.72,12,0
47,19,34300.0,604,0.11,0,0,12500.0,24,debt_consolidation,1069.71,68,0
26,0,23200.0,450,0.48,5,0,14500.0,24,debt_consolidation,799.51,13,1
42,15,37100.0,559,0.3,1,0,23000.0,60,home_improvement,1918.21,68,0
29,2,16100.0,408,0.24,1,0,5000.0,12,personal,259.8,36,0
41,7,48300.0,452,0.31,2,1,14000.0,12,home_improvement,1710.93,104,1
46,18,72100.0,585,0.25,2,0,13000.0,36,personal,1660.5,102,0
26,1,32100.0,583,0.1,1,0,5000.0,12,home_improvement,1125.81,27,0
25,3,20000.0,444,0.26,0,0,18500.0,24,personal,554.99,12,0
38,8,15000.0,438,0.27,0,0,5000.0,24,personal,301.92,81,0
49,9,15000.0,405,0.46,2,0,5000.0,36,personal,141.34,87,0
40,14,45800.0,481,0.35,3,0,10500.0,48,home_improvement,1331.68,83,0
51,20,29500.0,480,0.23,0,1,13000.0,48,home_improvement,1093.45,47,0
23,4,22200.0,428,0.37,2,0,5000.0,48,business,789.64,25,1
54,17,48000.0,707,0.19,1,0,22500.0,60,education,1904.49,79,0
36,11,70600.0,448,0.02,0,0,31500.0,24,personal,850.7,70,0
30,4,44500.0,605,0.13,0,0,5000.0,24,home_improvement,924.97,26,0
32,4,23800.0,453,0.28,1,0,5000.0,12,personal,557.51,45,0
28,4,15300.0,601,0.15,0,1,5000.0,24,personal,357.4,40,0
40,14,18900.0,438,0.29,2,0,8500.0,24,personal,472.99,22,0
49,11,34300.0,503,0.23,2,0,6500.0,12,debt_consolidation,1576.93,104,0
45,4,18200.0,442,0.21,2,0,13500.0,48,personal,508.45,85,0
30,4,26900.0,525,0.37,1,1,8000.0,60,personal,210.27,135,0
49,6,28600.0,530,0.26,0,0,12000.0,48,personal,683.85,137,0
32,2,28200.0,512,0.16,0,0,7000.0,24,home_improvement,1090.34,56,0
39,11,26600.0,430,0.33,1,0,9000.0,48,debt_consolidation,718.08,48,0
36,9,38300.0,463,0.19,1,1,15000.0,12,debt_consolidation,1439.27,10,0
36,12,55600.0,611,0.18,0,0,6500.0,24,home_improvement,1535.87,100,0
34,8,23700.0,406,0.23,0,1,16500.0,12,business,110.89,57,0
29,6,36600.0,433,0.45,1,0,11500.0,48,personal,1384.21,34,0
47,13,63500.0,649,0.21,1,0,23500.0,12,home_improvement,2909.89,31,0
23,2,21000.0,624,0.16,0,0,5500.0,48,home_improvement,485.0,15,0
29,5,15000.0,552,0.17,1,0,5000.0,48,business,245.04,17,0
39,2,26800.0,546,0.32,1,0,5000.0,24,personal,900.93,63,0
39,3,28500.0,503,0.22,1,0,12500.0,12,personal,127.04,57,0
45,16,44600.0,435,0.19,1,1,13000.0,12,personal,828.95,90,0
49,6,27700.0,453,0.31,0,1,5000.0,12,education,960.71,109,0
32,3,17700.0,529,0.45,3,0,12500.0,60,home_improvement,142.43,75,0
33,7,32100.0,628,0.58,4,0,5000.0,36,home_improvement,1071.58,43,0
49,14,44600.0,525,0.28,3,0,9000.0,36,home_improvement,1235.08,93,0
54,7,20100.0,516,0.16,0,0,8000.0,48,business,199.22,78,0
44,9,37900.0,512,0.37,3,0,7500.0,12,home_improvement,2284.84,108,0
38,11,18200.0,481,0.17,1,1,8500.0,60,debt_consolidation,201.1,102,0
44,16,69800.0,595,0.16,1,0,20500.0,48,business,3581.57,101,0
30,7,30200.0,398,0.1,0,0,8500.0,12,personal,293.58,69,0
37,5,33600.0,583,0.1,0,1,7000.0,48,education,453.39,55,0
47,15,23100.0,554,0.22,0,0,5000.0,12,home_improvement,497.11,65,0
25,4,15000.0,398,0.18,0,0,17000.0,48,home_improvement,436.1,36,0
41,13,24900.0,442,0.23,0,0,12000.0,48,home_improvement,780.02,96,0
52,28,32100.0,608,0.55,3,0,6000.0,60,personal,1059.44,47,0
42,20,27500.0,478,0.47,3,1,10500.0,36,personal,1373.3,133,0
44,18,26000.0,548,0.24,2,0,5000.0,12,home_improvement,900.32,127,0
48,21,47900.0,448,0.69,4,0,11500.0,12,debt_consolidation,1672.61,139,0
41,8,20000.0,612,0.51,3,0,8000.0,12,debt_consolidation,757.75,53,0
31,0,15400.0,514,0.45,1,0,5000.0,12,personal,793.73,37,0
38,10,34400.0,551,0.17,1,1,5000.0,24,personal,1562.91,32,0
34,7,17100.0,517,0.13,1,0,6500.0,60,education,100.0,59,0
38,10,71400.0,445,0.3,2,0,21500.0,48,education,2858.09,26,0
51,23,44200.0,542,0.17,1,0,16500.0,48,personal,400.14,21,0
36,7,34800.0,493,0.15,1,0,15500.0,60,home_improvement,1350.77,29,0
37,11,27000.0,439,0.27,1,0,5000.0,36,personal,1006.93,87,0
21,2,22000.0,592,0.22,1,0,16000.0,48,home_improvement,576.37,3,0
36,8,66000.0,471,0.22,0,0,21500.0,48,home_improvement,2832.7,101,0
37,6,25100.0,402,0.31,3,0,5000.0,60,home_improvement,650.93,34,0
41,18,25600.0,518,0.22,0,0,13000.0,60,personal,309.25,169,0
47,2,17200.0,442,0.1,0,0,7500.0,48,personal,301.9,109,0
36,7,15000.0,356,0.19,1,0,5000.0,24,home_improvement,403.69,42,0
48,10,38400.0,586,0.09,0,0,10500.0,24,debt_consolidation,718.54,16,0
45,3,28800.0,612,0.25,1,0,9000.0,48,personal,1340.05,103,0
53,12,48000.0,613,0.1,1,0,14000.0,24,home_improvement,782.04,94,0
33,6,48600.0,537,0.3,2,0,11000.0,12,debt_consolidation,1089.8,100,0
56,7,25100.0,533,0.19,0,0,5000.0,12,personal,1049.17,121,0
43,4,24400.0,601,0.24,1,0,8500.0,48,business,458.34,106,0
34,5,30800.0,560,0.16,1,0,5000.0,48,education,961.34,23,0
44,11,16600.0,525,0.18,0,0,12000.0,48,debt_consolidation,380.67,85,0
52,16,43900.0,505,0.35,1,0,8000.0,36,personal,1965.84,176,0
37,13,46400.0,552,0.25,0,0,16500.0,48,business,696.44,38,0
32,5,32800.0,469,0.32,0,0,7000.0,48,debt_consolidation,611.95,68,0
35,8,59100.0,572,0.21,0,0,5000.0,60,business,1788.15,56,0
29,5,30200.0,415,0.33,1,0,5000.0,60,debt_consolidation,1383.85,59,0
27,4,22600.0,519,0.33,1,0,7000.0,12,debt_consolidation,825.64,72,0
39,10,42600.0,457,0.26,3,0,13500.0,12,home_improvement,1273.08,10,0
47,3,20300.0,584,0.05,0,0,7000.0,12,debt_consolidation,646.77,141,0
49,6,62200.0,578,0.1,1,1,14500.0,60,business,2000.6,72,0
55,20,67900.0,548,0.31,4,1,29500.0,36,business,3991.83,154,0
57,14,29100.0,645,0.17,0,0,19000.0,36,home_improvement,265.44,166,0
37,8,17000.0,428,0.1,0,0,5000.0,36,debt_consolidation,773.72,158,0
44,10,19400.0,488,0.35,2,1,12000.0,60,personal,495.98,41,0
34,10,19700.0,543,0.29,2,0,5000.0,12,debt_consolidation,630.9,85,0
38,9,24600.0,461,0.3,2,1,6500.0,12,home_improvement,1175.53,92,0
43,14,20700.0,574,0.23,1,0,11500.0,60,home_improvement,346.64,116,0
48,9,21500.0,436,0.24,0,0,8500.0,36,business,384.44,139,0
33,7,20900.0,558,0.17,0,0,13000.0,12,debt_consolidation,1159.18,117,0
46,1,15400.0,529,0.27,0,0,19000.0,48,debt_consolidation,168.91,139,0
45,18,27700.0,618,0.55,4,1,9500.0,24,education,648.89,120,0
47,7,23100.0,445,0.29,2,0,5000.0,24,business,395.78,148,0
28,5,26700.0,575,0.18,0,0,8000.0,24,personal,460.68,10,0
48,16,46600.0,578,0.4,2,0,22000.0,12,home_improvement,875.61,101,0
36,8,42400.0,501,0.34,0,0,16500.0,24,personal,803.7,84,0
33,5,25400.0,463,0.36,2,0,5000.0,24,personal,272.6,42,0
55,13,21700.0,557,0.26,1,1,13500.0,24,debt_consolidation,262.12,58,0
45,16,41900.0,565,0.14,0,0,19000.0,48,personal,214.73,5,0
41,3,16800.0,460,0.08,0,0,5000.0,36,personal,987.71,54,0
38,9,16600.0,458,0.46,1,0,5000.0,24,debt_consolidation,221.33,80,0
32,10,22500.0,395,0.11,0,0,5000.0,24,business,579.44,23,0
41,8,30600.0,445,0.35,2,0,20000.0,24,debt_consolidation,242.52,65,0
44,12,18000.0,484,0.41,0,0,9000.0,48,business,553.33,89,0
29,2,21300.0,493,0.26,0,0,6000.0,12,home_improvement,770.94,154,0
39,13,29700.0,459,0.19,0,0,9000.0,24,home_improvement,1764.03,88,0
33,3,20400.0,563,0.18,2,0,17000.0,24,business,905.85,24,0
33,5,25500.0,523,0.21,1,0,19500.0,12,home_improvement,789.68,68,0
60,25,28000.0,603,0.3,2,0,5500.0,24,debt_consolidation,214.82,34,0
51,12,57300.0,480,0.11,1,0,11000.0,48,business,1826.77,168,0
26,2,15400.0,437,0.24,1,0,8000.0,48,business,227.58,16,0
51,6,36600.0,449,0.48,2,0,5000.0,12,personal,1273.75,113,0
47,9,34500.0,546,0.09,0,0,5000.0,24,debt_consolidation,988.21,113,0
33,8,39700.0,473,0.3,1,0,5000.0,48,education,1824.11,18,0
35,5,26000.0,555,0.32,1,0,12000.0,24,home_improvement,1283.24,55,0
31,10,20100.0,494,0.24,2,0,11500.0,12,home_improvement,480.15,78,0
61,19,19400.0,581,0.26,1,0,5000.0,12,business,473.15,151,0
29,9,24400.0,494,0.3,2,0,16500.0,48,personal,408.45,31,0
33,4,34100.0,550,0.22,1,1,5000.0,12,personal,547.24,59,0
42,20,47000.0,459,0.54,2,1,31000.0,24,home_improvement,1715.74,36,0
45,21,35200.0,504,0.18,0,1,16500.0,24,business,318.21,54,0
59,15,45900.0,541,0.14,1,0,24000.0,36,debt_consolidation,1560.04,42,0
34,9,80200.0,494,0.45,3,0,25500.0,24,personal,693.06,92,0
25,4,31300.0,529,0.41,1,0,5000.0,60,home_improvement,1242.79,24,0
39,5,58800.0,493,0.23,1,0,28500.0,60,education,539.68,9,0
27,4,20800.0,392,0.28,2,0,8500.0,36,business,655.6,38,0
41,10,24900.0,483,0.4,3,0,5000.0,36,debt_consolidation,1296.09,107,0
33,2,34100.0,570,0.45,1,0,12500.0,12,personal,808.08,79,0
52,12,35300.0,608,0.34,2,0,5000.0,48,debt_consolidation,435.37,18,0
49,25,19900.0,645,0.25,1,0,15000.0,48,business,927.68,156,0
41,10,38500.0,564,0.29,0,1,5000.0,60,personal,1194.16,103,0
55,12,31000.0,562,0.15,1,0,19000.0,24,personal,634.75,139,0
48,4,21700.0,544,0.21,1,0,5000.0,24,personal,100.0,67,0
31,4,20000.0,458,0.29,0,1,17000.0,24,debt_consolidation,412.2,38,0
52,8,20200.0,579,0.13,0,0,24500.0,12,personal,528.13,70,0
58,16,71500.0,652,0.33,2,0,20500.0,24,business,1555.93,153,0
34,2,21800.0,518,0.37,2,2,9500.0,24,home_improvement,360.56,129,1
59,20,20800.0,520,0.31,1,0,5000.0,24,home_improvement,691.59,180,0
48,12,54500.0,479,0.4,3,0,15500.0,24,home_improvement,1291.54,127,0
50,10,47500.0,624,0.43,3,0,14500.0,60,personal,1849.52,69,0
40,17,39300.0,565,0.47,2,0,18000.0,12,personal,2494.96,8,0
29,2,19500.0,430,0.28,0,0,11500.0,36,personal,665.75,62,0
46,15,91300.0,613,0.32,2,0,22000.0,36,home_improvement,3540.16,120,0
37,9,33400.0,529,0.22,2,0,5000.0,36,debt_consolidation,784.11,80,0
32,9,38700.0,469,0.21,0,0,18000.0,24,personal,1456.22,63,0
30,3,29400.0,482,0.24,0,1,22500.0,48,personal,1668.04,9,0
51,9,31500.0,567,0.42,2,0,11500.0,48,home_improvement,674.32,95,0
35,1,32000.0,518,0.35,3,0,10500.0,24,personal,403.1,70,0
39,8,49000.0,397,0.41,3,0,5000.0,36,home_improvement,271.07,71,0
49,6,36900.0,504,0.26,3,0,16500.0,48,home_improvement,268.87,212,0
45,2,15000.0,449,0.23,2,0,7000.0,12,debt_consolidation,400.63,55,0
54,17,29600.0,556,0.17,1,0,15500.0,48,home_improvement,519.09,108,0
33,3,15000.0,501,0.18,1,0,9000.0,12,personal,269.1,79,0
29,6,39500.0,467,0.29,2,0,5000.0,24,personal,1059.45,60,0
34,8,20800.0,537,0.34,1,1,9000.0,12,business,551.04,75,0
37,5,17200.0,376,0.29,2,0,12000.0,36,business,500.73,80,0
43,13,16500.0,495,0.25,2,0,12000.0,60,home_improvement,328.03,70,0
49,13,68600.0,524,0.33,2,1,27000.0,48,debt_consolidation,4123.1,137,0
36,7,31500.0,617,0.15,0,0,17000.0,36,debt_consolidation,805.43,24,0
46,17,44800.0,689,0.32,1,0,12500.0,36,business,2174.65,68,0
31,5,20300.0,541,0.12,0,0,10500.0,24,home_improvement,695.14,57,0
47,20,58000.0,512,0.18,2,0,27000.0,36,debt_consolidation,1413.19,34,0
29,5,15800.0,474,0.18,0,0,17000.0,60,debt_consolidation,835.9,44,1
42,7,36400.0,504,0.44,1,0,5500.0,12,home_improvement,2121.71,160,0
25,1,20000.0,404,0.34,0,0,7500.0,24,debt_consolidation,900.08,33,1
34,7,32100.0,412,0.27,1,0,11500.0,36,personal,109.34,101,0
35,11,31800.0,534,0.44,3,1,15500.0,12,business,1269.36,56,0
34,13,40700.0,444,0.34,1,0,16500.0,24,debt_consolidation,671.23,68,0
28,7,39900.0,460,0.14,1,0,17500.0,24,personal,254.24,36,0
37,7,34200.0,565,0.27,0,0,5000.0,48,home_improvement,455.15,92,0
58,28,53500.0,598,0.29,1,1,12500.0,48,personal,2418.61,184,0
43,13,29200.0,507,0.19,1,0,9500.0,36,personal,1170.88,53,0
43,6,24900.0,520,0.24,0,0,10500.0,60,debt_consolidation,874.71,71,0
32,3,15000.0,487,0.25,0,0,5000.0,48,business,100.0,33,0
42,7,25500.0,532,0.31,2,0,5000.0,24,personal,1124.22,84,0
46,3,27700.0,475,0.53,3,0,8000.0,60,personal,413.49,36,0
28,2,23600.0,510,0.41,0,0,15500.0,60,personal,867.47,48,0
34,4,21700.0,559,0.35,2,0,14500.0,48,personal,376.84,66,0
49,8,15000.0,481,0.37,2,0,5000.0,12,debt_consolidation,100.91,106,0
41,14,17500.0,522,0.27,0,0,7500.0,48,business,800.63,37,0
43,13,31400.0,642,0.42,2,0,12500.0,24,business,729.35,105,0
34,4,23600.0,498,0.23,1,0,11000.0,48,debt_consolidation,651.53,26,0
37,3,34700.0,514,0.25,2,0,10000.0,24,personal,873.14,44,0
58,23,21100.0,525,0.53,3,0,17500.0,12,business,1174.33,98,0
56,20,71200.0,607,0.38,3,0,12000.0,24,personal,1369.37,72,0
24,3,19700.0,478,0.43,1,0,5000.0,36,home_improvement,350.61,23,0
33,4,15000.0,395,0.3,1,0,7500.0,12,personal,375.34,44,0
44,6,21200.0,585,0.28,1,0,5000.0,60,personal,300.14,126,0
41,7,22900.0,567,0.14,0,0,5000.0,12,personal,505.32,97,0
56,12,44100.0,435,0.27,1,0,17500.0,36,debt_consolidation,1011.66,186,0
46,8,38900.0,551,0.51,5,1,12500.0,12,personal,1133.46,125,0
59,21,22000.0,583,0.19,1,0,5000.0,48,personal,371.02,175,0
35,5,25600.0,455,0.47,3,0,5000.0,60,home_improvement,594.37,86,0
50,20,41500.0,580,0.13,0,0,15000.0,48,personal,1124.1,146,0
31,4,36500.0,382,0.27,3,0,23000.0,36,home_improvement,662.51,59,0
51,26,65500.0,555,0.08,1,0,16500.0,24,debt_consolidation,1840.63,128,0
36,8,33800.0,550,0.41,0,0,29500.0,12,business,1301.78,21,0
32,3,18600.0,554,0.23,0,1,10000.0,12,personal,559.81,30,0
57,23,77700.0,658,0.41,1,0,10500.0,12,debt_consolidation,2380.53,181,0
47,11,49900.0,483,0.42,4,0,16500.0,60,personal,1565.02,24,0
51,8,34100.0,564,0.22,1,0,6000.0,48,personal,1589.66,158,0
43,4,17200.0,573,0.33,1,0,20000.0,36,debt_consolidation,569.14,14,0
54,19,55500.0,516,0.3,2,0,28000.0,12,business,3244.11,45,0
39,5,33900.0,419,0.27,0,0,8000.0,12,debt_consolidation,717.83,94,0
27,2,22000.0,516,0.26,1,0,5000.0,36,personal,367.64,68,0
38,12,39600.0,497,0.17,0,1,5000.0,24,home_improvement,1295.61,70,0
65,13,49200.0,653,0.29,4,0,18500.0,60,personal,2315.87,229,0
49,23,40200.0,520,0.4,3,0,12000.0,60,debt_consolidation,1762.06,34,0
57,11,32100.0,469,0.45,2,0,16500.0,24,education,1360.66,90,0
44,18,21200.0,531,0.12,0,0,5000.0,48,home_improvement,535.92,63,0
44,20,38700.0,584,0.36,1,0,18500.0,12,debt_consolidation,1458.69,116,0
43,10,23600.0,560,0.35,2,0,7000.0,36,personal,1277.64,82,0
46,2,30100.0,596,0.46,2,0,5000.0,12,business,709.79,45,0
40,9,27900.0,499,0.1,0,1,17000.0,60,business,612.12,126,0
37,6,40800.0,565,0.14,0,2,8500.0,12,business,857.97,103,0
36,13,38500.0,589,0.23,2,0,8000.0,12,personal,933.58,62,0
45,19,50300.0,442,0.4,1,1,26000.0,36,personal,1834.96,120,0
43,14,28300.0,528,0.23,1,1,20500.0,60,personal,400.08,108,0
39,4,43500.0,450,0.26,3,0,10000.0,12,personal,1045.91,39,0
34,16,54200.0,477,0.29,1,1,14500.0,24,education,550.76,47,0
44,3,19000.0,544,0.17,1,0,21500.0,24,home_improvement,846.66,99,0
42,15,25400.0,463,0.21,2,0,17500.0,36,debt_consolidation,707.46,35,0
35,7,42600.0,571,0.38,2,0,15000.0,48,debt_consolidation,824.71,65,0
43,16,41600.0,547,0.24,1,0,13500.0,48,education,443.44,118,0
44,14,33800.0,563,0.2,0,0,10000.0,60,personal,100.0,131,0
43,17,52900.0,656,0.29,2,0,11500.0,24,debt_consolidation,1258.67,81,0
23,1,15000.0,447,0.25,1,0,6000.0,48,debt_consolidation,488.18,57,0
44,15,37200.0,541,0.33,4,0,15500.0,48,debt_consolidation,1376.5,59,0
34,8,44700.0,434,0.23,3,0,24500.0,48,personal,2049.44,15,0
32,4,24700.0,469,0.39,0,0,11500.0,48,personal,426.01,59,0
35,11,32400.0,527,0.38,1,1,18000.0,12,personal,1053.77,44,0
58,5,30400.0,488,0.19,1,0,5000.0,60,debt_consolidation,774.69,11,0
39,6,47400.0,523,0.2,2,0,12500.0,48,business,830.98,86,0
41,8,54900.0,494,0.17,2,0,16000.0,36,education,2273.36,40,0
35,3,15000.0,559,0.09,0,0,5000.0,36,education,301.18,63,0
25,2,17400.0,523,0.18,0,1,7500.0,12,personal,268.54,47,0
44,10,25400.0,614,0.15,1,0,11500.0,12,home_improvement,507.15,112,0
30,2,15000.0,608,0.31,2,1,5000.0,48,personal,863.55,51,1
32,2,26400.0,516,0.28,2,0,18000.0,24,business,433.38,67,0
44,7,17400.0,567,0.26,0,0,26500.0,12,debt_consolidation,100.0,61,0
40,11,27200.0,486,0.42,1,0,14500.0,12,home_improvement,736.95,80,0
53,17,38800.0,519,0.22,2,0,14500.0,12,debt_consolidation,1330.09,44,1
49,23,20900.0,523,0.18,1,0,5000.0,12,home_improvement,119.62,60,0
42,13,35100.0,521,0.07,0,0,13500.0,24,personal,878.84,95,0
63,19,85700.0,630,0.68,4,0,15500.0,36,personal,2459.98,119,0
55,6,31700.0,644,0.33,2,0,27500.0,36,home_improvement,164.87,23,0
42,6,33600.0,515,0.28,4,0,6500.0,36,business,688.37,39,0
37,3,37800.0,452,0.21,0,1,5000.0,60,business,432.02,96,0
53,12,57800.0,501,0.4,2,0,27000.0,36,business,1275.62,72,0
35,7,38300.0,598,0.61,5,0,8000.0,24,business,992.16,51,0
37,14,44800.0,517,0.22,0,0,27500.0,60,home_improvement,2079.35,119,0
30,5,18500.0,409,0.17,0,0,5000.0,48,home_improvement,100.0,75,0
44,7,25900.0,530,0.2,0,0,5000.0,12,home_improvement,552.53,67,0
33,9,39600.0,488,0.18,0,0,21500.0,36,personal,886.46,73,0
33,5,52700.0,424,0.25,0,0,14000.0,24,personal,1950.35,68,0
64,21,29900.0,705,0.18,1,0,5000.0,48,home_improvement,1766.59,139,0
34,7,34200.0,542,0.19,0,0,13500.0,12,home_improvement,735.43,29,0
27,3,17900.0,476,0.19,1,0,5000.0,12,debt_consolidation,660.26,38,0
37,7,20900.0,490,0.31,2,0,5000.0,36,debt_consolidation,462.53,93,0
47,15,70500.0,503,0.23,2,0,11500.0,48,home_improvement,2514.14,82,0
40,13,26800.0,595,0.36,0,2,5500.0,36,business,493.28,58,0
42,6,30700.0,525,0.18,1,0,16000.0,60,education,713.38,9,0
24,1,21600.0,525,0.3,0,1,17500.0,36,personal,238.12,21,0
35,4,20800.0,541,0.09,0,1,5000.0,24,personal,554.46,96,0
55,24,43100.0,415,0.16,0,0,6500.0,24,business,638.82,119,0
31,9,52400.0,551,0.12,0,0,18000.0,12,education,2597.84,58,0
50,5,15300.0,497,0.41,2,1,5000.0,24,education,544.87,176,0
25,3,31300.0,498,0.33,1,0,8000.0,12,home_improvement,441.26,18,0
47,10,58200.0,410,0.13,1,1,11000.0,48,personal,2883.74,51,0
48,12,55100.0,502,0.28,2,0,10500.0,60,home_improvement,2989.19,75,0
41,8,25600.0,446,0.32,0,1,5000.0,24,debt_consolidation,817.92,73,0
38,12,22400.0,556,0.2,0,0,5000.0,12,home_improvement,727.36,55,0
42,8,36100.0,506,0.15,1,0,19000.0,24,home_improvement,1119.08,38,0
52,19,31500.0,472,0.3,0,1,21500.0,12,debt_consolidation,797.46,172,0
30,3,25600.0,513,0.06,0,1,14500.0,48,personal,293.7,49,0
35,6,18300.0,477,0.16,0,0,5500.0,12,home_improvement,633.84,73,0
30,5,30600.0,460,0.35,1,0,24000.0,60,debt_consolidation,929.54,49,0
32,3,33600.0,541,0.26,0,1,5000.0,36,debt_consolidation,600.22,31,0
42,5,47800.0,601,0.2,1,0,10500.0,24,education,2047.75,71,0
45,13,21800.0,508,0.16,1,0,7500.0,12,business,100.92,61,0
50,9,22300.0,527,0.33,1,1,15500.0,36,personal,1141.71,82,0
48,20,64200.0,665,0.22,3,0,11000.0,12,education,2855.5,99,0
31,8,31900.0,446,0.4,0,0,5000.0,24,debt_consolidation,1597.62,65,0
27,4,43200.0,445,0.3,1,0,5000.0,24,debt_consolidation,158.09,30,0
32,8,23300.0,439,0.28,0,0,5000.0,24,home_improvement,994.79,53,0
30,8,26800.0,466,0.32,0,0,17000.0,24,personal,951.96,56,0
54,11,23300.0,567,0.19,2,0,16500.0,12,home_improvement,578.43,155,0
40,6,15000.0,406,0.38,0,1,18000.0,36,home_improvement,227.93,48,0
49,14,31100.0,526,0.28,1,0,20000.0,24,home_improvement,1555.94,7,0
28,5,20000.0,502,0.35,0,0,5000.0,24,home_improvement,706.32,29,0
37,5,27700.0,480,0.37,1,0,5000.0,48,home_improvement,324.2,98,0
52,9,15400.0,440,0.17,1,0,5000.0,36,home_improvement,551.25,43,0
39,13,49200.0,564,0.27,3,0,22000.0,48,business,947.56,27,0
44,18,47700.0,554,0.27,0,0,5000.0,12,home_improvement,1000.01,30,0
56,23,42800.0,640,0.23,1,0,9500.0,12,debt_consolidation,1455.73,78,0
25,3,19500.0,585,0.23,1,1,8500.0,36,business,165.43,32,0
31,1,15000.0,435,0.29,2,0,5000.0,12,debt_consolidation,358.38,57,0
30,3,55100.0,459,0.21,1,1,27500.0,36,business,2533.96,30,0
43,3,23600.0,353,0.15,0,0,13500.0,12,debt_consolidation,664.97,72,0
38,8,35100.0,535,0.25,2,0,5000.0,24,business,1034.89,242,0
36,1,31800.0,341,0.53,1,0,19500.0,36,business,1269.59,79,0
32,5,36000.0,604,0.2,0,0,23000.0,60,personal,1058.59,55,0
55,34,58100.0,648,0.18,2,1,23500.0,24,education,1350.95,46,0
34,9,51600.0,482,0.4,1,0,22500.0,24,home_improvement,1387.56,65,0
50,15,19100.0,528,0.58,3,0,21000.0,48,personal,944.63,108,0
43,11,59600.0,558,0.39,0,0,11500.0,12,home_improvement,2178.48,99,0
25,4,23000.0,466,0.27,1,0,6000.0,24,business,653.97,33,0
24,2,15400.0,526,0.05,0,0,5000.0,12,personal,551.62,25,0
39,6,20600.0,488,0.15,0,0,16500.0,60,debt_consolidation,1121.47,85,0
35,3,47200.0,534,0.03,0,0,19000.0,24,business,645.59,74,0
30,2,30200.0,431,0.53,2,0,11500.0,24,business,1244.24,22,0
56,12,62500.0,452,0.28,3,1,17000.0,48,personal,784.78,95,0
29,5,15000.0,361,0.18,1,0,5000.0,24,home_improvement,411.62,55,0
49,13,56900.0,540,0.19,0,0,12000.0,36,home_improvement,438.32,154,0
54,35,43200.0,535,0.35,1,1,19000.0,36,debt_consolidation,299.57,125,0
32,9,15000.0,437,0.25,1,0,5000.0,24,debt_consolidation,197.87,14,0
45,6,36900.0,454,0.28,1,0,25000.0,48,personal,505.82,49,0
47,13,50600.0,534,0.42,3,0,6000.0,12,personal,882.78,59,0
34,1,31000.0,463,0.33,0,0,11000.0,36,personal,737.99,38,0
37,9,42600.0,636,0.29,1,0,26500.0,60,debt_consolidation,1164.72,172,0
31,10,15400.0,444,0.36,1,0,11000.0,36,business,504.92,53,0
37,4,22400.0,391,0.35,2,0,5000.0,24,personal,556.12,102,0
47,6,44200.0,592,0.36,0,0,14000.0,12,home_improvement,1136.53,54,0
24,3,27900.0,476,0.31,1,1,5000.0,36,debt_consolidation,551.3,13,0
34,9,25700.0,393,0.18,0,1,8000.0,12,personal,277.37,35,0
36,9,29200.0,531,0.24,0,0,10500.0,12,home_improvement,1097.92,36,0
51,16,32900.0,488,0.19,0,1,5000.0,48,debt_consolidation,642.27,98,0
48,6,24200.0,506,0.26,2,1,17500.0,60,personal,573.38,70,0
34,7,54100.0,464,0.36,2,0,25500.0,48,debt_consolidation,1131.96,35,0
52,13,40400.0,598,0.27,2,0,8000.0,60,personal,889.89,115,0
31,7,28200.0,426,0.14,0,0,19000.0,48,debt_consolidation,1579.56,25,0
54,17,29500.0,500,0.56,6,1,16000.0,24,personal,650.84,120,0
56,20,18700.0,498,0.24,0,0,6000.0,12,personal,546.05,93,0
38,7,27100.0,418,0.31,2,0,9000.0,36,personal,886.02,47,0
50,17,42700.0,590,0.1,0,0,5000.0,12,home_improvement,1254.2,137,0
34,8,21900.0,576,0.2,1,0,5000.0,24,debt_consolidation,891.14,42,0
33,10,30500.0,418,0.18,0,1,7500.0,48,education,954.93,60,0
54,22,77900.0,726,0.35,0,1,22500.0,36,debt_consolidation,911.82,54,0
44,6,31200.0,559,0.2,0,1,7500.0,12,debt_consolidation,642.08,80,0
33,6,35800.0,359,0.29,0,1,7000.0,12,education,1869.18,56,0
53,19,29000.0,523,0.43,0,1,11500.0,12,personal,936.56,76,0
38,3,30800.0,538,0.41,1,0,5000.0,24,debt_consolidation,1486.21,68,0
23,3,18200.0,493,0.13,1,0,15000.0,60,debt_consolidation,397.24,12,0
50,3,25900.0,537,0.24,2,1,5000.0,36,personal,1013.27,120,0
36,8,28700.0,430,0.24,0,0,7500.0,36,home_improvement,713.82,65,0
44,16,38300.0,556,0.23,1,1,15000.0,12,home_improvement,643.08,61,0
54,11,28900.0,633,0.42,1,0,17000.0,60,education,877.17,199,0
27,3,26500.0,430,0.31,1,0,12000.0,24,home_improvement,580.28,8,0
47,19,28900.0,543,0.32,1,0,5000.0,24,personal,1032.73,39,0
41,10,30500.0,550,0.17,1,0,26000.0,24,business,481.95,131,0
58,12,34800.0,564,0.24,2,1,11000.0,24,debt_consolidation,508.81,282,0
37,8,15000.0,498,0.35,2,0,5000.0,48,personal,463.97,66,0
21,2,27400.0,558,0.28,1,0,9500.0,12,home_improvement,346.29,29,0
36,12,45600.0,396,0.33,1,0,9500.0,36,personal,1002.06,70,1
50,2,38600.0,551,0.35,2,0,5000.0,48,business,520.95,70,0
46,13,22900.0,519,0.21,1,0,5000.0,12,education,100.0,139,0
29,5,16000.0,474,0.31,2,0,16500.0,48,personal,286.02,58,0
57,20,40100.0,618,0.4,2,0,7000.0,48,personal,842.14,172,0
39,1,20700.0,364,0.14,0,1,5000.0,60,debt_consolidation,186.82,81,0
30,2,25300.0,488,0.13,1,0,5000.0,36,home_improvement,324.07,37,0
42,13,44800.0,462,0.31,0,0,11000.0,24,personal,2503.48,20,0
52,10,53200.0,539,0.36,0,0,15500.0,12,home_improvement,2008.44,162,0
43,14,29200.0,371,0.26,0,0,6500.0,48,personal,1151.65,83,0
30,6,28200.0,440,0.2,0,1,6000.0,12,business,175.19,44,0
50,7,31500.0,602,0.39,3,0,11000.0,24,debt_consolidation,1749.62,74,0
48,12,41500.0,552,0.32,2,0,5000.0,24,home_improvement,1127.65,104,0
51,25,38500.0,750,0.48,4,0,7500.0,36,debt_consolidation,395.47,252,0
27,6,15000.0,477,0.16,0,0,5000.0,24,debt_consolidation,481.67,71,0
39,5,41100.0,480,0.22,3,0,6500.0,36,personal,1292.28,103,0
56,16,27300.0,509,0.27,3,0,17000.0,48,personal,397.22,274,0
27,5,22700.0,535,0.33,1,0,5000.0,12,debt_consolidation,683.5,35,0
22,2,28800.0,490,0.43,0,0,11500.0,60,debt_consolidation,1563.66,65,0
53,4,48900.0,446,0.25,2,0,5000.0,24,debt_consolidation,899.13,209,0
36,9,32000.0,715,0.12,0,0,19500.0,60,personal,1719.17,72,0
46,6,77600.0,548,0.15,1,0,24500.0,12,education,1447.37,124,0
31,4,44800.0,474,0.17,1,0,15500.0,12,debt_consolidation,543.99,25,0
45,8,30200.0,507,0.44,1,0,26500.0,60,debt_consolidation,840.75,13,0
36,5,33200.0,516,0.25,1,1,5000.0,36,home_improvement,511.65,75,0
28,2,15000.0,457,0.15,1,0,5000.0,60,personal,487.86,10,0
35,4,19200.0,440,0.29,1,1,5000.0,24,personal,396.66,50,0
41,4,28000.0,528,0.21,0,0,5500.0,24,personal,435.05,63,0
41,11,31300.0,448,0.34,1,0,12500.0,24,home_improvement,1057.91,79,0
34,8,22900.0,551,0.14,1,0,9500.0,12,debt_consolidation,610.59,63,0
55,31,60200.0,518,0.39,4,0,21500.0,48,business,605.7,8,0
39,9,27000.0,539,0.06,0,0,14500.0,24,business,453.7,52,0
47,11,110600.0,798,0.38,2,0,28000.0,36,personal,1794.77,94,0
53,24,29300.0,470,0.29,3,0,19000.0,60,personal,705.86,78,0
46,16,37200.0,500,0.29,1,0,30000.0,36,personal,746.56,85,0
29,6,44300.0,580,0.42,1,0,20500.0,24,personal,968.24,120,0
56,20,26300.0,510,0.44,3,0,5000.0,24,personal,1480.67,58,0
52,11,42700.0,496,0.45,3,0,5000.0,24,debt_consolidation,1602.34,147,0
26,3,20100.0,410,0.18,0,0,5000.0,48,home_improvement,251.7,50,0
40,10,63000.0,652,0.3,2,0,32000.0,60,home_improvement,2841.84,78,0
36,8,38100.0,561,0.41,2,0,14000.0,60,personal,970.5,65,0
33,6,15000.0,507,0.39,2,0,12500.0,24,home_improvement,427.27,72,0
57,9,67800.0,550,0.16,2,0,15500.0,36,business,2080.98,59,0
37,4,15000.0,567,0.17,1,0,6500.0,12,personal,124.3,64,0
42,4,16000.0,477,0.06,0,0,12000.0,12,home_improvement,193.1,22,0
34,7,15000.0,504,0.45,2,0,5000.0,48,education,418.13,73,0
30,1,26400.0,496,0.5,4,0,22000.0,24,education,687.41,36,0
39,2,49900.0,476,0.42,1,0,15500.0,48,home_improvement,2540.79,112,0
61,17,48800.0,570,0.34,0,1,10000.0,24,home_improvement,825.07,137,0
32,6,37400.0,481,0.2,2,1,19500.0,12,education,701.1,32,0
28,1,30000.0,439,0.18,2,0,17500.0,48,business,100.0,49,0
39,12,39700.0,570,0.35,1,1,5000.0,12,personal,1191.06,52,0
34,12,34500.0,573,0.17,0,0,21500.0,24,home_improvement,676.54,75,0
45,3,22700.0,539,0.4,2,0,5000.0,36,debt_consolidation,903.59,17,0
38,11,31000.0,517,0.32,3,0,15500.0,36,business,1339.19,51,0
47,17,32900.0,615,0.11,1,1,5000.0,36,business,762.74,73,0
51,11,68300.0,576,0.24,2,1,30500.0,12,business,241.36,186,0
52,12,55800.0,584,0.36,1,0,5000.0,48,education,1475.85,87,0
46,17,33800.0,468,0.08,0,0,13500.0,12,debt_consolidation,390.16,108,0
34,3,38900.0,406,0.2,0,0,11500.0,60,business,762.06,77,0
47,13,18800.0,512,0.11,0,0,5000.0,24,home_improvement,1101.15,116,0
46,12,45700.0,589,0.33,3,0,13500.0,24,debt_consolidation,1258.04,124,0
47,26,45500.0,450,0.29,0,0,16000.0,48,home_improvement,1468.6,119,0
32,9,21800.0,460,0.41,2,0,5000.0,24,personal,434.01,69,0
58,22,38700.0,643,0.16,1,0,10000.0,12,home_improvement,431.78,84,0
54,3,29300.0,634,0.29,1,2,5500.0,12,home_improvement,1444.61,157,0
25,4,28700.0,403,0.2,0,1,16000.0,36,education,419.69,22,0
22,1,30700.0,462,0.31,0,0,7000.0,12,home_improvement,790.96,12,0
42,22,46100.0,502,0.51,4,0,12500.0,60,business,1096.58,21,1
34,3,24200.0,569,0.36,1,0,7500.0,24,home_improvement,125.34,88,0
35,2,23200.0,346,0.31,0,0,10000.0,60,business,185.5,12,1
30,1,19300.0,498,0.22,0,0,5000.0,36,debt_consolidation,676.5,78,0
37,2,27000.0,492,0.25,1,0,5000.0,12,personal,601.39,41,0
37,11,35900.0,541,0.25,0,0,29000.0,24,debt_consolidation,839.99,57,0
27,5,40200.0,424,0.13,0,1,14000.0,36,home_improvement,949.01,14,0
50,3,15400.0,435,0.56,4,1,5000.0,12,home_improvement,381.35,134,0
55,10,41000.0,576,0.31,1,0,5500.0,60,home_improvement,1174.82,201,0
28,6,17300.0,569,0.22,0,0,16000.0,24,education,333.01,40,0
48,15,43900.0,493,0.22,1,0,15500.0,24,personal,1613.91,36,0
24,2,18300.0,456,0.24,1,0,10000.0,60,home_improvement,649.09,13,0
42,10,39500.0,519,0.23,0,0,9000.0,12,personal,251.15,47,0
31,7,33100.0,479,0.23,2,0,21500.0,60,personal,1081.67,41,0
31,5,15000.0,462,0.35,1,0,13000.0,48,personal,406.71,90,0
25,4,19900.0,495,0.19,1,1,5000.0,36,debt_consolidation,582.09,92,0
47,17,46200.0,467,0.16,1,1,19000.0,24,personal,1858.21,81,0
59,21,41200.0,518,0.17,1,0,5000.0,24,education,880.75,118,0
31,7,23700.0,602,0.41,1,0,8500.0,36,home_improvement,1144.4,24,0
47,10,23100.0,554,0.27,0,1,5000.0,36,personal,250.49,68,0
45,4,45000.0,492,0.33,2,0,24500.0,24,home_improvement,1893.7,83,0
32,3,25600.0,545,0.32,1,0,20500.0,48,personal,731.28,27,0
40,3,17300.0,517,0.24,0,0,5000.0,12,home_improvement,830.82,23,0
35,9,27600.0,486,0.42,2,0,22500.0,60,home_improvement,602.31,46,0
40,2,28000.0,488,0.22,1,1,10000.0,24,home_improvement,803.56,13,0
35,3,34800.0,512,0.16,1,0,14000.0,12,personal,1745.29,83,0
56,17,25500.0,597,0.23,2,1,17000.0,60,personal,546.01,290,0
42,5,35200.0,552,0.3,0,0,5000.0,24,debt_consolidation,909.57,94,0
44,5,24600.0,574,0.41,3,1,16500.0,24,debt_consolidation,144.5,113,0
42,11,20600.0,444,0.37,0,0,12500.0,48,home_improvement,597.62,86,0
57,10,54500.0,619,0.3,0,0,5000.0,12,home_improvement,1744.76,17,0
31,3,38400.0,573,0.32,0,0,5000.0,48,business,798.4,3,0
62,22,33500.0,548,0.16,1,1,8000.0,12,home_improvement,1331.0,166,0
37,7,52400.0,444,0.16,2,0,11500.0,24,home_improvement,1045.19,59,0
54,3,17500.0,424,0.32,2,0,11500.0,12,business,607.04,89,0
34,5,27100.0,464,0.25,2,0,5500.0,24,business,873.93,74,0
38,10,42300.0,483,0.13,1,0,5000.0,36,business,553.96,43,0
40,8,28800.0,430,0.32,1,0,10500.0,48,business,220.33,111,0
30,2,20100.0,356,0.39,4,0,5000.0,48,education,1050.77,38,0
38,13,58700.0,537,0.38,2,0,16000.0,60,personal,2287.22,99,0
36,9,60700.0,504,0.39,4,0,9000.0,36,personal,2520.62,74,0
35,11,15000.0,470,0.27,1,1,5000.0,12,personal,293.35,56,0
30,5,27500.0,611,0.1,1,1,18000.0,24,business,100.0,25,0
39,11,17800.0,369,0.37,0,0,5000.0,12,business,762.12,70,0
41,3,31000.0,508,0.24,2,0,12500.0,36,home_improvement,547.5,110,0
28,3,25700.0,445,0.13,0,0,14000.0,48,personal,836.49,32,0
57,11,25700.0,550,0.23,2,1,8500.0,12,debt_consolidation,531.63,120,0
34,8,18300.0,516,0.19,2,1,5000.0,48,debt_consolidation,488.91,88,0
39,0,19300.0,539,0.32,0,0,15000.0,36,personal,491.42,103,0
37,6,15000.0,586,0.34,0,1,5000.0,12,personal,542.72,17,0
53,7,36200.0,525,0.39,4,0,9500.0,24,debt_consolidation,442.29,97,0
49,14,41800.0,474,0.29,1,0,22500.0,12,business,1052.43,78,0
36,5,25500.0,522,0.33,2,0,10500.0,24,personal,695.77,69,0
31,7,24100.0,420,0.36,1,2,10500.0,60,business,269.69,19,1
53,21,35500.0,478,0.44,1,0,5500.0,24,personal,274.56,97,0
56,26,67200.0,589,0.09,1,0,16500.0,60,personal,1321.93,202,0
33,4,43300.0,484,0.16,0,0,12500.0,24,home_improvement,1757.66,34,0
30,7,28300.0,503,0.24,0,0,15500.0,24,personal,367.4,25,0
44,8,32700.0,498,0.3,1,0,27000.0,24,personal,461.99,42,0
41,18,28500.0,539,0.41,2,0,5000.0,48,personal,448.07,53,0
32,6,15000.0,525,0.1,0,0,5000.0,12,home_improvement,463.2,43,0
32,5,33300.0,511,0.12,0,0,15500.0,48,personal,1047.91,42,0
40,3,21500.0,586,0.26,2,0,5000.0,24,education,457.01,73,0
39,13,16600.0,372,0.09,0,1,12000.0,36,debt_consolidation,264.87,42,0
47,17,32300.0,554,0.39,2,0,18000.0,48,debt_consolidation,1295.08,120,0
40,16,37600.0,508,0.22,2,0,9500.0,48,debt_consolidation,1046.08,71,0
47,3,37900.0,475,0.35,2,0,5000.0,48,education,527.92,143,0
30,1,15000.0,482,0.45,2,0,5000.0,36,home_improvement,116.05,66,0
38,9,25300.0,525,0.39,1,0,10000.0,12,personal,460.78,100,0
53,24,72100.0,544,0.41,3,0,24000.0,36,home_improvement,1021.72,182,0
47,5,27400.0,503,0.29,0,0,19500.0,60,home_improvement,1151.33,70,0
39,14,50800.0,493,0.59,5,0,8500.0,12,home_improvement,245.41,76,0
57,11,22500.0,640,0.14,0,0,5000.0,60,personal,100.0,125,0
39,6,16000.0,549,0.09,0,0,11000.0,12,personal,508.49,87,0
57,20,27100.0,497,0.22,0,0,5000.0,24,home_improvement,459.06,68,0
40,14,31800.0,539,0.28,3,1,9500.0,12,business,392.78,29,0
59,16,20700.0,573,0.26,1,0,10000.0,48,debt_consolidation,501.8,34,0
42,2,23500.0,457,0.14,1,0,12500.0,12,personal,979.89,111,0
35,2,36800.0,476,0.56,2,0,5000.0,24,home_improvement,712.33,47,0
36,7,24700.0,595,0.28,1,0,5000.0,12,debt_consolidation,231.13,8,0
39,18,26700.0,381,0.27,1,0,15500.0,12,home_improvement,484.99,58,0
54,13,24200.0,519,0.36,0,0,7500.0,48,debt_consolidation,835.57,210,0
43,7,39200.0,483,0.48,1,0,24500.0,24,education,657.33,133,0
38,10,28100.0,504,0.05,0,0,5000.0,12,debt_consolidation,955.51,77,0
62,19,34900.0,584,0.24,0,0,17500.0,60,business,634.72,72,0
33,5,29900.0,650,0.22,2,0,16500.0,12,education,459.94,68,0
54,10,30900.0,575,0.31,3,0,10000.0,24,personal,1061.32,146,0
50,6,31200.0,515,0.25,1,0,8000.0,48,personal,831.68,125,0
28,3,41600.0,390,0.14,0,1,18000.0,24,debt_consolidation,1653.84,61,0
31,3,20700.0,512,0.08,0,0,17500.0,12,debt_consolidation,604.82,27,0
38,17,20900.0,442,0.04,0,0,8000.0,24,education,603.31,55,0
57,7,90300.0,658,0.33,2,0,23500.0,24,personal,3825.49,80,0
23,1,18400.0,408,0.12,0,0,5000.0,12,education,358.53,1,0
37,15,43200.0,505,0.24,0,0,5000.0,48,debt_consolidation,2100.46,28,0
31,4,16600.0,431,0.49,1,1,22500.0,24,home_improvement,909.04,43,0
44,9,53300.0,508,0.21,1,0,15000.0,12,home_improvement,2455.69,44,0
59,16,49300.0,539,0.04,0,0,6000.0,36,personal,100.0,100,0
44,13,43500.0,441,0.23,1,0,20000.0,36,home_improvement,1170.85,92,0
53,6,17700.0,534,0.48,3,0,13500.0,48,debt_consolidation,435.39,116,1
37,5,15000.0,494,0.54,4,0,5000.0,24,personal,799.98,97,0
43,15,31900.0,528,0.17,0,0,15500.0,12,personal,950.13,121,0
54,12,27700.0,709,0.12,0,0,5000.0,36,home_improvement,100.0,169,0
42,2,15000.0,522,0.4,0,0,17500.0,36,home_improvement,603.25,68,0
29,4,20100.0,510,0.09,0,0,5000.0,48,home_improvement,347.11,19,0
48,4,19500.0,521,0.22,2,0,5000.0,48,personal,695.05,45,0
53,15,15000.0,510,0.33,2,0,9500.0,24,debt_consolidation,413.4,110,0
48,21,52700.0,564,0.33,2,0,27000.0,48,personal,1061.15,5,0
39,19,26300.0,453,0.25,1,0,5000.0,24,home_improvement,1006.75,16,0
28,7,48200.0,516,0.14,1,0,18000.0,36,personal,823.09,35,0
41,16,29100.0,620,0.18,1,1,20000.0,24,debt_consolidation,649.27,185,0
59,28,46100.0,576,0.28,1,0,7000.0,48,debt_consolidation,1697.51,154,0
32,6,21700.0,446,0.09,0,0,18000.0,48,personal,222.87,15,0
58,13,120300.0,757,0.56,6,0,40000.0,36,debt_consolidation,4010.5,223,0
30,11,33400.0,627,0.31,0,0,8000.0,60,personal,393.16,48,0
49,19,58700.0,437,0.26,2,0,12500.0,48,home_improvement,2270.79,91,0
47,7,19700.0,417,0.46,3,1,5000.0,48,personal,606.33,101,0
36,4,43100.0,554,0.26,0,0,16500.0,36,home_improvement,578.33,69,0
25,3,23200.0,531,0.18,0,0,11000.0,60,home_improvement,436.61,72,0
35,2,36800.0,558,0.2,1,0,14500.0,60,education,547.81,55,0
45,16,28800.0,527,0.35,3,0,11000.0,60,personal,478.67,111,0
37,11,25400.0,576,0.29,2,0,5000.0,24,home_improvement,613.51,82,0
32,2,15000.0,407,0.27,2,0,14500.0,36,education,305.04,74,0
48,6,19800.0,595,0.23,1,0,8500.0,12,debt_consolidation,500.29,117,0
31,6,41200.0,445,0.35,3,0,9500.0,12,debt_consolidation,1035.13,51,1
41,6,49400.0,499,0.22,1,0,19500.0,12,debt_consolidation,982.49,75,0
32,7,26200.0,613,0.38,2,0,11500.0,36,home_improvement,540.11,109,0
59,28,72900.0,535,0.38,1,0,25500.0,24,home_improvement,981.04,157,0
26,2,15000.0,486,0.35,0,0,8000.0,36,home_improvement,327.94,22,0
37,10,15200.0,509,0.22,2,0,12500.0,12,personal,499.84,67,0
50,19,27600.0,575,0.27,1,1,14500.0,24,personal,1556.76,45,0
43,14,26600.0,486,0.23,3,0,17000.0,60,personal,315.37,72,0
37,6,36100.0,505,0.28,2,1,5000.0,36,debt_consolidation,1793.25,3,0
38,9,32600.0,629,0.27,2,0,5000.0,24,home_improvement,951.36,20,0
27,4,26600.0,507,0.42,1,0,9000.0,12,personal,998.1,28,0
45,5,26000.0,518,0.47,2,0,7000.0,24,home_improvement,235.57,113,0
41,6,19900.0,441,0.24,1,0,9000.0,24,personal,472.4,108,0
40,3,20500.0,670,0.37,2,0,11500.0,12,debt_consolidation,234.59,87,0
55,5,38100.0,603,0.15,1,0,5000.0,12,home_improvement,289.6,137,0
43,14,24100.0,328,0.2,0,0,18000.0,24,business,944.51,17,0
56,27,20900.0,605,0.33,0,1,15500.0,12,personal,708.47,43,0
40,8,47400.0,538,0.2,0,0,10500.0,48,home_improvement,753.77,59,0
50,20,59300.0,556,0.14,2,0,20000.0,60,personal,2293.92,213,0
43,16,109700.0,738,0.19,3,0,28000.0,24,personal,4819.35,30,0
57,20,50100.0,634,0.24,0,0,29000.0,12,home_improvement,1395.37,53,0
34,4,24500.0,488,0.33,1,0,21500.0,48,education,554.76,39,0
37,13,31200.0,386,0.48,0,1,12500.0,36,personal,1293.72,91,1
50,8,38900.0,628,0.19,1,0,23500.0,24,home_improvement,267.52,108,0
30,2,19800.0,460,0.21,0,0,21000.0,36,personal,407.67,16,0
50,6,30100.0,547,0.35,2,0,9500.0,48,personal,295.28,142,0
55,5,21500.0,521,0.25,2,1,17500.0,36,education,143.85,83,0
23,1,15000.0,374,0.32,2,0,10000.0,36,home_improvement,758.31,71,0
26,2,21200.0,486,0.5,2,1,5000.0,36,debt_consolidation,642.43,28,1
41,11,15600.0,552,0.16,0,0,9500.0,36,personal,608.37,59,0
40,9,22200.0,412,0.43,2,0,6000.0,24,personal,420.03,72,0
34,7,26500.0,616,0.31,2,0,16500.0,36,home_improvement,1343.63,49,0
27,2,18900.0,492,0.46,0,0,9500.0,12,home_improvement,871.13,26,0
43,21,59500.0,661,0.41,2,0,21000.0,60,business,2296.14,36,0
28,4,30000.0,588,0.25,0,1,5000.0,24,home_improvement,1081.79,4,0
46,16,49900.0,608,0.29,2,0,9000.0,24,personal,2515.61,167,0
58,10,31000.0,371,0.29,1,0,18000.0,36,education,1628.31,200,0
35,5,26100.0,445,0.5,6,1,6500.0,24,personal,925.02,102,0
30,9,27600.0,342,0.38,1,0,11500.0,12,debt_consolidation,799.69,36,0
45,17,41500.0,496,0.37,1,0,15000.0,24,debt_consolidation,2128.22,94,0
46,11,35100.0,610,0.31,1,0,13000.0,24,personal,548.51,94,0
55,6,54800.0,595,0.34,2,0,35500.0,24,personal,1993.54,190,0
46,18,42800.0,460,0.29,2,0,26000.0,24,home_improvement,848.67,29,0
44,13,44900.0,592,0.3,3,0,11500.0,24,personal,1417.29,57,0
41,18,40900.0,533,0.34,2,0,22500.0,12,home_improvement,1547.83,79,0
46,14,23900.0,517,0.29,0,1,6500.0,36,debt_consolidation,1378.92,87,0
52,5,34100.0,629,0.08,0,0,10000.0,12,personal,302.19,40,0
36,17,18300.0,563,0.21,2,0,15500.0,12,personal,168.73,110,0
31,3,21500.0,451,0.27,1,1,9500.0,12,education,768.74,63,0
38,6,33000.0,436,0.27,0,0,11500.0,12,debt_consolidation,1713.63,36,0
28,5,24500.0,592,0.29,1,0,13000.0,24,personal,849.88,35,0
52,12,15000.0,530,0.26,1,1,6000.0,48,home_improvement,719.17,42,0
49,21,15000.0,394,0.18,1,1,18500.0,24,personal,695.29,133,0
29,4,23600.0,356,0.41,1,0,15000.0,36,business,318.16,42,0
43,16,53300.0,522,0.21,2,0,20000.0,24,personal,765.66,105,0
34,11,41500.0,520,0.18,0,1,15000.0,12,education,200.28,105,0
28,3,23400.0,517,0.27,0,1,9000.0,12,personal,561.03,33,0
44,2,26100.0,580,0.38,1,0,10000.0,36,personal,448.11,148,0
39,6,22600.0,519,0.3,1,1,19000.0,12,debt_consolidation,430.73,24,0
58,15,43200.0,553,0.41,3,0,11500.0,36,home_improvement,790.23,39,0
39,16,15000.0,489,0.14,0,1,5000.0,24,debt_consolidation,614.41,124,0
32,7,46500.0,445,0.46,4,1,19000.0,12,home_improvement,483.59,82,0
48,10,16400.0,509,0.13,0,1,9000.0,60,personal,324.77,89,0
62,16,50400.0,527,0.45,3,1,15000.0,12,home_improvement,1588.49,230,0
29,2,29000.0,447,0.25,0,0,12000.0,24,education,303.43,63,0
39,3,46100.0,531,0.16,1,1,20500.0,12,personal,2206.75,95,0
27,4,36400.0,491,0.29,0,1,5000.0,36,business,979.28,76,0
26,5,31800.0,459,0.23,1,1,9500.0,12,home_improvement,648.81,67,0
41,10,25800.0,468,0.37,2,0,23000.0,12,debt_consolidation,548.21,66,0
62,13,28500.0,567,0.22,2,0,5000.0,60,home_improvement,867.07,42,0
49,11,20200.0,556,0.06,0,0,5000.0,12,education,756.59,14,0
53,13,48600.0,466,0.36,2,1,21500.0,48,home_improvement,1287.5,152,0
26,1,24900.0,552,0.11,0,1,10000.0,60,personal,516.88,24,0
40,19,20500.0,418,0.42,1,0,5000.0,48,business,1221.84,114,0
61,4,20300.0,595,0.25,2,0,11000.0,48,debt_consolidation,982.19,60,0
37,8,77000.0,605,0.23,2,0,22000.0,48,debt_consolidation,3705.18,93,0
35,14,47700.0,556,0.23,3,0,30500.0,24,home_improvement,543.45,23,0
39,4,54600.0,469,0.46,2,0,20500.0,12,debt_consolidation,100.0,17,0
36,3,17300.0,396,0.47,1,0,15500.0,12,home_improvement,848.52,25,1
36,4,25800.0,549,0.14,1,0,11000.0,24,business,562.16,57,0
38,6,25500.0,480,0.18,0,0,5000.0,12,home_improvement,851.43,98,0
23,4,31000.0,451,0.35,2,1,14500.0,36,personal,977.31,21,0
27,5,23000.0,594,0.11,0,0,12500.0,12,personal,261.31,28,0
51,13,59400.0,500,0.47,3,0,15500.0,36,debt_consolidation,1030.38,33,0
40,5,15000.0,391,0.37,1,0,5000.0,24,home_improvement,458.45,22,0
49,16,30500.0,486,0.15,0,1,5000.0,24,debt_consolidation,268.74,109,0
35,10,42200.0,389,0.17,0,1,30500.0,24,personal,1436.08,72,0
61,18,28700.0,473,0.38,2,0,5000.0,60,personal,1367.74,102,0
47,15,22700.0,513,0.17,0,1,12000.0,24,home_improvement,1097.83,142,0
29,6,46600.0,581,0.28,2,1,22500.0,48,debt_consolidation,228.42,72,0
37,8,15000.0,527,0.14,0,0,5000.0,36,home_improvement,319.07,74,0
56,23,62200.0,518,0.13,0,1,11000.0,36,debt_consolidation,1605.32,211,0
32,9,28900.0,462,0.3,2,0,5000.0,24,home_improvement,682.73,85,0
55,10,24700.0,572,0.34,1,0,5000.0,60,debt_consolidation,1068.4,41,0
43,17,54600.0,573,0.23,1,0,22000.0,48,personal,887.59,133,0
22,2,27900.0,511,0.31,0,0,16000.0,12,home_improvement,980.43,30,0
47,13,42200.0,637,0.19,0,0,15500.0,60,home_improvement,546.65,45,0
33,1,26400.0,567,0.42,0,0,5000.0,48,debt_consolidation,551.7,10,0
34,2,24200.0,428,0.32,0,0,12000.0,36,home_improvement,421.65,36,1
25,2,22500.0,540,0.31,0,0,5000.0,36,business,645.73,48,0
33,5,35800.0,534,0.21,2,0,15000.0,24,home_improvement,1204.73,101,0
32,7,28400.0,533,0.3,1,0,16000.0,48,debt_consolidation,732.21,68,0
34,9,18700.0,489,0.21,1,0,5000.0,36,personal,591.98,37,0
40,9,42300.0,501,0.33,0,0,8500.0,12,personal,1576.89,43,0
52,15,42900.0,560,0.1,0,0,19500.0,24,business,527.03,122,0
30,6,15000.0,531,0.32,0,0,16500.0,36,debt_consolidation,929.73,20,0
34,3,26000.0,543,0.36,2,1,15000.0,12,debt_consolidation,499.37,89,0
23,3,15000.0,418,0.21,0,0,5000.0,24,debt_consolidation,536.62,33,0
26,2,15800.0,500,0.29,1,1,5000.0,12,debt_consolidation,525.05,28,0
42,9,82500.0,522,0.45,3,0,32500.0,60,home_improvement,3347.85,30,0
30,2,20200.0,609,0.25,0,0,8000.0,60,personal,516.89,70,0
39,9,54300.0,531,0.32,2,0,16000.0,24,personal,1813.26,52,0
44,11,28000.0,549,0.49,1,0,12500.0,24,home_improvement,1346.4,39,0
38,8,17400.0,423,0.19,0,1,9000.0,12,personal,356.31,8,0
28,3,21700.0,611,0.48,2,0,5500.0,48,personal,480.61,36,0
43,10,45300.0,597,0.2,0,0,34000.0,60,personal,2121.17,38,0
45,4,18400.0,381,0.4,3,0,18500.0,12,business,628.03,53,0
22,1,18300.0,390,0.1,0,1,6500.0,48,personal,994.86,29,0
35,8,17300.0,531,0.21,0,1,5000.0,12,home_improvement,329.46,66,0
32,9,28000.0,564,0.15,0,2,5000.0,48,home_improvement,465.7,30,0
29,3,29200.0,507,0.37,1,0,17500.0,24,home_improvement,100.0,46,0
23,1,21900.0,459,0.32,2,1,5000.0,24,personal,260.67,15,0
29,1,19100.0,507,0.14,0,1,5000.0,12,home_improvement,312.24,29,0
42,8,27600.0,593,0.18,1,0,26500.0,12,personal,1110.42,66,0
30,5,24000.0,412,0.31,0,0,5000.0,24,personal,357.51,43,0
51,25,63300.0,509,0.41,4,0,6000.0,60,debt_consolidation,1275.56,60,0
50,20,42700.0,549,0.28,1,0,19000.0,24,business,1055.07,155,0
50,23,65600.0,506,0.48,2,1,5000.0,48,personal,1532.54,132,0
47,8,68900.0,653,0.41,3,0,19500.0,60,debt_consolidation,1713.91,59,0
39,10,15200.0,558,0.38,1,1,5000.0,12,home_improvement,405.68,32,0
38,10,21700.0,524,0.34,2,0,9000.0,24,home_improvement,517.61,5,0
41,4,19400.0,485,0.18,0,1,5000.0,12,debt_consolidation,1067.53,110,0
32,9,25300.0,436,0.19,1,1,8500.0,48,personal,335.2,43,0
51,6,27200.0,430,0.07,0,1,13500.0,12,home_improvement,803.06,62,0
45,14,40500.0,607,0.1,1,1,16000.0,12,debt_consolidation,335.1,113,0
28,1,24000.0,414,0.25,0,1,5000.0,12,debt_consolidation,1095.62,44,0
34,10,18800.0,387,0.19,1,0,15000.0,24,education,368.48,99,0
45,6,20200.0,536,0.18,1,0,16000.0,24,education,938.18,152,0
42,12,44800.0,596,0.34,1,0,15000.0,12,personal,978.78,107,0
44,5,16800.0,554,0.49,1,0,15000.0,12,home_improvement,763.2,25,0
38,16,22500.0,557,0.27,1,1,8000.0,36,education,1013.88,99,0
43,13,48100.0,588,0.31,3,0,12000.0,12,business,2135.75,148,0
42,6,55000.0,455,0.15,1,0,26000.0,24,home_improvement,875.94,105,0
40,15,24100.0,518,0.35,1,0,5000.0,36,personal,848.7,104,0
55,14,41100.0,638,0.34,2,0,18500.0,24,business,2216.96,128,0
43,8,36900.0,465,0.39,1,1,6500.0,12,personal,1160.4,59,0
43,15,21800.0,508,0.25,2,0,11500.0,36,home_improvement,363.62,145,0
38,10,29100.0,626,0.37,3,0,19500.0,60,personal,453.54,125,0
46,16,46100.0,636,0.29,2,0,16500.0,36,personal,575.38,165,0
30,5,17700.0,532,0.34,1,0,16000.0,48,home_improvement,361.14,64,0
52,20,36100.0,718,0.19,1,0,6500.0,60,home_improvement,1396.5,84,0
51,26,61600.0,469,0.31,2,1,23500.0,36,personal,3445.9,140,0
41,10,18600.0,468,0.28,1,0,10500.0,48,debt_consolidation,512.38,60,0
34,3,15000.0,516,0.3,2,0,5000.0,12,personal,236.77,85,0
47,11,21400.0,512,0.41,1,0,6000.0,24,personal,348.56,12,0
44,11,21100.0,529,0.18,0,0,5000.0,12,business,955.8,79,0
29,6,36900.0,544,0.19,1,0,13000.0,48,education,848.83,39,0
51,13,36600.0,455,0.18,1,1,20000.0,48,debt_consolidation,1109.61,27,0
53,18,33400.0,520,0.2,0,0,14500.0,12,business,771.22,98,0
56,13,64300.0,540,0.4,2,0,16500.0,12,business,1468.9,151,0
54,10,73000.0,670,0.14,1,0,9000.0,60,personal,1335.92,195,0
50,10,30400.0,616,0.4,2,0,11500.0,60,home_improvement,487.39,83,0
37,5,31300.0,466,0.35,0,0,5000.0,12,personal,150.82,84,0
58,27,49600.0,566,0.2,3,0,5000.0,12,personal,696.93,159,0
32,2,15000.0,454,0.25,0,0,10000.0,60,home_improvement,158.75,68,0
57,27,30600.0,520,0.35,2,0,6000.0,12,personal,979.64,92,0
45,17,59400.0,564,0.5,2,0,16000.0,48,personal,2273.22,36,0
34,6,29000.0,536,0.35,2,0,15000.0,36,home_improvement,173.72,35,0
34,0,15200.0,429,0.23,0,0,5000.0,60,education,339.76,17,0
37,9,38900.0,619,0.27,2,0,25500.0,24,business,1438.48,8,0
43,4,32700.0,429,0.4,1,0,8500.0,12,business,840.98,46,0
49,13,29800.0,562,0.17,1,1,5000.0,48,education,100.0,71,0
40,10,33100.0,435,0.17,0,0,30000.0,48,personal,1290.5,47,0
35,12,48200.0,552,0.16,2,0,5000.0,48,education,2045.05,32,0
37,4,31000.0,483,0.27,1,1,27000.0,12,personal,213.45,74,0
46,21,21300.0,538,0.38,3,0,5000.0,12,personal,180.29,98,0
39,9,21600.0,470,0.34,3,0,6000.0,48,education,288.05,71,0
37,13,19200.0,456,0.35,1,0,5000.0,24,home_improvement,358.57,86,1
53,17,37800.0,534,0.2,1,0,13000.0,12,home_improvement,734.56,121,0
50,21,50100.0,575,0.3,0,0,16500.0,12,education,464.45,65,0
30,5,24900.0,564,0.22,1,0,9500.0,24,personal,426.05,16,0
38,10,32600.0,479,0.52,2,0,5000.0,36,debt_consolidation,1183.71,28,1
41,9,29200.0,468,0.21,0,0,14500.0,36,personal,275.39,126,0
53,10,17200.0,505,0.41,1,0,17500.0,12,home_improvement,143.27,149,0
58,13,25800.0,574,0.16,1,0,22000.0,36,personal,582.23,207,0
33,5,53900.0,640,0.33,2,0,5000.0,24,home_improvement,240.17,78,0
35,6,24100.0,520,0.33,1,0,19000.0,36,debt_consolidation,833.29,101,0
42,20,19300.0,467,0.36,1,0,10000.0,48,debt_consolidation,501.16,128,0
41,4,23900.0,494,0.15,0,0,11500.0,48,home_improvement,919.3,65,0
30,3,23500.0,436,0.21,0,1,5000.0,12,education,1257.73,68,0
40,2,32300.0,400,0.24,2,0,5000.0,12,personal,986.03,53,0
48,16,77300.0,605,0.27,1,0,17000.0,12,home_improvement,3499.35,146,0
62,18,27600.0,608,0.38,2,0,8500.0,24,personal,1254.87,23,0
37,7,23100.0,411,0.12,1,0,13000.0,12,home_improvement,397.36,57,0
32,6,41600.0,485,0.22,1,0,13500.0,48,debt_consolidation,1655.15,11,0
49,7,30400.0,507,0.52,2,0,15500.0,60,home_improvement,733.68,40,0
28,1,23800.0,490,0.25,1,0,5000.0,12,home_improvement,770.71,7,0
44,2,15000.0,464,0.34,1,0,7500.0,24,personal,131.96,43,0
31,3,33400.0,639,0.43,2,0,20500.0,24,education,922.86,66,0
46,9,22900.0,521,0.13,0,0,5000.0,12,personal,663.41,47,0
30,7,52400.0,569,0.16,1,1,12000.0,60,personal,773.05,57,0
50,13,34800.0,572,0.09,0,0,5000.0,12,debt_consolidation,1827.46,29,0
38,10,60200.0,540,0.23,2,0,16500.0,48,debt_consolidation,3004.32,34,0
51,6,36800.0,598,0.16,1,0,21500.0,36,debt_consolidation,1358.4,125,0
26,1,15000.0,545,0.29,0,0,10500.0,12,personal,853.34,18,0
36,1,27200.0,448,0.21,0,1,20000.0,48,home_improvement,1321.84,63,0
40,7,42000.0,441,0.43,2,1,18000.0,48,debt_consolidation,1089.25,97,0
33,5,20300.0,396,0.25,0,1,5000.0,24,personal,782.56,85,0
30,1,22000.0,469,0.26,1,1,17000.0,24,personal,509.98,108,0
24,3,17100.0,490,0.38,1,1,5000.0,36,business,427.43,11,0
31,3,20400.0,395,0.14,0,0,6500.0,12,debt_consolidation,296.49,41,0
24,0,19500.0,550,0.18,2,0,11500.0,24,personal,669.9,28,0
28,4,20800.0,476,0.28,0,0,5000.0,60,home_improvement,244.54,134,0
33,5,24100.0,384,0.28,1,0,6000.0,12,home_improvement,968.61,36,0
55,7,33000.0,596,0.28,3,1,26000.0,36,business,1485.54,82,0
39,12,35000.0,594,0.26,1,0,5500.0,24,home_improvement,376.24,130,0
38,7,22900.0,530,0.33,2,0,17500.0,12,debt_consolidation,701.42,105,0
53,8,47400.0,588,0.19,1,0,16500.0,60,home_improvement,773.55,130,0
30,3,15800.0,555,0.27,0,1,17000.0,36,personal,467.51,17,0
43,5,15000.0,393,0.35,0,0,5000.0,24,business,532.49,36,0
22,2,21600.0,406,0.38,2,0,28000.0,24,personal,338.46,7,0
61,18,51500.0,686,0.08,1,0,8500.0,60,personal,1329.54,96,0
39,5,23700.0,553,0.49,0,0,8500.0,12,home_improvement,1273.14,49,0
54,4,29700.0,558,0.16,2,2,5000.0,24,home_improvement,375.74,84,0
51,6,36600.0,546,0.43,2,0,9000.0,36,home_improvement,1056.53,125,0
36,9,25400.0,487,0.16,0,0,5000.0,12,debt_consolidation,232.84,58,0
45,18,23000.0,525,0.13,1,0,18500.0,24,business,1152.06,70,1
40,14,45500.0,437,0.38,1,0,5000.0,36,personal,785.27,31,0
35,9,30900.0,453,0.18,1,1,19500.0,24,home_improvement,1713.66,46,0
52,12,31900.0,452,0.5,2,1,9000.0,36,education,990.89,64,0
48,9,43700.0,619,0.39,3,0,23000.0,12,debt_consolidation,1308.17,63,0
31,4,15800.0,403,0.34,2,1,5000.0,12,personal,462.13,33,0
50,19,66700.0,624,0.35,4,0,20000.0,60,debt_consolidation,1030.61,133,0
31,2,25200.0,514,0.38,0,0,5000.0,48,business,608.46,88,0
53,29,30500.0,508,0.33,0,0,7000.0,48,business,371.4,188,0
38,4,20200.0,475,0.31,2,1,11500.0,12,home_improvement,419.54,106,0
37,7,17300.0,509,0.29,1,0,5000.0,48,home_improvement,249.52,18,0
29,1,17700.0,434,0.37,0,0,19000.0,60,business,216.14,39,0
32,6,34900.0,546,0.21,0,0,18500.0,48,education,1052.14,33,0
37,15,69500.0,568,0.31,2,0,25500.0,60,home_improvement,1111.17,53,0
31,4,21100.0,569,0.43,0,0,5000.0,12,personal,1127.9,42,0
52,13,53100.0,539,0.36,2,0,5000.0,12,education,899.31,67,0
35,2,35100.0,428,0.47,2,0,5000.0,36,home_improvement,1064.1,66,0
40,6,44300.0,579,0.23,1,0,22500.0,24,personal,1505.96,111,0
36,2,42300.0,665,0.56,2,0,19000.0,12,business,1049.13,65,0
51,9,45700.0,611,0.36,4,0,12000.0,24,home_improvement,942.82,119,0
40,11,21300.0,439,0.2,1,0,13500.0,36,debt_consolidation,551.73,113,0
29,3,22400.0,484,0.32,0,0,5000.0,24,debt_consolidation,236.35,110,0
32,8,46600.0,522,0.29,1,0,26000.0,60,debt_consolidation,951.49,82,0
43,5,47300.0,536,0.25,0,1,16000.0,24,home_improvement,2496.86,146,0
56,12,26500.0,545,0.48,2,0,29000.0,12,debt_consolidation,864.6,130,0
61,13,26400.0,568,0.44,3,0,9000.0,12,home_improvement,148.98,77,0
53,10,58100.0,604,0.47,2,1,17000.0,48,personal,907.75,129,0
33,6,40400.0,410,0.4,1,1,14500.0,24,debt_consolidation,2161.82,132,0
30,5,23300.0,388,0.19,0,0,5000.0,24,home_improvement,671.32,23,0
47,4,23400.0,515,0.47,0,0,8500.0,60,business,370.89,83,0
54,17,43800.0,659,0.3,2,0,14000.0,12,home_improvement,1094.28,75,0
47,2,27900.0,512,0.26,2,0,14000.0,12,personal,390.38,88,0
46,11,58700.0,506,0.19,2,0,11000.0,12,business,1946.65,60,0
29,5,27100.0,462,0.33,0,0,13500.0,36,debt_consolidation,957.77,20,0
34,4,21300.0,412,0.15,1,0,13500.0,48,personal,127.4,48,0
35,5,27300.0,447,0.15,1,0,11000.0,48,home_improvement,815.05,3,0
30,2,21400.0,546,0.48,0,0,10000.0,24,education,459.78,60,0
49,17,45500.0,565,0.15,1,0,11000.0,24,personal,1484.18,109,0
44,12,62100.0,629,0.2,2,0,15500.0,48,education,3278.41,36,0
38,3,19000.0,619,0.24,0,0,14000.0,12,business,170.6,92,0
49,11,21800.0,517,0.36,2,0,17500.0,12,debt_consolidation,1280.9,141,0
28,3,17300.0,547,0.4,0,0,5000.0,48,education,354.59,56,0
53,8,20900.0,568,0.17,0,0,10000.0,36,debt_consolidation,213.74,165,0
29,4,18600.0,449,0.3,0,0,14000.0,12,debt_consolidation,370.09,87,0
47,9,33200.0,603,0.24,2,0,8500.0,12,debt_consolidation,740.84,122,0
52,3,17300.0,611,0.27,1,0,16500.0,12,personal,137.08,114,0
44,9,27900.0,528,0.16,1,0,8000.0,24,personal,221.9,83,0
56,22,40100.0,496,0.2,1,0,23500.0,48,personal,805.83,144,0
38,16,26500.0,410,0.3,2,0,12500.0,48,education,1025.15,83,0
32,7,58600.0,461,0.1,1,0,11500.0,12,personal,188.93,73,0
53,15,43600.0,626,0.1,0,0,9500.0,12,debt_consolidation,1677.02,144,0
46,2,18200.0,557,0.2,1,0,5000.0,24,education,210.25,123,0
56,12,70900.0,484,0.47,4,1,26000.0,48,personal,2142.25,124,1
31,4,46700.0,586,0.28,2,1,5000.0,24,education,1343.87,16,0
41,7,26500.0,592,0.21,0,1,20500.0,12,debt_consolidation,1533.51,73,0
27,4,26400.0,462,0.22,0,0,5000.0,24,business,694.19,41,0
62,25,42500.0,511,0.22,1,0,21500.0,24,home_improvement,1577.57,180,0
28,2,22500.0,560,0.29,0,0,16500.0,12,debt_consolidation,843.01,70,0
30,4,15000.0,544,0.37,1,2,5000.0,36,debt_consolidation,704.51,33,1
59,14,32200.0,497,0.25,2,0,5500.0,36,debt_consolidation,1227.64,125,0
37,4,31900.0,480,0.36,2,1,13500.0,12,debt_consolidation,304.26,92,0
27,2,21800.0,396,0.28,1,0,10000.0,12,debt_consolidation,281.75,74,0
42,8,28400.0,571,0.33,1,0,20500.0,24,debt_consolidation,939.29,74,0
36,1,18300.0,445,0.16,1,1,5000.0,12,home_improvement,657.0,77,0
35,12,34200.0,455,0.14,1,1,13500.0,12,business,1070.68,23,0
62,10,32700.0,546,0.42,1,0,19500.0,24,personal,1132.5,235,0
33,2,22700.0,493,0.46,0,0,5000.0,36,home_improvement,350.17,48,0
45,14,41200.0,574,0.17,1,1,17000.0,24,debt_consolidation,579.35,90,0
30,10,18000.0,411,0.33,1,2,5000.0,24,education,617.16,55,0
48,7,16900.0,393,0.52,6,2,5000.0,24,business,173.77,167,1
36,16,34300.0,498,0.2,0,0,10000.0,60,education,468.05,116,0
45,6,31000.0,551,0.28,0,0,12500.0,48,personal,1127.29,24,0
37,3,16800.0,560,0.26,0,0,5000.0,36,personal,648.84,33,0
38,7,40700.0,484,0.35,4,1,5000.0,60,business,410.16,15,0
26,5,23300.0,498,0.18,1,0,5000.0,36,business,971.38,20,0
24,1,16900.0,482,0.17,0,0,8500.0,24,home_improvement,612.33,47,0
51,18,43700.0,493,0.25,1,1,9500.0,60,debt_consolidation,1571.66,185,0
40,12,53800.0,569,0.12,1,1,15000.0,12,debt_consolidation,896.01,172,0
30,4,25300.0,470,0.55,1,0,11000.0,12,business,155.92,25,0
36,11,55400.0,474,0.19,2,0,16000.0,48,home_improvement,1874.19,6,0
40,13,25100.0,501,0.1,0,0,11000.0,12,home_improvement,623.78,43,0
51,16,28200.0,559,0.12,0,0,19500.0,60,debt_consolidation,1130.76,157,0
38,8,33800.0,576,0.27,2,0,10000.0,12,debt_consolidation,914.68,64,0
54,31,72600.0,613,0.11,1,0,14500.0,60,education,2269.1,108,0
39,15,32500.0,483,0.31,2,0,18500.0,24,personal,648.7,80,0
28,5,26600.0,406,0.25,1,1,17500.0,24,education,791.49,23,1
42,22,97400.0,638,0.29,1,0,27000.0,36,personal,2331.37,13,0
34,11,35900.0,487,0.22,0,0,5000.0,12,business,953.05,37,0
36,9,34900.0,599,0.17,0,0,5000.0,36,debt_consolidation,1472.64,52,0
38,1,21800.0,532,0.45,1,0,7500.0,36,personal,236.78,59,0
40,17,23100.0,554,0.48,5,0,16500.0,60,personal,204.3,31,0
23,2,18300.0,510,0.34,1,0,6000.0,24,debt_consolidation,932.54,6,0
35,3,44100.0,552,0.3,0,0,15500.0,24,home_improvement,1401.22,45,0
41,10,24600.0,561,0.27,2,0,15000.0,48,personal,100.0,60,0
36,9,73200.0,551,0.29,0,0,37000.0,48,business,1154.31,189,0
42,17,46400.0,524,0.07,0,1,12000.0,12,personal,1669.57,97,0
23,3,15600.0,407,0.33,1,1,5000.0,12,home_improvement,339.0,34,0
40,6,28600.0,473,0.17,1,0,16500.0,48,business,619.65,85,0
37,8,68600.0,430,0.37,2,0,23000.0,24,personal,2590.32,39,0
59,24,77700.0,762,0.37,2,0,23500.0,12,debt_consolidation,1909.19,16,0
55,11,42900.0,603,0.05,0,0,17000.0,36,debt_consolidation,665.96,114,0
41,7,15000.0,433,0.31,1,0,17500.0,24,education,271.15,125,0
35,5,34500.0,502,0.15,1,0,13500.0,12,business,733.14,60,0
63,30,18100.0,532,0.27,2,1,5000.0,24,home_improvement,108.96,219,0
57,4,44000.0,626,0.14,0,0,8000.0,48,debt_consolidation,822.32,129,0
41,9,42500.0,581,0.34,2,0,15000.0,36,personal,1505.23,193,0
50,7,27000.0,392,0.2,1,0,9000.0,12,business,390.36,60,1
37,3,18700.0,449,0.34,2,0,5000.0,12,debt_consolidation,812.85,18,0
31,6,41200.0,620,0.15,1,0,10500.0,60,home_improvement,219.69,38,0
35,1,29800.0,451,0.41,1,0,12500.0,48,business,1263.52,80,0
51,19,31300.0,528,0.28,0,0,5000.0,48,business,472.33,168,0
34,6,19000.0,399,0.19,1,1,7000.0,36,business,639.19,95,0
51,17,36200.0,520,0.25,2,1,20000.0,12,home_improvement,1130.44,142,0
41,6,24200.0,456,0.23,0,1,17000.0,60,education,277.51,104,0
52,9,28900.0,406,0.33,1,1,7500.0,12,business,473.66,173,0
49,21,43100.0,524,0.13,0,0,18000.0,12,debt_consolidation,2132.29,58,0
50,22,43400.0,623,0.37,3,0,6000.0,36,personal,221.67,38,0
43,3,31200.0,455,0.32,3,0,12000.0,36,debt_consolidation,806.56,107,0
47,9,31500.0,621,0.19,2,0,16000.0,12,business,356.6,184,0
48,15,32400.0,616,0.4,1,0,19000.0,24,personal,1101.54,7,0
37,12,95200.0,669,0.3,1,0,24000.0,12,education,3751.59,18,0
53,13,51300.0,486,0.11,1,0,22500.0,60,education,1726.89,108,0
26,3,30100.0,547,0.16,1,0,5000.0,36,personal,948.29,24,0
30,5,43100.0,538,0.36,0,0,20500.0,60,home_improvement,1738.28,26,0
47,16,16400.0,434,0.32,2,0,10500.0,24,home_improvement,594.39,116,0
45,12,46400.0,472,0.22,1,0,5000.0,12,debt_consolidation,2378.65,24,0
54,3,42200.0,596,0.43,3,0,21000.0,12,personal,1475.93,129,0
46,13,24200.0,425,0.34,3,0,5000.0,12,debt_consolidation,962.71,113,0
44,6,34800.0,528,0.18,1,0,29500.0,60,personal,2084.39,32,0
49,11,24500.0,541,0.34,1,0,13500.0,48,debt_consolidation,1139.39,134,0
38,11,42200.0,513,0.22,1,1,24000.0,60,home_improvement,2035.61,117,0
42,20,15100.0,616,0.12,0,0,14500.0,24,personal,100.0,42,0
25,1,24700.0,487,0.2,1,0,5000.0,24,personal,265.62,30,0
44,2,18700.0,549,0.47,2,0,5500.0,24,education,779.91,102,0
29,4,44800.0,512,0.15,0,1,19500.0,48,personal,193.98,22,0
56,30,56300.0,698,0.11,0,0,21500.0,48,personal,1217.36,196,0
27,1,23000.0,479,0.11,0,0,11000.0,12,home_improvement,890.0,25,0
29,3,29900.0,517,0.12,1,0,7000.0,48,home_improvement,1066.46,43,0
53,10,17600.0,495,0.25,1,0,5000.0,12,education,466.3,145,0
32,10,15100.0,328,0.36,1,0,11500.0,12,business,323.02,33,0
55,7,27900.0,486,0.23,0,0,5000.0,24,home_improvement,159.65,107,0
56,12,36500.0,566,0.47,4,0,5000.0,36,education,1385.81,57,0
46,18,61400.0,613,0.09,0,0,31000.0,12,debt_consolidation,1214.89,25,0
29,0,15000.0,454,0.21,1,0,5000.0,36,debt_consolidation,333.46,36,0
39,7,26000.0,561,0.2,1,0,5000.0,12,home_improvement,726.15,69,0
41,5,22900.0,554,0.27,2,1,5000.0,60,debt_consolidation,130.74,76,0
50,12,50800.0,635,0.33,2,2,12000.0,48,personal,1662.6,85,0
35,4,26600.0,566,0.37,1,0,12500.0,24,debt_consolidation,794.0,60,0
33,8,18000.0,423,0.26,1,0,17000.0,48,debt_consolidation,419.66,61,0
37,7,53500.0,608,0.3,1,0,23500.0,60,home_improvement,383.87,72,0
44,14,39500.0,560,0.14,1,0,14500.0,36,business,1984.38,82,0
59,10,49800.0,598,0.47,3,0,30000.0,36,business,478.56,72,0
52,14,33300.0,560,0.35,0,0,22000.0,24,home_improvement,1493.66,39,0
27,4,26500.0,522,0.06,0,0,5000.0,48,business,1024.75,19,0
26,4,25300.0,504,0.52,2,1,5000.0,24,personal,842.62,13,0
46,4,49700.0,408,0.25,0,0,12500.0,36,personal,1280.15,29,0
28,8,58500.0,405,0.18,0,1,6000.0,12,debt_consolidation,2019.33,25,0
50,11,26200.0,495,0.33,3,0,8000.0,12,personal,161.5,14,0
25,2,33700.0,555,0.41,1,0,7000.0,48,debt_consolidation,612.27,21,0
39,3,29100.0,470,0.15,0,1,5000.0,12,personal,1266.67,125,0
32,8,39900.0,536,0.29,0,0,17000.0,36,personal,2339.79,89,0
34,11,24000.0,619,0.25,1,0,5000.0,12,business,373.4,79,0
50,16,47300.0,445,0.14,1,0,15500.0,12,personal,1792.31,34,0
49,6,81100.0,481,0.25,1,1,28500.0,24,business,1912.68,13,0
31,8,42200.0,608,0.15,0,0,17000.0,24,personal,1147.15,40,0
28,1,15000.0,438,0.15,1,0,5000.0,36,personal,541.74,76,0
43,8,43400.0,513,0.12,0,0,15500.0,36,business,719.24,28,0
54,16,60800.0,440,0.16,1,0,5000.0,24,debt_consolidation,1352.24,94,0
51,12,46100.0,519,0.28,2,0,9500.0,60,personal,2783.91,140,0
36,10,22900.0,577,0.32,1,1,5000.0,24,debt_consolidation,653.65,79,1
43,7,19000.0,602,0.32,1,0,8000.0,24,personal,202.75,109,0
33,2,32500.0,478,0.24,0,0,5000.0,24,personal,129.93,51,0
42,4,41500.0,479,0.45,3,0,19500.0,48,education,617.53,109,0
37,12,40300.0,470,0.21,1,1,17000.0,12,personal,1033.98,127,0
48,7,15300.0,624,0.38,2,0,18500.0,48,business,656.25,55,0
51,11,42600.0,632,0.37,0,1,5000.0,48,debt_consolidation,814.98,131,0
26,1,69000.0,594,0.27,1,0,21000.0,60,personal,1229.74,32,0
26,4,22300.0,591,0.27,1,0,5000.0,24,debt_consolidation,948.12,69,0
46,8,15700.0,513,0.35,2,0,5000.0,36,home_improvement,441.99,73,0
36,13,33600.0,571,0.21,0,0,8500.0,24,personal,299.01,69,0
34,1,15000.0,472,0.21,1,0,5000.0,24,education,328.18,13,0
38,13,28300.0,515,0.37,0,0,5000.0,24,home_improvement,985.32,118,0
50,12,51100.0,477,0.32,2,0,15500.0,60,home_improvement,1614.21,134,0
46,17,22100.0,460,0.08,0,0,7500.0,24,personal,243.63,61,0
48,12,22200.0,724,0.38,1,0,15500.0,48,education,638.23,91,0
50,5,16100.0,593,0.5,6,0,15000.0,12,education,599.66,112,0
51,16,17600.0,448,0.15,0,0,5000.0,24,debt_consolidation,585.33,50,0
33,6,35100.0,566,0.44,3,0,9500.0,36,home_improvement,626.31,52,0
29,7,23800.0,459,0.18,1,1,5000.0,48,debt_consolidation,1148.15,66,0
53,20,28800.0,510,0.16,1,0,17500.0,12,debt_consolidation,756.71,166,0
45,9,43900.0,579,0.26,2,0,5000.0,24,business,927.47,114,0
60,19,67500.0,586,0.4,3,1,11500.0,24,personal,201.7,128,0
47,9,45000.0,672,0.48,3,0,5000.0,12,business,1832.06,63,0
26,2,22600.0,541,0.1,0,1,5000.0,12,personal,734.67,45,0
42,7,24100.0,475,0.12,0,1,13500.0,12,home_improvement,452.85,89,0
48,8,42000.0,637,0.39,3,0,7500.0,24,personal,2391.25,38,0
36,9,15000.0,486,0.25,2,1,8000.0,12,debt_consolidation,693.83,106,0
31,7,25500.0,464,0.52,2,0,13000.0,24,education,477.48,19,0
38,11,35800.0,552,0.07,0,1,13000.0,48,personal,353.77,53,0
28,2,18500.0,412,0.35,1,1,5000.0,48,business,896.44,29,1
41,14,15000.0,482,0.28,0,1,10000.0,24,personal,355.07,63,0
53,27,32300.0,457,0.24,1,0,7000.0,24,business,1061.07,184,0
39,6,39900.0,507,0.3,0,0,6500.0,36,debt_consolidation,1321.28,137,0
57,20,62400.0,581,0.55,2,0,13000.0,48,home_improvement,1684.94,143,0
48,11,35600.0,484,0.35,0,0,12000.0,12,personal,729.58,94,0
34,5,18600.0,529,0.37,2,0,15000.0,48,business,1072.74,27,0
29,2,22100.0,467,0.06,0,0,6000.0,36,debt_consolidation,770.55,56,0
43,8,15000.0,437,0.33,0,0,10500.0,48,business,365.4,103,0
54,12,58500.0,665,0.44,3,0,19500.0,24,debt_consolidation,2065.56,94,0
43,2,37000.0,552,0.29,2,0,5000.0,60,debt_consolidation,599.72,36,0
39,8,37800.0,501,0.23,2,0,17000.0,24,debt_consolidation,1819.42,139,0
40,9,44000.0,513,0.27,1,1,17000.0,36,home_improvement,1298.87,59,0
35,2,33300.0,517,0.28,2,0,7000.0,48,business,874.47,42,0
45,17,118300.0,560,0.1,0,1,41000.0,60,debt_consolidation,2486.71,131,0
51,5,35300.0,572,0.27,1,0,12000.0,12,home_improvement,630.64,135,0
55,10,40400.0,467,0.35,2,0,5000.0,12,debt_consolidation,1071.17,152,0
34,3,16200.0,480,0.26,0,0,5000.0,36,business,408.66,46,0
46,24,70700.0,548,0.24,1,0,31500.0,12,business,2241.37,61,0
48,17,21200.0,540,0.26,2,0,5000.0,48,business,323.62,154,0
34,6,43300.0,465,0.1,0,0,17500.0,12,personal,1235.94,49,0
24,3,15000.0,496,0.27,1,0,15500.0,60,business,311.48,59,0
33,6,40200.0,455,0.26,1,0,8500.0,12,personal,767.24,64,0
43,2,17900.0,500,0.42,1,0,5000.0,12,home_improvement,211.49,46,0
30,6,37300.0,530,0.36,0,0,21000.0,48,home_improvement,739.47,49,0
31,1,22500.0,485,0.42,1,0,6500.0,60,home_improvement,1109.21,19,0
29,9,21200.0,571,0.2,0,1,6500.0,36,debt_consolidation,150.03,95,0
35,11,32900.0,470,0.26,1,0,5500.0,36,personal,1625.8,94,0
34,7,25400.0,549,0.31,2,0,5000.0,24,business,780.3,11,0
51,14,41200.0,644,0.29,1,0,17500.0,48,personal,1771.53,95,0
32,4,21700.0,425,0.13,0,0,6000.0,12,debt_consolidation,503.97,66,0
50,17,25200.0,447,0.18,1,1,10000.0,36,personal,760.65,178,0
28,0,15000.0,555,0.11,0,0,5000.0,24,personal,634.28,41,0
40,18,20700.0,519,0.27,1,0,5000.0,24,debt_consolidation,415.11,36,0
47,15,17600.0,527,0.36,1,0,5000.0,24,personal,591.44,22,0
24,2,21400.0,395,0.34,0,0,14500.0,12,personal,783.87,61,0
42,14,54700.0,566,0.4,4,0,14000.0,24,home_improvement,1522.12,78,0
51,21,67100.0,506,0.09,0,0,12500.0,48,home_improvement,1508.61,73,0
25,2,15000.0,357,0.33,0,0,10500.0,12,personal,399.35,11,0
51,14,26600.0,593,0.19,1,2,17000.0,36,personal,1048.5,128,0
43,10,31900.0,495,0.15,0,0,12000.0,12,personal,185.94,136,0
44,13,73000.0,647,0.25,2,0,19500.0,12,personal,3138.31,57,0
26,2,15500.0,327,0.23,0,0,5000.0,12,home_improvement,274.26,44,0
38,7,20400.0,517,0.2,2,0,5000.0,36,home_improvement,529.77,49,0
39,5,49400.0,506,0.16,0,0,15000.0,24,business,871.25,52,0
28,3,32800.0,300,0.18,0,1,9000.0,48,business,1069.75,34,0
47,10,54400.0,571,0.18,2,2,6000.0,36,personal,1365.87,113,0
41,8,18600.0,535,0.25,2,0,5000.0,36,debt_consolidation,619.98,32,0
35,7,27500.0,475,0.15,1,1,10500.0,36,personal,1089.34,125,1
50,12,40300.0,450,0.36,0,0,5000.0,48,education,1029.75,37,0
45,11,28100.0,543,0.22,1,0,17500.0,24,education,1424.06,83,0
32,7,25200.0,387,0.53,1,0,7500.0,12,personal,770.45,45,0
32,8,15000.0,490,0.46,0,0,10000.0,36,debt_consolidation,342.46,35,0
51,10,40100.0,569,0.17,1,0,5000.0,60,education,129.67,154,0
27,1,33900.0,489,0.28,3,0,15500.0,24,education,1714.53,44,0
30,6,35700.0,468,0.45,3,0,9500.0,24,business,1113.94,46,0
26,4,30600.0,415,0.1,0,0,10000.0,24,personal,568.7,26,0
40,15,34400.0,449,0.41,1,0,9500.0,60,debt_consolidation,1375.26,40,0
58,7,18200.0,640,0.12,0,0,5000.0,12,home_improvement,529.73,34,0
27,4,28900.0,475,0.27,0,0,16000.0,48,personal,335.96,61,0
42,4,18200.0,467,0.25,0,0,5000.0,60,home_improvement,201.88,114,0
35,10,36400.0,495,0.29,0,0,12500.0,60,debt_consolidation,1275.98,88,0
57,17,45100.0,622,0.28,2,1,23500.0,36,education,1223.04,94,0
24,5,48200.0,450,0.19,0,1,18500.0,48,personal,1412.99,16,0
43,7,25000.0,482,0.41,1,0,7000.0,60,personal,447.57,84,0
49,14,35100.0,599,0.08,0,0,6000.0,24,home_improvement,1668.76,12,0
41,15,45100.0,548,0.38,5,0,9000.0,24,business,1759.91,106,0
40,11,29300.0,512,0.34,1,0,5000.0,36,home_improvement,1341.96,98,0
53,10,33500.0,490,0.51,4,0,16000.0,36,personal,1094.58,59,0
56,17,31100.0,497,0.12,1,0,8000.0,24,debt_consolidation,1231.66,189,0
36,10,25500.0,502,0.17,2,1,5000.0,60,debt_consolidation,770.48,36,0
41,5,24800.0,438,0.17,2,0,24000.0,12,business,1031.69,23,0
25,1,21700.0,558,0.2,0,0,5000.0,48,education,1269.15,54,0
35,9,37100.0,588,0.23,1,0,11500.0,36,business,1639.63,18,0
35,8,27200.0,512,0.33,0,0,5000.0,24,education,149.48,55,0
31,1,15700.0,446,0.23,0,2,12000.0,60,personal,237.46,27,0
49,10,15000.0,580,0.52,3,0,13000.0,36,home_improvement,556.99,33,0
29,2,34100.0,457,0.24,2,1,5000.0,24,debt_consolidation,1699.99,38,0
29,2,23500.0,482,0.4,1,0,8500.0,24,personal,591.27,18,0
29,2,23800.0,533,0.27,1,0,5000.0,24,personal,627.76,28,0
41,11,35100.0,444,0.43,2,1,5000.0,12,home_improvement,832.15,27,0
49,6,35900.0,530,0.27,0,0,26500.0,36,home_improvement,1322.36,35,0
36,5,24100.0,515,0.16,0,0,9000.0,12,home_improvement,325.86,55,0
46,2,17400.0,471,0.07,0,0,10000.0,24,personal,541.45,140,0
43,17,30400.0,512,0.24,1,0,11500.0,12,personal,252.89,73,0
36,10,31100.0,448,0.44,2,0,15500.0,60,home_improvement,1017.85,43,0
34,9,37000.0,443,0.16,2,0,5000.0,12,home_improvement,582.25,50,0
35,8,23400.0,486,0.19,2,0,15000.0,12,business,753.9,88,0
41,2,20600.0,505,0.32,0,0,16500.0,12,business,852.65,69,0
29,3,45100.0,449,0.27,2,0,13500.0,36,personal,229.79,71,0
43,15,26300.0,459,0.15,0,0,12000.0,60,business,944.08,31,0
51,18,23500.0,664,0.26,2,0,24000.0,12,business,834.47,165,0
42,11,39100.0,450,0.33,3,0,10500.0,12,business,708.31,83,0
37,12,59700.0,418,0.18,2,0,22000.0,36,home_improvement,1633.55,12,0
27,4,39100.0,439,0.38,2,0,20000.0,24,personal,321.13,44,0
27,3,32300.0,388,0.24,1,0,22500.0,60,education,1425.99,4,0
45,14,38900.0,466,0.43,3,0,21500.0,36,business,1173.63,120,0
53,17,44900.0,558,0.54,4,0,5000.0,12,home_improvement,299.59,109,0
36,8,23000.0,366,0.11,0,1,5000.0,36,debt_consolidation,147.56,44,0
31,2,16500.0,548,0.09,0,1,13500.0,36,debt_consolidation,343.9,132,0
23,3,15000.0,416,0.33,0,0,6500.0,12,business,167.29,59,0
43,19,57800.0,614,0.22,1,0,21500.0,12,home_improvement,833.2,64,0
34,3,28900.0,528,0.3,1,0,7500.0,24,debt_consolidation,820.44,104,0
27,2,16100.0,550,0.12,1,0,8500.0,48,debt_consolidation,712.78,70,0
46,4,37600.0,642,0.29,2,0,15000.0,12,business,545.93,68,0
36,2,18200.0,457,0.19,1,0,8500.0,12,personal,235.46,71,0
49,21,36800.0,680,0.15,0,0,5000.0,24,education,828.05,87,0
47,24,83900.0,657,0.14,1,0,30000.0,12,personal,2216.97,71,0
58,26,27200.0,499,0.11,1,1,20000.0,60,debt_consolidation,624.48,82,0
31,7,42700.0,426,0.1,0,0,13000.0,24,personal,1404.46,42,0
37,11,49000.0,593,0.28,1,0,8000.0,48,education,447.87,70,0
34,4,25200.0,436,0.42,2,0,21500.0,12,personal,1383.34,16,0
35,5,19500.0,587,0.21,0,0,5000.0,36,debt_consolidation,141.59,74,0
30,5,32100.0,493,0.3,1,0,8500.0,36,home_improvement,1250.59,11,0
49,14,22600.0,446,0.18,2,0,6500.0,24,business,396.18,189,0
31,0,18100.0,566,0.14,1,0,9000.0,60,home_improvement,710.06,32,0
58,21,37300.0,652,0.35,2,0,14000.0,48,personal,226.32,114,0
42,5,15000.0,477,0.34,1,1,9000.0,24,personal,580.24,121,0
25,4,22100.0,367,0.29,2,0,5000.0,60,business,610.3,16,1
29,4,25300.0,585,0.12,1,0,5000.0,48,personal,882.53,45,0
49,9,53600.0,563,0.39,2,0,16000.0,24,home_improvement,470.31,40,0
50,17,73500.0,598,0.2,0,0,25000.0,12,debt_consolidation,1356.29,162,0
36,14,86700.0,546,0.2,1,0,21500.0,36,personal,2896.41,23,0
32,3,20100.0,452,0.21,1,0,5000.0,12,personal,916.38,53,0
35,2,30800.0,477,0.35,2,0,14500.0,24,debt_consolidation,928.08,77,0
31,12,29900.0,507,0.24,2,0,10000.0,12,home_improvement,1452.27,32,0
55,4,26100.0,514,0.33,1,0,16000.0,24,personal,328.88,68,0
56,5,31300.0,587,0.29,3,0,12000.0,12,personal,1254.97,130,0
40,18,46900.0,453,0.22,0,0,22500.0,24,home_improvement,1066.72,67,0
27,5,19000.0,398,0.22,0,0,13500.0,12,education,292.24,51,0
37,5,26300.0,436,0.14,1,1,18500.0,12,home_improvement,1029.88,17,0
44,4,18300.0,638,0.22,0,0,12500.0,36,personal,302.08,16,0
54,25,46400.0,589,0.43,3,0,17000.0,24,personal,1380.99,37,0
57,0,25400.0,576,0.26,1,0,5000.0,12,personal,714.92,41,0
44,4,44600.0,454,0.25,3,0,5500.0,12,personal,1626.27,148,0
47,16,31900.0,659,0.4,2,0,15500.0,60,education,439.74,111,0
34,10,23000.0,448,0.06,0,0,5000.0,48,debt_consolidation,352.82,61,0
49,21,26000.0,489,0.38,1,1,16500.0,36,home_improvement,835.68,94,0
52,6,31300.0,466,0.38,3,1,18000.0,24,personal,121.78,169,0
53,13,55300.0,596,0.22,3,1,10000.0,24,personal,931.43,135,0
40,19,54900.0,478,0.36,1,0,29000.0,12,education,1682.41,62,0
40,1,20600.0,342,0.42,0,0,5000.0,24,debt_consolidation,806.1,103,0
39,5,23700.0,486,0.19,0,0,5000.0,24,home_improvement,669.42,49,0
45,11,36800.0,602,0.23,2,0,14500.0,24,home_improvement,492.05,32,0
38,11,28900.0,433,0.27,1,1,5000.0,48,personal,258.29,134,0
39,5,22100.0,382,0.37,0,0,8000.0,60,education,487.31,20,0
42,5,22400.0,464,0.38,1,1,7500.0,48,home_improvement,180.94,41,1
34,5,23400.0,500,0.05,0,0,10000.0,24,home_improvement,199.45,35,0
27,2,32000.0,410,0.07,0,1,5000.0,12,business,113.1,16,0
40,6,19800.0,451,0.35,2,1,17000.0,24,home_improvement,706.57,85,0
51,13,25700.0,514,0.14,0,0,5000.0,48,home_improvement,239.01,152,0
46,6,23100.0,456,0.44,1,0,5000.0,24,home_improvement,498.03,133,0
55,11,24800.0,511,0.44,4,0,14500.0,12,home_improvement,723.78,31,0
28,5,22200.0,593,0.08,0,1,16500.0,12,debt_consolidation,221.52,52,0
45,14,58500.0,565,0.21,2,0,23500.0,24,debt_consolidation,559.98,63,0
30,2,23900.0,450,0.3,1,0,16000.0,24,home_improvement,720.51,51,0
26,4,36000.0,473,0.25,2,0,19000.0,12,debt_consolidation,1110.87,78,1
42,6,37600.0,506,0.25,1,0,13500.0,12,personal,715.3,127,0
52,6,15000.0,619,0.42,3,0,10000.0,48,business,315.62,29,0
48,13,38900.0,468,0.08,0,0,5500.0,12,education,542.36,154,0
32,4,19100.0,534,0.16,1,0,9000.0,48,personal,302.3,17,0
55,14,21300.0,433,0.52,3,0,5000.0,48,education,789.45,45,0
54,13,45100.0,609,0.23,2,0,15000.0,36,home_improvement,2657.25,106,0
32,4,35400.0,465,0.12,0,0,12500.0,60,home_improvement,953.31,14,0
35,4,21400.0,520,0.18,1,0,5000.0,24,home_improvement,637.12,82,0
48,14,61900.0,540,0.22,3,0,17000.0,12,business,1056.27,199,0
49,11,41300.0,516,0.22,3,0,13000.0,12,personal,894.01,158,0
36,8,26200.0,536,0.22,1,0,6500.0,24,home_improvement,898.86,51,0
34,7,24900.0,536,0.07,0,0,11000.0,36,home_improvement,485.66,14,0
33,11,20900.0,393,0.18,0,0,5000.0,36,business,606.03,108,0
32,2,15000.0,497,0.36,1,0,5000.0,12,personal,469.11,107,0
39,15,45500.0,478,0.23,0,0,10000.0,60,personal,530.39,32,0
50,16,22400.0,475,0.45,2,0,13500.0,36,personal,300.13,174,0
40,2,23800.0,482,0.19,2,0,9000.0,36,debt_consolidation,838.76,122,0
38,13,25800.0,587,0.35,1,0,12500.0,12,personal,847.52,104,0
38,7,15000.0,449,0.18,1,0,17000.0,48,home_improvement,701.64,78,0
44,11,21100.0,458,0.32,0,0,13000.0,12,personal,606.8,73,0
45,2,15000.0,443,0.36,1,0,11500.0,36,personal,470.18,109,0
36,7,18100.0,521,0.27,0,0,5000.0,24,home_improvement,627.3,82,0
56,6,26800.0,586,0.45,1,0,10500.0,36,business,100.0,121,0
43,15,25900.0,522,0.64,3,0,19000.0,48,business,723.83,93,0
47,20,69300.0,516,0.17,0,0,5500.0,12,personal,2321.24,17,0
59,13,27700.0,576,0.31,0,0,12000.0,12,business,360.88,24,0
50,13,15000.0,484,0.4,1,2,5000.0,24,home_improvement,224.49,20,1
34,8,20700.0,461,0.2,2,0,5000.0,24,home_improvement,111.77,78,0
42,2,15000.0,549,0.2,1,1,5000.0,12,personal,662.46,187,1
50,20,42700.0,502,0.59,4,0,12500.0,60,debt_consolidation,331.03,135,0
39,11,32400.0,470,0.11,1,0,16500.0,12,business,542.95,51,0
23,1,17700.0,476,0.3,0,0,17500.0,24,education,357.89,23,0
39,9,42900.0,541,0.26,3,0,5000.0,12,personal,761.05,71,0
40,6,30600.0,601,0.3,1,0,11000.0,12,personal,730.34,28,0
60,11,33300.0,515,0.1,0,0,16500.0,24,debt_consolidation,1035.31,156,0
38,13,23600.0,442,0.14,1,1,6000.0,48,education,443.99,4,0
54,10,39200.0,490,0.18,1,0,13500.0,12,business,779.57,80,0
31,4,20600.0,537,0.3,1,1,5000.0,12,debt_consolidation,112.04,18,0
36,6,55700.0,454,0.39,2,0,13000.0,48,personal,1109.45,37,0
34,4,33500.0,493,0.34,0,0,15500.0,24,personal,163.87,55,0
25,4,48700.0,443,0.12,0,0,23500.0,12,debt_consolidation,674.83,33,0
28,5,32200.0,450,0.31,0,1,5000.0,48,home_improvement,728.02,43,0
56,27,52200.0,484,0.18,2,0,10500.0,36,debt_consolidation,881.76,102,0
45,15,47700.0,539,0.32,3,0,16000.0,36,debt_consolidation,581.47,85,0
59,25,39100.0,574,0.18,1,0,5000.0,24,debt_consolidation,903.9,34,0
31,7,15700.0,509,0.28,1,0,9000.0,48,home_improvement,525.24,53,0
37,10,20500.0,558,0.11,0,1,7000.0,36,business,355.15,75,0
46,6,17500.0,509,0.23,1,0,12500.0,48,home_improvement,416.48,148,0
25,2,17900.0,300,0.39,0,0,9000.0,36,personal,717.06,42,0
31,6,42500.0,420,0.11,0,0,12000.0,48,business,100.0,23,0
51,30,46800.0,595,0.36,1,0,16000.0,24,education,1031.14,76,0
55,27,69400.0,600,0.45,2,0,19500.0,12,debt_consolidation,784.42,83,0
42,7,24800.0,524,0.24,1,1,16000.0,36,home_improvement,1315.1,96,0
24,1,15000.0,482,0.18,1,0,11500.0,24,personal,667.89,42,0
35,14,34600.0,300,0.23,2,0,5000.0,12,debt_consolidation,1171.28,61,1
28,9,15800.0,527,0.5,2,0,16000.0,24,home_improvement,634.62,17,0
46,7,36200.0,515,0.26,1,0,5000.0,24,personal,227.8,72,0
38,2,20100.0,497,0.27,3,1,5000.0,24,personal,1072.9,60,0
52,6,15000.0,579,0.21,0,0,9500.0,12,home_improvement,556.17,62,0
41,6,29300.0,359,0.32,2,1,5000.0,48,personal,822.15,79,0
27,5,27200.0,447,0.18,1,0,9000.0,12,business,377.96,133,0
36,13,47600.0,683,0.15,0,0,14500.0,36,home_improvement,1983.28,19,0
42,3,31200.0,633,0.25,2,0,11000.0,24,debt_consolidation,1337.86,51,0
47,19,39300.0,510,0.51,4,1,7000.0,36,business,645.05,66,0
35,4,26200.0,653,0.11,0,0,6500.0,24,personal,671.08,98,0
45,11,28200.0,478,0.1,1,0,12000.0,24,personal,992.95,113,0
35,6,21700.0,404,0.13,1,1,5000.0,12,business,601.08,95,0
34,7,27500.0,480,0.25,0,0,6000.0,48,personal,1181.73,83,0
57,4,15200.0,643,0.23,1,0,5000.0,24,education,600.03,241,0
28,1,34400.0,483,0.41,1,0,10500.0,12,business,375.32,10,0
28,4,20800.0,420,0.27,2,0,7500.0,12,home_improvement,693.5,12,0
22,1,25300.0,385,0.05,0,1,9500.0,24,personal,305.01,66,0
45,18,34700.0,478,0.15,1,0,9500.0,12,personal,1713.42,108,0
32,9,19100.0,474,0.36,1,0,8000.0,60,home_improvement,163.45,79,0
28,1,18100.0,561,0.27,1,1,14500.0,60,debt_consolidation,431.44,54,0
33,3,31800.0,479,0.22,0,1,6500.0,48,home_improvement,885.37,5,0
43,6,18500.0,546,0.24,1,0,5000.0,36,business,676.0,80,0
31,1,25000.0,440,0.23,0,0,20000.0,48,debt_consolidation,540.11,55,0
45,22,73500.0,614,0.43,4,0,17500.0,48,business,3595.13,35,0
33,4,31800.0,468,0.14,1,0,5000.0,12,debt_consolidation,568.67,50,0
31,6,20700.0,435,0.52,2,2,20000.0,12,home_improvement,789.51,48,1
27,7,28700.0,484,0.45,1,0,5000.0,60,home_improvement,946.54,21,0
49,20,46400.0,651,0.41,3,0,13000.0,48,home_improvement,471.12,46,0
23,2,17400.0,498,0.19,0,0,16500.0,24,home_improvement,435.45,20,0
33,9,29200.0,593,0.45,2,0,5000.0,36,debt_consolidation,129.62,41,0
33,5,26700.0,555,0.32,1,0,12000.0,48,home_improvement,190.16,43,0
58,11,44600.0,461,0.23,3,0,11500.0,24,business,1154.15,102,0
50,11,36500.0,465,0.45,3,0,5000.0,36,debt_consolidation,734.22,152,0
54,21,60800.0,580,0.37,1,0,12000.0,48,business,1658.06,116,0
27,5,30600.0,424,0.15,0,0,5000.0,24,business,359.63,22,0
33,1,40700.0,543,0.17,0,0,9000.0,24,debt_consolidation,549.79,69,0
56,15,29500.0,540,0.11,0,0,5000.0,12,home_improvement,684.3,132,0
36,7,32100.0,628,0.15,0,0,10500.0,36,education,383.99,76,0
44,5,38500.0,523,0.15,1,0,5000.0,24,business,673.53,95,0
41,7,32500.0,590,0.47,3,0,14500.0,36,debt_consolidation,1607.44,57,0
41,20,48900.0,517,0.31,1,0,15500.0,60,home_improvement,426.08,143,0
60,5,28000.0,542,0.21,2,0,19000.0,24,business,220.35,143,0
53,6,20900.0,611,0.29,2,1,9500.0,36,business,272.91,190,0
35,11,56500.0,432,0.29,1,0,13500.0,36,debt_consolidation,2233.73,4,0
42,6,28100.0,483,0.17,1,0,5000.0,24,education,612.79,27,0
24,1,16300.0,468,0.11,0,0,16000.0,60,personal,436.43,34,0
43,12,44400.0,507,0.33,1,1,16500.0,36,home_improvement,1609.53,82,0
51,14,63700.0,508,0.37,3,0,40500.0,60,debt_consolidation,698.31,26,0
37,15,46500.0,549,0.49,3,1,20000.0,12,personal,1042.64,31,0
53,21,25400.0,506,0.26,0,0,7000.0,24,personal,813.59,184,0
56,19,45300.0,390,0.08,0,1,19000.0,60,debt_consolidation,2140.46,43,0
44,14,17300.0,536,0.22,1,0,5000.0,36,debt_consolidation,231.66,58,0
37,3,16500.0,502,0.17,1,0,11000.0,48,home_improvement,443.43,51,0
52,11,53800.0,497,0.4,1,0,6000.0,36,debt_consolidation,1788.04,106,0
38,8,18600.0,474,0.18,1,0,5000.0,48,education,248.75,7,1
29,6,68200.0,623,0.13,0,0,22000.0,24,debt_consolidation,767.62,37,0
33,9,15000.0,565,0.39,2,0,10000.0,24,personal,513.73,6,0
24,3,17100.0,527,0.3,2,0,5000.0,12,business,728.35,18,0
46,15,27600.0,477,0.32,3,0,5000.0,36,education,1419.68,63,1
47,12,46700.0,630,0.39,1,0,15000.0,12,debt_consolidation,872.44,144,0
42,1,15000.0,573,0.47,1,0,5000.0,12,home_improvement,631.38,51,0
41,2,53100.0,479,0.2,2,1,13000.0,12,debt_consolidation,319.23,103,0
38,6,25100.0,532,0.27,1,0,7000.0,48,home_improvement,217.62,44,0
26,7,15900.0,542,0.32,0,0,13500.0,36,home_improvement,643.23,66,0
37,13,31900.0,595,0.37,1,1,5000.0,24,debt_consolidation,319.69,82,0
32,10,19100.0,579,0.21,1,0,9000.0,48,debt_consolidation,391.42,6,0
36,4,27900.0,436,0.25,2,0,8500.0,12,education,1391.43,78,0
51,12,31200.0,579,0.45,1,1,13000.0,48,business,1177.74,136,0
30,2,34500.0,324,0.25,2,0,5000.0,48,home_improvement,387.76,3,0
35,6,27300.0,563,0.19,1,0,20500.0,12,debt_consolidation,452.27,70,0
48,13,35900.0,568,0.26,0,0,15500.0,48,debt_consolidation,1802.33,107,0
41,6,16900.0,390,0.12,0,0,13500.0,12,home_improvement,406.36,85,0
26,3,42100.0,501,0.3,1,0,28000.0,12,personal,1771.62,8,0
33,8,17000.0,558,0.31,1,1,5000.0,12,debt_consolidation,486.0,31,0
29,2,15000.0,482,0.28,0,1,15500.0,24,personal,314.97,53,0
39,8,19300.0,474,0.45,2,0,5000.0,48,home_improvement,740.08,73,0
53,21,19600.0,542,0.25,1,0,8500.0,36,business,618.49,47,0
39,10,34400.0,514,0.16,2,0,19000.0,24,home_improvement,1566.6,201,0
28,5,32700.0,482,0.21,0,0,9000.0,36,home_improvement,147.9,45,0
28,3,18000.0,522,0.24,1,0,5000.0,24,home_improvement,440.92,36,0
31,4,21000.0,479,0.2,0,0,5000.0,48,personal,1174.31,74,1
36,12,61600.0,583,0.25,2,0,20000.0,12,debt_consolidation,1216.58,189,0
42,11,43600.0,561,0.16,1,0,14500.0,36,home_improvement,796.15,86,0
41,5,35300.0,442,0.22,0,0,7000.0,48,business,1231.57,79,0
35,7,15000.0,413,0.21,0,0,16500.0,60,debt_consolidation,352.93,112,0
48,12,54300.0,595,0.47,1,0,15000.0,24,home_improvement,502.96,138,0
51,19,36500.0,582,0.18,1,0,5500.0,36,business,1337.87,120,0
55,12,18500.0,401,0.42,0,0,13000.0,36,personal,332.81,46,0
39,8,59300.0,427,0.49,4,0,16500.0,36,home_improvement,1532.23,65,0
32,4,25700.0,486,0.23,1,0,5000.0,12,home_improvement,1099.91,50,0
28,2,63200.0,624,0.35,1,1,14500.0,24,debt_consolidation,2377.28,8,0
48,23,54600.0,499,0.09,1,2,5500.0,24,business,1882.64,47,0
33,2,22200.0,477,0.39,0,0,18000.0,12,debt_consolidation,328.78,55,1
40,6,15200.0,477,0.21,2,0,5000.0,48,personal,545.04,79,0
42,16,59200.0,645,0.19,2,0,11500.0,36,business,765.31,156,0
49,20,38500.0,465,0.15,0,0,9500.0,60,personal,1977.18,151,0
29,6,32600.0,515,0.18,1,0,18000.0,48,education,516.84,84,0
40,7,22400.0,536,0.36,2,0,6500.0,24,personal,809.64,34,0
52,22,81900.0,466,0.41,3,0,23500.0,48,debt_consolidation,1096.32,137,0
39,10,16700.0,495,0.14,0,0,7000.0,24,personal,486.29,57,0
51,6,19700.0,450,0.25,0,0,5000.0,12,home_improvement,927.12,39,0
42,9,30500.0,485,0.21,0,1,5000.0,12,debt_consolidation,265.0,193,0
36,9,15000.0,557,0.36,2,0,9000.0,48,education,638.57,113,0
27,5,19100.0,518,0.24,0,0,14000.0,12,personal,877.89,9,0
47,16,28500.0,549,0.26,1,0,11000.0,24,personal,1426.5,34,0
36,10,40300.0,518,0.39,2,0,8500.0,12,personal,737.38,23,0
47,8,15000.0,386,0.32,0,0,5000.0,12,home_improvement,235.84,140,0
43,6,17900.0,428,0.2,1,0,5000.0,48,home_improvement,731.95,32,0
31,5,31100.0,470,0.18,1,1,27500.0,24,personal,815.94,58,0
31,7,75900.0,468,0.18,1,0,29000.0,24,education,2291.36,87,0
37,4,15000.0,546,0.14,1,0,5000.0,12,home_improvement,324.85,51,0
25,4,17600.0,559,0.32,1,1,5000.0,48,home_improvement,100.0,111,0
42,17,55200.0,660,0.27,1,0,28000.0,36,personal,2042.68,282,0
54,9,27000.0,495,0.23,2,0,5000.0,36,debt_consolidation,1201.11,150,0
31,10,27100.0,515,0.25,2,0,15500.0,48,personal,1447.38,54,0
50,17,37900.0,412,0.41,1,0,17500.0,36,debt_consolidation,674.86,86,0
35,4,44300.0,443,0.41,2,0,6500.0,24,debt_consolidation,1719.99,71,0
39,8,56800.0,554,0.09,1,0,19500.0,12,personal,2465.4,50,0
40,15,40100.0,600,0.13,0,0,7500.0,24,education,1351.43,81,0
33,4,24600.0,595,0.19,0,0,5000.0,48,education,953.7,65,0
53,17,43600.0,451,0.17,1,0,9500.0,12,education,967.61,115,0
38,17,27200.0,532,0.28,1,0,18000.0,12,debt_consolidation,1159.52,88,0
40,10,33800.0,495,0.15,1,0,5000.0,24,personal,895.56,176,0
50,10,22400.0,521,0.35,1,1,12500.0,12,debt_consolidation,328.52,99,0
35,5,53500.0,551,0.5,1,0,21500.0,48,debt_consolidation,2411.22,81,1
37,7,51700.0,545,0.31,4,0,12500.0,12,home_improvement,1320.24,10,0
39,10,30200.0,464,0.37,2,0,6000.0,12,debt_consolidation,609.86,106,0
46,11,25000.0,386,0.38,2,1,9500.0,24,debt_consolidation,658.53,105,0
35,5,16100.0,410,0.42,2,1,22500.0,60,debt_consolidation,269.8,87,1
49,8,27600.0,429,0.2,0,0,9500.0,24,education,976.08,91,0
51,12,59000.0,590,0.25,3,1,18500.0,24,home_improvement,1250.37,16,0
38,5,20400.0,414,0.2,0,0,12500.0,48,home_improvement,487.32,92,0
46,14,56800.0,439,0.14,0,1,33500.0,12,debt_consolidation,1658.61,128,0
28,0,22700.0,475,0.31,1,0,5000.0,12,personal,593.06,12,0
34,5,15900.0,350,0.24,1,0,5000.0,48,debt_consolidation,470.21,74,0
40,4,24600.0,586,0.2,1,0,11500.0,60,business,640.51,100,0
49,16,51400.0,575,0.17,1,0,14500.0,12,debt_consolidation,596.97,107,0
36,2,17000.0,437,0.28,0,0,5000.0,12,debt_consolidation,387.4,60,0
50,5,43500.0,562,0.15,0,0,19500.0,12,debt_consolidation,407.03,170,0
25,3,28600.0,494,0.22,2,0,6500.0,48,debt_consolidation,843.83,30,0
23,3,22300.0,433,0.49,1,1,5000.0,60,debt_consolidation,1006.5,4,0
41,4,51800.0,521,0.12,1,0,26000.0,36,education,1723.82,95,0
51,7,15000.0,500,0.18,1,0,5000.0,24,debt_consolidation,493.85,141,1
39,14,19100.0,518,0.34,1,0,5000.0,36,education,500.94,86,0
63,14,57200.0,603,0.23,2,0,29000.0,60,home_improvement,1406.48,30,0
52,4,42200.0,562,0.26,2,0,5000.0,24,debt_consolidation,371.19,100,0
31,7,20700.0,530,0.19,2,0,8500.0,36,education,812.25,36,0
35,11,44900.0,546,0.28,2,1,15000.0,12,debt_consolidation,1181.92,26,0
36,2,20000.0,531,0.09,0,0,10500.0,48,personal,513.3,131,0
25,3,15000.0,554,0.42,0,0,18000.0,12,debt_consolidation,100.0,24,0
34,6,30200.0,442,0.38,3,0,5000.0,12,education,1234.01,76,0
29,7,30400.0,420,0.31,1,0,5000.0,24,business,1143.27,33,0
29,5,26800.0,537,0.24,2,1,10000.0,24,education,200.9,71,0
36,16,32200.0,500,0.26,1,0,19500.0,24,personal,395.44,57,0
47,12,34200.0,520,0.4,3,0,8500.0,48,home_improvement,1379.52,158,0
39,15,43600.0,636,0.19,0,0,10000.0,48,debt_consolidation,1300.22,121,0
41,2,15000.0,515,0.28,0,0,6500.0,12,business,411.59,96,0
34,3,24900.0,573,0.26,1,0,5000.0,48,business,613.04,61,0
32,9,29300.0,539,0.28,1,0,15500.0,60,home_improvement,857.53,70,0
44,5,16500.0,532,0.19,2,1,21500.0,36,debt_consolidation,338.22,73,0
37,9,58400.0,409,0.17,1,1,21000.0,24,debt_consolidation,1894.34,56,0
39,4,23600.0,487,0.47,3,0,5000.0,36,education,534.35,70,0
51,26,22000.0,517,0.25,0,0,12500.0,48,home_improvement,584.68,94,0
30,2,25400.0,535,0.18,0,0,5000.0,24,home_improvement,1115.38,12,0
44,5,37000.0,606,0.21,2,0,6000.0,12,home_improvement,1823.57,113,0
41,10,46300.0,530,0.15,1,0,7500.0,60,business,202.8,83,0
29,5,56000.0,540,0.15,0,0,26000.0,48,home_improvement,1652.41,60,0
38,5,28400.0,580,0.06,0,1,5000.0,60,home_improvement,1000.26,95,0
41,9,15900.0,435,0.34,3,0,22500.0,36,home_improvement,176.28,27,0
25,3,15000.0,578,0.33,2,0,5000.0,36,home_improvement,172.05,23,0
49,15,37500.0,607,0.5,3,0,5000.0,24,business,628.12,9,0
42,14,26000.0,427,0.41,0,1,11000.0,60,education,640.07,57,0
46,6,23100.0,340,0.3,0,1,12500.0,36,debt_consolidation,474.57,73,0
42,14,26000.0,458,0.37,1,0,6500.0,60,education,1284.94,25,0
26,3,24100.0,503,0.3,1,0,7000.0,24,business,985.47,15,0
42,5,44900.0,655,0.39,3,0,13500.0,24,debt_consolidation,2188.41,140,0
48,16,35400.0,527,0.25,1,0,16000.0,12,home_improvement,1349.41,112,0
30,9,43800.0,534,0.58,3,0,18000.0,60,debt_consolidation,1776.0,87,1
60,3,61800.0,590,0.24,2,0,5000.0,48,personal,1226.16,35,0
40,13,29100.0,647,0.45,2,1,13000.0,60,home_improvement,1694.44,100,0
48,7,15000.0,568,0.19,0,2,13000.0,24,business,352.61,144,0
42,4,16800.0,569,0.38,1,0,23000.0,60,personal,842.96,69,0
66,38,101400.0,546,0.16,2,0,25500.0,36,home_improvement,3256.09,79,0
30,10,34000.0,492,0.18,0,0,5000.0,12,home_improvement,387.78,58,0
23,1,31800.0,506,0.33,1,0,5000.0,24,education,584.13,27,0
57,9,16600.0,527,0.29,0,0,5000.0,12,home_improvement,696.39,126,0
26,1,20300.0,409,0.39,2,0,5000.0,48,debt_consolidation,544.96,44,1
36,12,40300.0,491,0.2,0,2,5500.0,12,home_improvement,1424.71,87,0
50,26,58500.0,597,0.24,3,0,33500.0,36,debt_consolidation,909.45,204,0
32,4,18200.0,478,0.51,2,0,26500.0,36,debt_consolidation,244.95,73,0
51,6,22500.0,572,0.14,1,0,8000.0,24,personal,1252.7,103,0
47,7,39300.0,435,0.28,1,0,7000.0,24,home_improvement,923.76,21,0
49,12,47500.0,486,0.2,1,0,5000.0,36,debt_consolidation,1341.75,147,0
28,6,21400.0,482,0.41,2,1,11000.0,48,personal,132.83,24,0
37,11,78000.0,567,0.27,1,0,26500.0,36,business,1750.86,75,0
36,3,17300.0,412,0.38,1,0,20500.0,48,personal,743.32,54,0
34,7,31100.0,605,0.3,1,0,5000.0,36,debt_consolidation,284.26,41,0
51,9,25100.0,648,0.33,2,0,5000.0,24,business,244.51,66,0
40,15,23800.0,493,0.33,2,0,5000.0,36,personal,570.05,80,0
26,4,15400.0,497,0.36,1,1,8000.0,36,debt_consolidation,700.4,18,0
39,14,23500.0,564,0.22,0,0,5000.0,12,personal,354.31,92,0
36,14,28800.0,505,0.39,1,0,14500.0,12,business,924.97,94,0
36,5,32500.0,623,0.23,2,0,13000.0,60,personal,1371.88,182,0
49,15,34800.0,575,0.25,1,1,13500.0,36,business,1224.94,85,0
49,10,45000.0,471,0.52,5,0,5000.0,24,personal,1062.62,92,0
44,6,31700.0,571,0.36,3,0,5000.0,36,debt_consolidation,603.58,98,0
55,13,46200.0,644,0.4,3,0,19000.0,24,personal,1963.39,26,0
64,28,50600.0,573,0.07,0,0,11500.0,36,personal,492.95,223,0
62,20,15800.0,460,0.2,0,0,19000.0,48,education,243.11,79,0
44,13,27200.0,513,0.27,3,0,9000.0,12,education,100.0,54,0
41,5,29800.0,523,0.2,1,1,8500.0,24,personal,1031.58,90,0
43,13,16800.0,503,0.26,0,0,13500.0,36,business,480.3,85,0
53,5,20100.0,700,0.26,1,0,5000.0,48,personal,1054.48,50,0
44,14,27700.0,492,0.41,2,0,14500.0,48,home_improvement,533.3,73,0
41,9,22600.0,513,0.19,2,0,6000.0,36,home_improvement,1301.51,18,0
29,3,20000.0,405,0.32,3,0,15000.0,48,home_improvement,654.55,11,0
55,4,24600.0,609,0.26,0,0,5000.0,12,business,993.05,163,0
34,12,20500.0,477,0.19,0,0,9500.0,12,business,636.06,20,0
30,5,38700.0,471,0.39,1,1,15500.0,48,debt_consolidation,450.34,101,0
47,4,26000.0,485,0.38,2,0,5000.0,48,education,995.22,113,0
49,6,45700.0,596,0.54,2,0,5500.0,12,personal,1691.09,52,0
51,24,51800.0,487,0.51,5,0,11500.0,24,home_improvement,823.02,224,0
46,20,34700.0,606,0.34,2,1,8000.0,12,business,1100.96,58,1
31,7,29700.0,394,0.32,1,1,11000.0,36,business,861.38,72,0
40,6,33400.0,626,0.28,0,1,7500.0,12,personal,1653.45,42,0
47,13,20600.0,477,0.12,1,0,13500.0,24,debt_consolidation,613.09,21,0
33,6,32900.0,540,0.4,2,0,8000.0,12,home_improvement,671.02,96,0
33,7,47100.0,543,0.17,0,0,5000.0,12,debt_consolidation,635.92,66,0
31,5,21100.0,536,0.21,1,0,21500.0,60,debt_consolidation,661.08,110,0
37,5,19600.0,512,0.26,0,0,7000.0,12,home_improvement,639.07,63,0
35,9,22800.0,397,0.07,0,0,8000.0,48,debt_consolidation,481.8,39,0
62,7,29300.0,529,0.14,0,0,8500.0,36,personal,678.76,75,0
39,12,16900.0,449,0.19,1,0,18500.0,12,business,334.09,44,0
50,13,32300.0,542,0.59,3,0,5000.0,48,business,930.43,59,0
41,7,23800.0,478,0.42,3,0,5500.0,24,debt_consolidation,848.6,68,0
50,15,16400.0,669,0.13,0,0,5000.0,60,business,643.32,152,0
39,11,25500.0,476,0.29,2,0,13500.0,12,home_improvement,874.34,42,0
41,4,20500.0,436,0.42,2,0,5000.0,48,debt_consolidation,876.71,125,0
38,2,15000.0,615,0.42,2,2,9500.0,48,home_improvement,583.32,65,0
31,5,58000.0,518,0.15,0,0,8500.0,24,debt_consolidation,1925.86,79,0
38,12,41200.0,482,0.23,0,0,11500.0,24,debt_consolidation,1076.8,86,0
51,11,23200.0,576,0.53,2,1,5000.0,36,home_improvement,682.53,112,0
47,20,103200.0,663,0.29,4,2,50000.0,48,personal,3146.57,56,0
47,12,57600.0,549,0.11,0,0,17000.0,24,debt_consolidation,2036.98,136,0
58,12,41300.0,593,0.63,3,0,21500.0,12,personal,1446.54,103,0
33,5,44300.0,501,0.16,0,0,29500.0,48,personal,898.12,22,1
23,1,15000.0,378,0.08,0,0,5000.0,36,business,431.9,11,0
26,6,20800.0,464,0.45,1,0,16000.0,60,home_improvement,960.88,77,0
35,8,15000.0,470,0.35,0,0,5000.0,12,business,141.0,53,0
48,5,35000.0,544,0.41,4,0,14000.0,60,education,1524.02,64,0
53,5,42800.0,604,0.38,4,1,31500.0,36,personal,1340.27,140,0
23,3,41900.0,454,0.12,1,0,21500.0,48,home_improvement,864.85,44,0
26,5,22800.0,441,0.42,2,1,5000.0,48,home_improvement,686.02,25,0
23,3,21700.0,549,0.25,1,0,7000.0,12,business,468.99,25,0
27,6,23100.0,490,0.29,1,0,5000.0,36,business,819.06,40,0
25,5,18400.0,467,0.39,1,0,11000.0,12,debt_consolidation,829.02,53,0
33,5,20300.0,642,0.11,0,0,5000.0,12,home_improvement,1106.28,32,0
32,0,19900.0,386,0.19,1,0,14500.0,24,business,493.29,30,1
38,14,50000.0,522,0.56,3,0,20000.0,60,home_improvement,2398.73,17,0
47,15,46600.0,580,0.34,2,0,14500.0,12,business,921.89,89,0
35,9,24400.0,499,0.24,1,0,10000.0,36,personal,595.54,53,0
24,1,20100.0,500,0.21,0,0,6500.0,12,personal,832.54,62,0
30,3,24600.0,493,0.23,1,1,7000.0,12,business,1088.36,53,0
27,3,29000.0,490,0.38,2,0,17000.0,48,home_improvement,1094.46,31,0
53,14,44600.0,451,0.03,0,0,10500.0,36,business,962.64,148,0
35,2,26400.0,465,0.4,3,0,5000.0,12,home_improvement,726.76,23,0
58,14,61900.0,719,0.21,0,0,5000.0,24,debt_consolidation,2640.72,210,0
52,11,68200.0,633,0.31,2,0,14000.0,60,home_improvement,2684.92,117,0
33,3,32100.0,555,0.39,0,0,7500.0,12,business,332.58,50,0
31,4,29200.0,329,0.41,1,1,8500.0,48,personal,184.21,76,1
42,9,31700.0,558,0.1,1,0,5000.0,36,personal,459.68,114,0
35,6,23400.0,563,0.27,1,1,5000.0,24,debt_consolidation,601.77,42,0
43,15,29100.0,561,0.18,0,0,5000.0,12,education,1044.23,69,0
26,4,29000.0,471,0.14,1,0,5000.0,36,personal,107.48,22,0
24,1,20200.0,300,0.34,0,0,5000.0,24,home_improvement,358.3,17,0
34,7,65300.0,542,0.37,1,1,8500.0,60,home_improvement,1841.73,75,0
26,4,15000.0,429,0.38,1,0,18000.0,48,debt_consolidation,493.05,7,0
34,6,42800.0,499,0.54,2,0,15500.0,60,home_improvement,2461.95,36,0
38,9,42300.0,639,0.48,1,0,12000.0,48,personal,444.84,126,0
39,17,37700.0,502,0.27,1,1,5000.0,36,home_improvement,1934.55,22,0
55,19,49500.0,549,0.34,1,0,21500.0,60,debt_consolidation,1208.67,96,0
41,7,16600.0,538,0.24,1,0,5000.0,24,personal,455.77,39,0
23,2,29900.0,598,0.43,1,0,9500.0,36,personal,638.11,22,0
43,6,34100.0,537,0.57,4,0,5000.0,12,personal,596.91,90,0
37,3,22000.0,483,0.26,1,0,24000.0,24,business,291.76,17,0
47,7,57600.0,602,0.1,1,1,13000.0,48,debt_consolidation,719.06,147,0
36,10,24000.0,438,0.26,0,0,8500.0,36,personal,164.31,58,0
58,2,54600.0,575,0.46,3,0,20000.0,36,education,679.78,200,0
35,13,27200.0,506,0.17,0,0,13000.0,36,debt_consolidation,1260.58,46,0
53,21,57400.0,449,0.07,0,1,16000.0,12,personal,406.21,103,0
56,8,46100.0,511,0.17,1,0,6000.0,36,personal,578.52,206,0
34,11,15000.0,537,0.21,1,0,9000.0,60,home_improvement,338.44,69,0
35,6,15000.0,410,0.18,1,0,12000.0,48,business,529.38,52,0
41,4,32500.0,483,0.2,1,0,5000.0,36,debt_consolidation,1018.06,56,0
50,16,20700.0,467,0.21,0,0,9500.0,36,personal,230.54,107,0
35,5,60500.0,517,0.39,2,0,31500.0,60,personal,3039.55,70,0
42,7,15000.0,431,0.12,0,0,5000.0,24,personal,321.55,81,0
51,16,35700.0,545,0.36,3,1,8000.0,24,personal,933.58,40,0
43,8,27300.0,413,0.23,1,1,7500.0,24,debt_consolidation,516.53,108,0
35,5,27100.0,548,0.29,2,0,8500.0,36,home_improvement,435.52,17,0
41,11,23600.0,526,0.2,0,0,5000.0,60,personal,996.96,75,0
26,6,27200.0,436,0.38,3,1,5000.0,12,personal,1026.92,11,1
66,6,32000.0,584,0.43,2,0,16000.0,24,personal,1374.14,260,0
40,11,33500.0,516,0.31,1,0,12500.0,12,home_improvement,1304.52,93,0
31,2,33400.0,498,0.35,1,2,10500.0,12,personal,100.0,28,1
38,8,15000.0,528,0.27,0,0,11500.0,36,debt_consolidation,306.4,51,0
35,7,27500.0,469,0.4,2,1,10000.0,12,personal,987.99,80,0
59,17,71400.0,688,0.42,2,0,20000.0,60,home_improvement,3173.73,19,0
35,6,24700.0,638,0.14,0,0,5000.0,12,personal,498.19,96,0
36,5,48600.0,540,0.16,1,0,13500.0,12,home_improvement,847.21,119,0
29,2,24800.0,355,0.17,0,0,11500.0,48,business,914.62,128,0
23,2,16900.0,406,0.26,0,1,17500.0,12,business,450.08,28,1
25,4,15000.0,547,0.5,1,0,5000.0,12,personal,137.44,32,0
40,11,40500.0,597,0.19,0,0,10500.0,24,home_improvement,1170.1,75,0
36,10,39200.0,533,0.22,1,1,7000.0,36,home_improvement,1211.42,41,0
28,4,34000.0,574,0.12,0,0,5000.0,12,debt_consolidation,908.84,91,0
34,5,21900.0,518,0.31,0,0,15000.0,48,home_improvement,648.7,42,0
52,18,38800.0,577,0.3,0,1,10000.0,60,debt_consolidation,708.97,155,0
28,2,17200.0,362,0.35,1,0,5000.0,12,debt_consolidation,465.04,56,0
38,0,26500.0,427,0.51,1,0,19000.0,36,education,806.21,138,0
23,3,34000.0,502,0.1,1,0,5500.0,12,home_improvement,685.48,38,0
38,5,22900.0,587,0.17,0,1,17500.0,12,debt_consolidation,674.47,79,0
47,15,67100.0,521,0.38,0,0,23500.0,24,home_improvement,3301.33,80,0
48,9,40300.0,583,0.07,0,0,15000.0,36,home_improvement,1538.84,83,0
58,22,59000.0,579,0.16,1,0,28000.0,48,personal,2755.16,51,0
39,12,17400.0,471,0.25,0,0,21000.0,24,debt_consolidation,235.14,97,0
55,30,66000.0,500,0.08,0,0,8500.0,12,personal,581.39,60,0
49,5,24500.0,546,0.44,4,0,8000.0,12,debt_consolidation,592.97,79,0
47,5,17800.0,540,0.46,0,0,22000.0,12,business,551.87,92,0
53,4,25800.0,502,0.12,0,0,11000.0,24,debt_consolidation,1017.53,60,0
31,5,45000.0,553,0.11,1,1,24000.0,48,personal,2395.63,30,0
38,9,35900.0,476,0.27,1,0,21500.0,48,business,1137.48,85,0
23,1,17200.0,543,0.4,2,0,9000.0,60,business,387.03,25,0
52,28,30800.0,562,0.32,2,0,7000.0,24,debt_consolidation,885.07,21,0
42,13,47100.0,630,0.18,1,0,5000.0,12,debt_consolidation,935.83,129,0
27,4,23200.0,540,0.22,1,1,5000.0,24,debt_consolidation,973.81,53,0
30,4,17100.0,538,0.34,1,0,5000.0,12,debt_consolidation,984.81,41,0
55,21,65800.0,669,0.42,1,1,29000.0,60,home_improvement,2110.64,214,0
31,4,15300.0,422,0.2,2,1,32500.0,48,home_improvement,431.5,48,1
38,7,15000.0,454,0.17,0,0,5000.0,12,personal,765.7,91,0
39,5,47400.0,442,0.35,0,0,11500.0,48,personal,1469.4,71,0
30,5,15000.0,411,0.19,2,0,12500.0,36,personal,398.29,48,0
47,15,24500.0,488,0.28,2,1,13500.0,12,business,699.6,123,0
39,2,15500.0,413,0.2,2,0,5000.0,36,home_improvement,264.9,55,0
47,18,25500.0,385,0.28,2,0,5000.0,24,debt_consolidation,533.47,32,0
29,7,15000.0,327,0.12,0,0,9000.0,36,personal,134.25,20,1
39,4,35800.0,531,0.19,0,0,9000.0,36,personal,757.42,26,0
51,12,30900.0,604,0.41,0,0,11000.0,24,personal,1457.49,139,0
31,2,15000.0,479,0.13,0,1,7500.0,60,debt_consolidation,220.93,60,0
50,6,22400.0,438,0.43,3,0,8000.0,12,personal,496.06,66,0
33,5,25600.0,577,0.33,1,0,22000.0,36,education,683.31,12,0
40,14,48300.0,613,0.16,1,0,28500.0,60,home_improvement,923.14,117,0
35,5,20600.0,403,0.19,1,1,16500.0,48,education,670.28,125,0
40,2,15000.0,493,0.33,0,0,5000.0,24,debt_consolidation,657.78,72,0
30,5,23700.0,400,0.47,2,0,5000.0,24,business,476.04,43,0
28,4,29500.0,513,0.3,2,1,8000.0,12,business,1195.07,37,0
47,5,31700.0,504,0.23,2,0,9000.0,36,debt_consolidation,279.63,43,0
47,12,23800.0,475,0.28,1,1,5000.0,48,personal,594.18,91,0
28,2,17700.0,406,0.16,0,1,5500.0,48,personal,597.72,32,0
42,14,42500.0,439,0.14,1,1,8500.0,12,personal,610.08,55,0
57,5,36000.0,532,0.33,2,0,19000.0,12,home_improvement,193.7,157,0
26,2,17200.0,475,0.2,1,1,17000.0,24,business,185.37,18,0
40,2,28200.0,488,0.37,0,0,21000.0,48,home_improvement,1464.2,81,0
29,4,17200.0,563,0.14,0,0,9500.0,48,debt_consolidation,914.24,33,0
48,14,30100.0,519,0.34,1,0,5000.0,60,debt_consolidation,741.62,75,0
26,4,27300.0,439,0.31,0,0,18500.0,12,personal,304.7,26,0
46,8,53400.0,547,0.41,2,0,5000.0,24,personal,1436.14,152,0
28,5,25000.0,480,0.41,1,0,5000.0,60,debt_consolidation,728.23,36,0
47,10,65400.0,485,0.49,3,0,21000.0,60,debt_consolidation,3763.39,96,0
60,11,38700.0,585,0.27,1,0,18500.0,24,home_improvement,2042.42,63,0
56,17,36200.0,586,0.23,1,1,6500.0,60,personal,909.23,155,0
47,3,20300.0,645,0.32,1,0,5000.0,12,debt_consolidation,194.59,73,0
42,13,20500.0,619,0.22,2,1,15000.0,48,home_improvement,378.51,36,0
46,10,33200.0,527,0.34,0,0,18000.0,60,personal,734.74,104,0
61,21,36000.0,577,0.23,1,0,6500.0,36,personal,1667.99,163,0
51,4,22800.0,573,0.25,2,0,6000.0,12,personal,631.44,100,0
29,4,20500.0,494,0.17,1,0,8000.0,24,home_improvement,1000.53,55,0
57,8,30100.0,530,0.37,2,0,5000.0,36,personal,858.4,33,0
34,5,37800.0,418,0.4,2,0,12000.0,12,education,1802.8,77,0
62,31,50100.0,484,0.21,1,0,14000.0,48,business,765.48,177,0
23,1,40000.0,498,0.13,1,0,13500.0,12,business,286.71,59,0
45,8,26700.0,617,0.4,1,0,18000.0,60,home_improvement,525.3,63,0
52,7,25300.0,453,0.38,3,1,18000.0,12,personal,467.84,129,0
44,10,23300.0,500,0.23,0,0,7000.0,12,business,235.73,67,0
41,10,29900.0,498,0.17,2,1,5000.0,48,debt_consolidation,1097.71,32,0
31,6,24600.0,520,0.27,3,1,14500.0,36,personal,1021.8,32,0
38,8,15100.0,490,0.27,1,0,17000.0,60,personal,406.88,74,0
27,6,18000.0,359,0.47,3,0,5000.0,60,debt_consolidation,343.02,28,0
37,13,40900.0,570,0.06,0,0,14500.0,12,personal,2249.87,76,0
26,4,17000.0,433,0.11,0,0,5500.0,36,personal,100.0,33,0
30,9,20400.0,410,0.27,2,0,8000.0,60,home_improvement,999.21,50,0
57,21,56500.0,603,0.24,1,1,17500.0,12,personal,2176.22,52,0
31,8,24900.0,541,0.23,0,0,13000.0,36,personal,674.9,37,0
34,3,25400.0,491,0.16,1,0,6000.0,48,business,714.03,32,0
36,6,21200.0,560,0.24,1,0,18000.0,60,personal,693.35,19,0
45,10,23000.0,490,0.39,3,0,17000.0,12,personal,788.16,127,0
55,14,54200.0,650,0.31,1,0,6000.0,36,personal,100.0,89,0
54,17,36200.0,576,0.45,2,0,8500.0,36,personal,663.43,79,0
54,11,29300.0,443,0.21,2,0,19500.0,12,home_improvement,1148.55,33,0
45,3,31400.0,531,0.14,1,1,14000.0,36,business,1035.71,51,0
33,9,34200.0,514,0.4,2,0,15000.0,48,business,786.07,105,0
36,11,21900.0,494,0.2,1,0,5000.0,36,personal,501.32,64,0
37,4,30200.0,517,0.15,1,0,12500.0,12,home_improvement,1501.68,129,0
45,9,39900.0,593,0.51,1,1,12000.0,48,business,1233.29,81,0
40,2,29000.0,541,0.2,1,0,15500.0,12,business,640.67,75,0
32,5,20400.0,474,0.39,1,0,5000.0,60,home_improvement,455.21,111,0
44,11,15000.0,580,0.65,4,0,8000.0,36,business,638.91,7,0
58,8,48300.0,727,0.05,0,0,20000.0,24,debt_consolidation,1448.41,64,0
29,5,27400.0,455,0.39,1,0,18500.0,12,home_improvement,847.21,1,0
55,13,45400.0,501,0.08,0,0,5000.0,24,debt_consolidation,2344.88,53,0
38,1,15600.0,574,0.2,2,0,5000.0,36,personal,567.61,42,0
43,2,26900.0,573,0.31,3,0,7000.0,36,personal,521.85,53,0
43,12,46800.0,556,0.25,2,0,9500.0,36,business,1172.31,127,0
41,3,17700.0,404,0.31,0,0,7000.0,36,personal,137.85,95,0
53,25,63100.0,499,0.28,1,0,10000.0,48,home_improvement,1420.22,161,0
44,9,17100.0,571,0.53,2,0,16000.0,36,debt_consolidation,424.32,43,0
31,2,41000.0,364,0.33,1,1,22000.0,48,debt_consolidation,172.25,45,0
43,14,34100.0,532,0.22,0,1,14500.0,36,home_improvement,1145.7,78,0
35,12,15000.0,346,0.32,1,1,10500.0,24,personal,567.73,53,0
52,27,50900.0,573,0.2,1,0,22500.0,12,debt_consolidation,452.74,205,0
53,11,48900.0,717,0.17,2,0,23500.0,24,home_improvement,1023.18,92,0
39,7,17000.0,510,0.05,0,1,12500.0,12,business,483.87,77,0
58,27,31000.0,659,0.29,0,0,5000.0,12,personal,889.98,102,0
47,10,19900.0,380,0.11,0,0,5000.0,12,business,630.55,86,0
40,13,32600.0,565,0.34,1,1,13000.0,60,debt_consolidation,1042.91,105,0
32,4,29900.0,513,0.09,0,0,13500.0,48,business,659.32,97,0
58,4,29300.0,516,0.14,0,0,13500.0,24,personal,669.91,151,0
27,2,17500.0,532,0.25,0,1,6500.0,12,business,809.8,29,0
60,19,19400.0,609,0.4,1,1,5000.0,12,debt_consolidation,305.02,206,0
45,7,54800.0,562,0.09,0,0,18000.0,24,home_improvement,598.11,117,0
55,12,56000.0,482,0.5,4,1,19000.0,24,home_improvement,1397.04,77,0
37,4,23600.0,502,0.24,2,0,14500.0,36,business,510.34,14,0
29,4,30100.0,474,0.24,2,0,7500.0,24,personal,1442.61,18,0
30,9,20900.0,451,0.18,0,1,10000.0,48,personal,244.77,58,0
39,13,34400.0,560,0.23,0,0,20500.0,12,business,1038.26,78,0
23,2,15000.0,428,0.39,0,0,18500.0,48,personal,188.71,9,0
49,14,41500.0,574,0.24,1,0,16500.0,12,home_improvement,1193.37,24,0
34,5,35500.0,520,0.14,1,0,5000.0,12,home_improvement,416.43,71,0
54,7,68800.0,573,0.37,5,1,28500.0,36,education,3837.48,160,0
37,4,22300.0,441,0.44,1,1,23500.0,48,education,397.03,85,1
41,10,37200.0,575,0.28,2,1,7000.0,24,business,955.61,79,0
54,2,27000.0,659,0.33,3,0,15000.0,24,personal,434.2,132,0
42,8,79900.0,576,0.19,1,0,17500.0,48,business,1627.49,38,0
40,12,36200.0,495,0.21,2,0,5500.0,36,business,670.62,84,0
28,7,42800.0,465,0.11,1,0,5000.0,24,home_improvement,1082.31,29,0
53,16,38500.0,560,0.27,2,1,7500.0,24,personal,581.63,79,0
29,4,21900.0,526,0.2,0,0,29500.0,24,debt_consolidation,393.23,62,0
42,14,26700.0,532,0.4,1,0,9000.0,12,home_improvement,607.32,130,0
53,12,52400.0,455,0.17,2,1,22000.0,48,business,545.54,107,0
56,12,24000.0,567,0.12,0,1,5000.0,12,business,1347.02,28,0
51,22,31200.0,506,0.21,0,0,5000.0,12,home_improvement,408.21,146,0
48,4,29400.0,503,0.18,1,0,6500.0,24,education,432.7,49,0
54,10,33600.0,484,0.42,4,1,5000.0,36,home_improvement,1432.92,76,0
52,5,22400.0,553,0.13,0,0,12000.0,12,home_improvement,917.21,23,0
33,10,22900.0,447,0.28,2,0,17500.0,48,home_improvement,447.68,45,0
27,2,21100.0,484,0.39,2,0,5000.0,36,personal,669.16,42,0
32,6,15900.0,415,0.1,0,0,5000.0,48,debt_consolidation,608.25,53,0
30,4,21300.0,509,0.45,0,0,14000.0,60,debt_consolidation,769.35,49,0
43,10,26900.0,476,0.37,2,0,5000.0,24,personal,661.17,66,0
38,7,27600.0,491,0.44,2,0,21500.0,36,education,696.64,108,0
42,17,36600.0,652,0.1,0,0,5000.0,48,home_improvement,533.54,114,0
27,2,21700.0,475,0.27,1,0,5000.0,12,home_improvement,203.19,54,1
45,10,53700.0,511,0.41,3,0,22500.0,12,education,2512.69,172,0
36,16,55400.0,398,0.34,1,0,15000.0,36,education,1044.8,136,0
51,31,44200.0,616,0.25,1,1,11500.0,48,home_improvement,585.82,39,0
34,3,16300.0,515,0.43,3,0,5000.0,24,personal,218.13,17,0
34,9,53400.0,444,0.37,3,0,27500.0,60,business,1796.34,106,0
57,14,45800.0,569,0.12,1,0,14000.0,12,debt_consolidation,1636.15,43,0
38,9,28400.0,463,0.43,2,1,6500.0,60,personal,486.94,171,0
57,21,57600.0,586,0.19,2,1,22000.0,24,home_improvement,1429.82,25,0
33,12,26800.0,524,0.34,1,0,5000.0,60,debt_consolidation,685.88,13,0
40,5,40900.0,583,0.19,0,0,5000.0,12,debt_consolidation,395.61,123,0
53,13,68400.0,467,0.38,2,1,23500.0,12,home_improvement,2469.78,143,0
58,12,31100.0,623,0.22,1,0,5000.0,36,debt_consolidation,1058.26,26,0
29,7,39700.0,497,0.21,1,0,13000.0,24,home_improvement,1292.74,8,0
24,2,45000.0,402,0.08,1,0,20000.0,24,business,1163.68,10,0
34,7,20100.0,461,0.29,0,0,5000.0,12,debt_consolidation,886.22,36,0
50,7,22700.0,645,0.4,1,0,15000.0,12,personal,1264.79,72,0
33,4,37000.0,539,0.32,0,0,22500.0,24,debt_consolidation,1108.98,134,0
30,6,32100.0,655,0.1,1,0,20500.0,48,debt_consolidation,529.86,30,0
41,8,35400.0,503,0.29,1,1,8500.0,36,home_improvement,549.36,46,0
32,6,19800.0,401,0.3,2,0,5000.0,24,debt_consolidation,315.13,34,0
30,5,31100.0,415,0.27,1,0,19000.0,12,education,465.06,53,0
43,17,39200.0,493,0.25,0,1,16500.0,48,debt_consolidation,899.6,105,0
40,9,19200.0,485,0.18,1,0,8500.0,48,personal,328.37,16,0
26,4,16900.0,456,0.17,0,0,5000.0,36,debt_consolidation,421.54,29,0
43,17,61700.0,469,0.39,0,0,10500.0,12,home_improvement,1176.76,70,0
38,8,15000.0,519,0.37,1,0,5000.0,12,personal,370.97,48,0
22,0,27700.0,433,0.29,2,0,15500.0,48,home_improvement,1478.15,13,0
39,14,50200.0,719,0.22,2,0,28500.0,48,personal,1264.78,32,0
32,5,20400.0,433,0.16,1,1,10000.0,36,home_improvement,658.56,59,0
25,3,15500.0,478,0.15,0,0,12500.0,60,personal,104.87,68,0
34,4,33300.0,540,0.25,1,1,26500.0,48,debt_consolidation,1520.78,25,0
41,16,33700.0,651,0.28,2,0,23000.0,60,personal,159.14,91,0
60,25,59400.0,517,0.24,1,0,7000.0,48,personal,1877.46,160,0
55,15,33900.0,524,0.41,2,0,19000.0,48,home_improvement,1010.47,117,0
34,8,19400.0,544,0.15,1,0,5000.0,24,debt_consolidation,198.94,19,0
46,8,27700.0,593,0.36,1,0,31500.0,48,home_improvement,1017.54,120,0
51,16,35700.0,624,0.18,1,0,12500.0,12,personal,1533.82,81,0
52,3,56200.0,509,0.33,2,0,29500.0,36,education,1153.58,68,0
29,7,19800.0,774,0.32,2,0,5000.0,60,debt_consolidation,752.37,17,0
51,9,82900.0,520,0.3,3,1,26500.0,24,home_improvement,812.93,134,0
49,20,23900.0,545,0.34,3,0,11500.0,48,personal,123.02,152,0
39,10,45000.0,582,0.12,0,0,12000.0,12,home_improvement,1402.74,108,0
36,1,27700.0,509,0.29,3,0,24000.0,60,personal,610.09,116,0
26,2,30100.0,496,0.32,1,0,16000.0,48,home_improvement,1385.87,79,0
55,10,31100.0,594,0.34,3,1,17000.0,36,personal,1050.91,198,0
49,5,19000.0,683,0.19,1,1,5500.0,12,home_improvement,463.3,124,0
28,5,39500.0,413,0.38,1,0,10000.0,12,home_improvement,1837.71,39,0
45,3,31300.0,557,0.13,0,0,5000.0,36,education,1265.85,35,0
45,8,26300.0,544,0.24,0,0,10500.0,36,debt_consolidation,464.65,143,0
31,4,43500.0,538,0.16,1,0,12500.0,24,debt_consolidation,529.36,61,0
61,11,26500.0,656,0.7,5,0,16500.0,12,home_improvement,429.96,68,0
29,8,23600.0,491,0.15,0,0,8000.0,48,business,117.92,108,0
42,13,24100.0,514,0.23,1,0,27500.0,12,education,1308.57,83,0
35,7,16900.0,493,0.26,0,0,22000.0,48,debt_consolidation,213.78,21,0
42,12,15000.0,440,0.36,1,2,14500.0,24,debt_consolidation,580.2,256,1
43,6,37500.0,438,0.15,1,0,16500.0,36,home_improvement,465.41,31,0
27,3,17500.0,494,0.16,0,0,5000.0,48,debt_consolidation,681.97,31,0
32,5,50300.0,558,0.22,3,0,17500.0,48,personal,799.91,46,0
47,24,22500.0,485,0.1,1,0,5000.0,24,business,210.24,133,0
56,9,39600.0,516,0.1,0,1,6000.0,12,debt_consolidation,1621.79,150,0
47,6,18800.0,524,0.25,1,0,9000.0,60,personal,628.22,11,0
28,7,18100.0,549,0.15,1,0,8000.0,24,education,824.14,31,0
33,11,23000.0,574,0.27,2,0,5500.0,12,debt_consolidation,401.61,56,0
38,15,43700.0,544,0.16,1,2,12500.0,36,personal,1739.23,106,0
53,23,42800.0,587,0.23,2,0,5000.0,12,business,1429.9,54,0
30,8,38700.0,571,0.31,0,0,14500.0,12,debt_consolidation,1549.07,65,0
36,13,33800.0,524,0.25,0,1,14500.0,24,personal,1190.64,42,0
49,4,31200.0,561,0.18,0,0,11000.0,36,home_improvement,1159.11,120,0
29,4,23900.0,390,0.32,1,0,33000.0,36,personal,375.36,18,0
38,6,54700.0,591,0.55,2,1,13000.0,36,personal,1562.6,94,0
56,11,29900.0,586,0.47,1,1,19500.0,60,education,1531.39,188,0
62,22,37500.0,588,0.35,2,0,17000.0,24,debt_consolidation,761.68,60,0
39,8,25800.0,475,0.16,0,0,14500.0,36,personal,148.8,82,0
47,14,56100.0,622,0.21,2,0,14000.0,48,education,1084.23,55,0
59,20,22900.0,543,0.16,1,0,14000.0,36,education,744.25,143,0
32,4,15000.0,479,0.31,2,0,9500.0,60,business,193.71,62,0
28,4,31000.0,542,0.34,1,0,10500.0,36,home_improvement,293.92,51,0
49,11,62100.0,651,0.5,2,0,22500.0,24,home_improvement,1746.8,88,0
35,3,27200.0,566,0.2,2,1,5000.0,12,personal,111.28,49,0
23,1,15000.0,546,0.1,0,0,8000.0,12,debt_consolidation,385.54,70,0
44,8,15000.0,622,0.32,2,0,15500.0,48,debt_consolidation,387.51,18,0
46,12,53700.0,666,0.29,1,0,37500.0,36,business,1411.19,124,0
35,4,27300.0,526,0.44,1,0,6500.0,12,business,827.52,97,0
24,2,15500.0,525,0.41,1,1,16500.0,48,business,515.08,28,0
43,6,34900.0,534,0.19,1,0,5500.0,24,personal,1373.94,128,0
39,4,36600.0,469,0.4,2,0,12000.0,24,education,887.36,41,0
35,1,15000.0,412,0.12,1,0,5000.0,36,debt_consolidation,233.04,55,0
37,6,16000.0,463,0.27,0,0,10000.0,36,business,106.17,70,0
51,17,34600.0,530,0.3,1,0,18500.0,24,home_improvement,856.68,94,0
35,13,15000.0,412,0.42,3,0,5000.0,60,business,101.65,51,0
31,11,15000.0,337,0.32,1,0,5000.0,36,business,244.38,47,0
44,11,33000.0,576,0.04,0,0,11500.0,36,home_improvement,778.6,70,0
45,9,31600.0,536,0.18,0,0,10000.0,36,debt_consolidation,399.17,138,0
51,9,44900.0,575,0.16,1,1,5500.0,24,personal,520.0,98,0
36,8,15000.0,406,0.53,1,1,14000.0,12,home_improvement,100.0,45,1
61,13,27700.0,539,0.26,3,0,10500.0,12,debt_consolidation,1271.31,235,0
49,23,33100.0,409,0.18,0,1,15500.0,36,personal,1017.48,13,0
42,3,25900.0,580,0.33,1,0,10000.0,12,personal,1110.13,100,0
44,6,43500.0,492,0.3,1,0,8000.0,60,personal,596.98,27,0
30,8,15000.0,585,0.23,0,1,11000.0,36,personal,111.46,25,0
35,5,22400.0,471,0.31,1,1,5000.0,60,education,1129.01,66,0
35,4,26600.0,434,0.27,1,0,11500.0,12,education,305.41,44,0
24,2,23600.0,433,0.48,2,0,14000.0,36,business,845.98,48,0
54,12,39500.0,590,0.43,2,0,29500.0,60,education,1514.93,169,0
42,7,47100.0,610,0.05,0,0,18000.0,60,home_improvement,1109.7,124,0
50,5,63500.0,604,0.18,1,0,19000.0,24,home_improvement,510.26,82,0
26,2,21200.0,515,0.49,2,0,11000.0,60,debt_consolidation,432.31,101,0
22,2,15000.0,337,0.18,1,1,13000.0,48,debt_consolidation,127.72,13,1
45,20,40800.0,548,0.28,1,0,16500.0,36,personal,137.8,131,0
36,14,31000.0,544,0.25,1,0,5000.0,12,home_improvement,455.96,80,0
27,6,26000.0,572,0.34,1,0,5000.0,48,business,586.89,52,0
37,5,37300.0,556,0.53,3,0,15000.0,48,business,1636.14,62,0
30,5,40700.0,553,0.32,1,1,10000.0,36,personal,2445.32,75,0
54,7,22100.0,458,0.25,1,0,10000.0,36,business,593.96,23,0
31,8,59900.0,676,0.24,1,0,20500.0,60,debt_consolidation,650.99,54,0
42,20,46900.0,491,0.47,1,0,30500.0,24,business,1467.82,85,0
41,7,16600.0,598,0.24,1,0,20000.0,24,debt_consolidation,468.52,150,0
62,3,45100.0,567,0.12,1,0,15500.0,60,home_improvement,1791.89,150,0
51,13,61500.0,593,0.21,2,0,13500.0,12,business,2976.94,132,0
26,2,23700.0,496,0.22,2,1,5000.0,48,business,878.48,11,0
26,2,19300.0,413,0.22,0,0,5000.0,24,home_improvement,143.71,13,0
36,6,31000.0,576,0.25,1,0,17000.0,48,home_improvement,1103.95,66,0
44,3,39000.0,586,0.18,2,0,12500.0,24,personal,606.29,14,0
33,6,36400.0,426,0.21,1,1,6000.0,24,business,1856.51,11,0
30,4,40300.0,535,0.32,0,0,11500.0,48,personal,1007.85,13,0
48,3,26200.0,547,0.34,3,0,5000.0,36,education,1019.63,134,0
55,21,48900.0,512,0.34,1,1,5000.0,24,business,1613.02,72,0
62,14,42300.0,455,0.34,4,1,22000.0,12,personal,1277.23,167,0
38,14,43200.0,457,0.03,0,0,5000.0,12,home_improvement,1552.62,27,0
50,26,40300.0,612,0.42,4,0,17000.0,48,home_improvement,1672.23,116,0
46,2,21600.0,520,0.25,0,0,5000.0,12,education,884.86,98,0
53,12,37100.0,498,0.16,0,1,13000.0,12,debt_consolidation,1265.25,114,0
49,4,23900.0,649,0.1,0,0,19000.0,12,home_improvement,632.34,62,0
40,16,72600.0,574,0.13,0,1,14000.0,48,personal,831.37,128,0
35,7,16700.0,402,0.24,0,0,7000.0,36,home_improvement,701.98,61,0
32,3,21800.0,496,0.38,0,0,5000.0,48,debt_consolidation,487.7,48,0
24,1,23000.0,339,0.27,1,0,5000.0,36,debt_consolidation,414.03,12,0
26,2,31200.0,562,0.32,1,0,13500.0,24,personal,1970.64,35,0
32,3,15000.0,551,0.39,2,0,10500.0,12,debt_consolidation,661.27,53,0
63,30,29800.0,625,0.18,1,1,25500.0,12,home_improvement,533.79,165,0
28,3,20100.0,347,0.23,1,0,6500.0,48,debt_consolidation,233.89,26,0
46,18,28400.0,602,0.41,1,0,13500.0,48,personal,636.95,62,0
45,10,23300.0,510,0.42,1,0,17000.0,12,home_improvement,748.38,74,0
40,7,31800.0,501,0.44,2,0,5000.0,48,debt_consolidation,1091.98,87,0
32,4,56800.0,573,0.37,2,0,23000.0,12,debt_consolidation,207.23,5,0
51,15,43700.0,563,0.33,1,1,6500.0,48,business,590.86,58,0
36,5,42000.0,615,0.27,2,0,10000.0,12,personal,199.14,80,0
28,3,38300.0,440,0.14,0,0,5000.0,24,debt_consolidation,2239.58,21,0
47,16,60600.0,665,0.36,3,0,5000.0,12,business,1673.14,111,0
34,6,42700.0,413,0.24,0,0,5000.0,12,education,2212.93,18,0
31,2,23500.0,535,0.41,2,0,7000.0,24,home_improvement,624.27,38,0
46,18,27000.0,661,0.13,0,0,5000.0,60,debt_consolidation,319.64,103,0
40,8,34300.0,443,0.2,0,0,10000.0,24,education,879.48,103,0
51,18,40700.0,463,0.28,1,0,7500.0,12,education,2187.93,104,0
28,2,25200.0,508,0.26,1,0,31500.0,24,education,764.05,9,0
34,10,43600.0,556,0.37,0,0,25000.0,12,debt_consolidation,1317.57,23,0
60,12,35600.0,408,0.21,2,0,13500.0,48,business,559.84,153,0
49,2,18400.0,649,0.28,1,0,14500.0,24,personal,863.37,100,0
24,3,19800.0,442,0.29,1,1,12000.0,36,business,444.63,93,0
57,16,43100.0,454,0.29,1,0,17000.0,24,personal,616.57,125,0
29,9,40700.0,457,0.13,0,0,8500.0,24,business,1390.21,36,0
45,17,54700.0,549,0.39,4,0,11000.0,36,home_improvement,1196.7,69,0
30,9,51800.0,540,0.3,2,2,28500.0,24,business,196.06,21,0
45,5,17500.0,530,0.48,1,0,6500.0,60,education,612.27,98,0
55,13,32700.0,519,0.58,6,1,10500.0,36,personal,995.46,161,0
40,5,28400.0,529,0.1,0,0,17500.0,36,home_improvement,400.43,58,0
32,8,24900.0,454,0.17,1,1,20500.0,24,debt_consolidation,720.37,7,1
35,6,37900.0,401,0.47,4,0,16000.0,12,business,1241.71,26,0
27,3,25500.0,519,0.12,0,0,5000.0,36,education,361.75,99,0
54,20,57800.0,562,0.51,4,1,22500.0,36,business,1586.36,98,0
38,10,26200.0,410,0.31,2,1,11500.0,24,debt_consolidation,420.01,134,0
54,6,35600.0,576,0.42,1,1,13000.0,36,debt_consolidation,373.72,96,0
43,2,31300.0,520,0.41,1,0,22500.0,24,home_improvement,1188.22,125,0
37,12,24600.0,599,0.29,2,0,10000.0,12,education,212.75,54,0
27,3,30800.0,560,0.59,2,0,15000.0,36,home_improvement,1592.8,8,0
27,4,40100.0,452,0.09,0,1,5000.0,12,home_improvement,298.91,6,0
45,5,32100.0,495,0.3,0,0,5000.0,24,debt_consolidation,284.55,20,0
25,2,27200.0,473,0.23,1,0,8500.0,60,debt_consolidation,422.47,16,0
55,5,44400.0,665,0.5,5,0,16000.0,60,business,1420.17,136,0
26,1,15000.0,593,0.19,1,0,5000.0,12,debt_consolidation,310.34,24,0
32,7,19500.0,489,0.34,1,1,11000.0,48,debt_consolidation,478.14,100,0
39,4,23500.0,581,0.19,1,1,20500.0,48,debt_consolidation,100.0,258,0
38,10,54800.0,561,0.33,1,0,13000.0,36,debt_consolidation,1711.51,18,0
54,7,18500.0,474,0.4,2,0,19500.0,12,home_improvement,262.06,134,0
47,8,74900.0,584,0.27,2,0,22000.0,12,debt_consolidation,2539.3,103,0
40,8,60800.0,481,0.14,1,0,22000.0,36,personal,2174.36,74,0
23,1,17800.0,442,0.13,0,0,5000.0,12,debt_consolidation,581.79,24,0
40,5,30300.0,547,0.25,2,0,8000.0,12,education,796.45,92,0
40,8,58900.0,590,0.53,2,0,30500.0,60,business,1450.43,90,0
41,4,18300.0,417,0.42,3,0,5500.0,12,personal,159.82,60,0
24,4,17700.0,406,0.21,1,1,16000.0,24,personal,361.96,11,1
34,5,22600.0,439,0.24,0,0,5000.0,48,debt_consolidation,1261.8,60,0
24,4,31900.0,425,0.1,1,0,8500.0,24,education,1945.15,86,0
39,2,16500.0,483,0.15,1,0,5000.0,24,business,331.74,95,0
50,17,50100.0,530,0.44,2,0,17500.0,36,personal,2094.61,39,0
59,11,25700.0,657,0.17,0,0,5000.0,24,debt_consolidation,890.14,107,0
30,9,17400.0,552,0.25,0,0,5000.0,12,debt_consolidation,1031.54,80,0
53,11,15000.0,513,0.21,2,0,13000.0,12,debt_consolidation,726.77,171,0
36,6,15000.0,536,0.58,2,0,5000.0,36,personal,462.14,115,0
48,20,28700.0,439,0.37,2,0,19000.0,12,home_improvement,115.39,61,0
40,17,42600.0,632,0.22,0,0,27500.0,24,business,674.93,77,0
39,9,38400.0,629,0.29,3,0,18000.0,60,business,1204.87,28,0
37,7,29900.0,500,0.18,1,1,9000.0,48,personal,1049.66,52,0
39,9,34900.0,397,0.55,2,2,5500.0,12,personal,1662.81,114,0
31,2,25800.0,516,0.06,0,0,6500.0,48,education,348.68,31,0
36,10,25700.0,605,0.14,1,1,8500.0,36,personal,731.43,15,0
48,23,64600.0,487,0.37,3,1,12500.0,36,home_improvement,2949.84,115,0
37,12,23400.0,417,0.29,0,1,20500.0,36,education,166.12,85,0
39,7,60200.0,617,0.2,1,0,22000.0,36,home_improvement,2335.39,23,0
31,5,32000.0,469,0.11,0,1,16500.0,24,personal,1107.98,42,0
33,5,27200.0,490,0.33,2,0,19500.0,36,debt_consolidation,1195.63,49,0
44,12,40300.0,539,0.06,0,0,5000.0,48,education,1204.28,29,0
56,3,63400.0,454,0.16,1,0,12000.0,24,education,128.84,176,0
54,19,106200.0,661,0.17,2,0,24000.0,12,home_improvement,5447.95,112,0
40,3,30800.0,556,0.31,1,0,19500.0,48,home_improvement,552.27,74,0
61,24,20500.0,410,0.13,0,0,5000.0,60,personal,507.39,79,0
54,30,42000.0,613,0.09,0,0,17500.0,48,home_improvement,972.07,188,0
31,3,21900.0,458,0.09,0,1,5000.0,12,education,702.19,83,0
29,7,19600.0,489,0.11,0,0,29500.0,12,home_improvement,321.75,45,0
48,22,118500.0,457,0.12,1,0,21000.0,60,debt_consolidation,4547.89,112,0
43,9,30400.0,479,0.4,2,0,5000.0,24,personal,668.28,83,0
39,17,25700.0,476,0.21,2,0,14000.0,12,debt_consolidation,132.92,107,0
51,5,35900.0,506,0.39,3,0,23000.0,24,home_improvement,1940.16,23,0
51,3,39700.0,634,0.23,1,0,5000.0,12,personal,429.54,107,0
33,9,31100.0,402,0.4,0,0,5000.0,12,business,1220.51,44,0
41,4,26900.0,510,0.31,1,0,8500.0,48,debt_consolidation,670.23,18,0
41,10,40600.0,619,0.2,1,0,11000.0,12,personal,815.18,143,0
37,8,23700.0,557,0.16,0,2,11500.0,12,debt_consolidation,368.1,47,0
42,5,26000.0,422,0.32,0,0,23000.0,24,personal,660.0,35,0
37,10,41200.0,534,0.34,2,0,25000.0,12,personal,607.49,73,0
32,2,16200.0,547,0.54,3,0,7500.0,12,business,157.73,68,0
33,7,27200.0,462,0.24,1,0,5000.0,60,home_improvement,698.4,33,0
51,11,38500.0,479,0.2,2,0,15500.0,24,personal,1053.39,129,0
34,10,40500.0,507,0.27,0,0,8000.0,36,home_improvement,182.51,79,0
52,12,33600.0,567,0.52,4,0,11500.0,24,education,1445.78,126,0
26,0,16000.0,435,0.31,1,0,5000.0,24,education,126.15,14,0
29,2,38300.0,472,0.22,1,1,5000.0,36,debt_consolidation,1671.54,31,0
43,7,26000.0,537,0.32,3,1,16000.0,24,home_improvement,1166.91,156,0
37,12,29900.0,444,0.29,1,0,11000.0,24,business,1333.63,110,0
34,3,33900.0,393,0.11,0,0,8000.0,24,home_improvement,1064.21,35,0
24,0,25000.0,413,0.42,2,0,8000.0,60,debt_consolidation,1139.12,19,0
35,10,38800.0,572,0.38,2,1,8000.0,12,home_improvement,1053.58,67,0
40,3,36200.0,523,0.35,3,1,19000.0,48,personal,311.98,79,0
30,3,35900.0,491,0.29,1,0,13500.0,60,personal,326.39,49,0
25,1,32600.0,500,0.13,1,1,20000.0,12,education,1002.1,30,0
38,6,19100.0,493,0.27,0,0,5000.0,60,debt_consolidation,710.83,86,0
38,16,28400.0,500,0.34,0,0,8500.0,24,home_improvement,771.95,27,0
50,15,25300.0,550,0.51,6,0,5000.0,36,debt_consolidation,472.16,35,0
55,13,73100.0,532,0.21,2,0,15000.0,24,personal,2997.11,15,0
30,10,32900.0,507,0.09,1,0,14500.0,48,home_improvement,117.52,47,0
40,5,30800.0,568,0.23,1,0,7500.0,36,personal,523.0,42,0
38,8,43100.0,544,0.44,3,0,21500.0,24,personal,1309.73,80,0
57,23,32600.0,561,0.15,0,0,16500.0,60,personal,1279.02,178,0
30,3,15000.0,487,0.24,0,0,5000.0,24,debt_consolidation,690.13,101,0
41,7,19100.0,557,0.4,1,0,5000.0,36,business,772.41,115,0
23,3,19900.0,437,0.36,1,0,13500.0,24,education,183.86,107,0
44,1,35900.0,561,0.35,1,0,13000.0,48,education,1811.68,42,0
59,16,43200.0,619,0.2,0,0,8000.0,36,personal,518.78,85,0
44,23,42100.0,620,0.08,0,2,5000.0,12,personal,2060.96,106,0
39,9,29200.0,589,0.27,0,0,6000.0,12,personal,356.77,97,0
43,5,30900.0,545,0.33,1,0,21500.0,36,debt_consolidation,100.0,21,0
48,22,41600.0,564,0.32,2,0,11000.0,36,personal,2199.92,22,0
40,14,20600.0,608,0.27,1,0,20000.0,60,business,728.07,37,0
26,5,23600.0,543,0.16,0,0,14000.0,48,debt_consolidation,219.69,22,0
56,16,36900.0,603,0.36,0,1,5000.0,24,personal,876.02,57,0
51,28,41600.0,649,0.21,1,0,6500.0,48,debt_consolidation,2235.4,45,0
26,1,33800.0,462,0.15,0,0,5000.0,60,business,270.37,27,0
38,4,33500.0,497,0.43,1,0,5000.0,24,home_improvement,854.62,94,0
42,16,24800.0,596,0.17,1,0,16500.0,48,business,167.57,29,0
36,3,17200.0,475,0.44,1,0,5000.0,36,home_improvement,497.34,80,0
60,4,25400.0,561,0.5,3,1,5000.0,36,education,753.1,186,1
43,10,27300.0,445,0.28,0,0,31500.0,24,debt_consolidation,440.37,76,0
43,16,52800.0,544,0.2,0,0,13000.0,36,business,2471.87,47,0
46,15,42900.0,676,0.31,0,0,19000.0,48,home_improvement,1633.68,76,0
25,1,18000.0,522,0.4,1,0,5000.0,48,debt_consolidation,442.72,13,0
38,10,46000.0,505,0.41,2,0,7000.0,36,debt_consolidation,2070.26,88,0
35,5,18500.0,492,0.22,1,0,5000.0,12,personal,481.57,58,0
43,9,34500.0,526,0.6,4,0,17500.0,24,personal,1278.45,76,0
37,9,34100.0,614,0.28,0,0,11000.0,24,personal,684.96,124,0
40,11,33000.0,486,0.12,0,0,9500.0,12,home_improvement,400.03,28,0
31,6,27100.0,590,0.24,0,0,5000.0,36,home_improvement,713.33,101,0
63,27,55300.0,523,0.52,5,0,14000.0,36,business,1138.88,131,0
38,3,19300.0,585,0.42,1,1,5000.0,24,debt_consolidation,539.19,26,0
29,5,17100.0,380,0.22,1,0,26000.0,60,home_improvement,601.44,23,0
45,17,47900.0,669,0.26,3,0,22500.0,12,personal,1583.58,105,0
46,6,26600.0,627,0.15,1,0,5000.0,12,debt_consolidation,1056.83,33,0
32,3,29700.0,521,0.37,1,0,7500.0,48,debt_consolidation,490.54,88,0
24,4,25500.0,541,0.24,0,0,5000.0,60,debt_consolidation,426.31,35,0
46,14,33300.0,487,0.29,0,1,16500.0,48,home_improvement,519.42,113,0
64,27,27500.0,666,0.22,1,0,5000.0,48,business,784.81,52,0
53,4,44800.0,539,0.61,3,0,14000.0,60,personal,945.98,98,0
43,7,30500.0,498,0.2,2,0,17500.0,48,home_improvement,1003.74,131,0
48,3,27000.0,469,0.08,0,0,16000.0,36,education,401.57,116,0
53,18,23500.0,627,0.21,1,0,6500.0,24,personal,733.31,204,0
45,6,28400.0,526,0.36,3,0,5500.0,12,personal,665.36,24,0
34,8,21700.0,551,0.16,0,0,7000.0,24,debt_consolidation,220.63,39,0
31,4,23100.0,524,0.38,2,0,5000.0,12,debt_consolidation,806.64,53,0
33,3,32700.0,509,0.19,2,0,14000.0,60,home_improvement,494.7,48,0
54,16,19600.0,526,0.34,3,0,8500.0,36,debt_consolidation,882.95,107,0
29,6,45600.0,459,0.17,1,0,14000.0,36,home_improvement,778.93,85,0
57,21,46000.0,534,0.59,4,0,17500.0,48,home_improvement,1634.47,143,0
36,8,23500.0,435,0.16,1,0,9000.0,24,education,291.98,43,0
65,17,50200.0,650,0.11,1,0,9500.0,36,home_improvement,1239.14,71,0
33,7,24900.0,622,0.23,1,0,26500.0,24,debt_consolidation,783.61,15,0
47,5,27900.0,483,0.44,2,1,11000.0,24,home_improvement,212.79,241,0
50,19,75800.0,558,0.23,2,0,22500.0,48,debt_consolidation,1519.48,7,0
39,4,33300.0,595,0.18,0,0,5500.0,36,home_improvement,686.31,62,0
31,1,30900.0,528,0.26,0,0,8500.0,12,personal,1185.72,47,0
33,13,25300.0,607,0.06,0,1,5000.0,48,debt_consolidation,647.1,51,0
49,17,41700.0,529,0.27,1,0,17500.0,60,personal,1032.05,105,0
40,6,15000.0,560,0.19,2,0,6500.0,12,business,168.13,73,0
43,11,52000.0,531,0.21,0,1,17000.0,12,personal,472.01,6,0
51,17,31000.0,488,0.35,0,0,7500.0,24,debt_consolidation,313.33,115,0
41,15,21900.0,446,0.59,3,0,5000.0,48,personal,267.2,50,0
34,5,24800.0,519,0.29,0,1,14000.0,60,debt_consolidation,188.54,21,0
28,5,23500.0,498,0.12,1,1,22500.0,36,personal,554.81,98,0
58,27,17800.0,575,0.11,1,0,6500.0,12,home_improvement,441.16,237,0
42,7,23600.0,600,0.14,1,0,5500.0,24,debt_consolidation,903.68,109,0
65,22,63900.0,694,0.26,1,0,16500.0,12,home_improvement,604.29,50,0
58,10,33900.0,613,0.52,3,0,21500.0,12,education,789.64,65,0
59,20,48000.0,566,0.14,0,0,5000.0,24,personal,597.82,211,0
26,7,21700.0,496,0.16,0,0,11000.0,12,personal,609.31,25,0
42,9,26400.0,444,0.55,1,0,5000.0,12,home_improvement,674.74,132,0
57,32,43200.0,570,0.45,3,0,5000.0,36,business,1467.65,155,0
48,7,30800.0,536,0.31,3,1,15000.0,24,personal,688.77,39,0
42,2,24100.0,476,0.27,3,0,9000.0,48,education,566.74,114,0
36,6,40600.0,455,0.24,2,0,10000.0,48,personal,1020.83,56,0
33,5,15000.0,487,0.31,0,0,10500.0,36,business,472.04,13,0
29,2,15000.0,552,0.26,0,1,10500.0,24,business,135.59,181,0
49,14,32500.0,515,0.59,3,0,17500.0,48,home_improvement,1039.82,139,0
50,12,59300.0,516,0.16,2,1,13000.0,36,personal,902.54,91,0
27,3,19300.0,491,0.29,1,0,5000.0,36,home_improvement,592.2,54,0
31,3,44700.0,438,0.31,0,1,21500.0,24,education,727.01,27,0
45,7,33800.0,525,0.41,1,0,20000.0,60,education,413.92,151,1
49,18,45500.0,509,0.06,0,1,12500.0,48,debt_consolidation,370.08,131,0
34,3,35100.0,440,0.27,1,0,10500.0,12,debt_consolidation,1731.17,55,0
39,15,25100.0,491,0.51,2,0,11500.0,36,business,268.57,69,0
54,6,26500.0,464,0.33,1,0,12500.0,24,personal,530.34,179,0
48,13,45100.0,642,0.35,1,1,12500.0,24,personal,2125.95,114,0
34,4,24900.0,471,0.51,3,0,19500.0,12,personal,849.62,81,0
50,14,35300.0,561,0.28,1,1,16500.0,24,personal,738.77,74,0
37,10,26200.0,476,0.34,3,0,5000.0,12,personal,687.62,54,0
42,5,40800.0,480,0.25,1,1,16000.0,48,business,668.26,93,0
40,8,20900.0,491,0.59,3,0,7000.0,24,personal,379.3,82,0
42,1,28800.0,395,0.19,0,0,7500.0,24,personal,980.47,179,0
37,12,36800.0,570,0.14,0,0,5000.0,12,education,1163.42,108,0
54,9,17900.0,563,0.33,2,0,13000.0,24,personal,690.27,82,0
31,6,35400.0,607,0.41,1,0,8500.0,36,debt_consolidation,481.2,55,0
37,6,25600.0,536,0.34,3,0,11000.0,60,home_improvement,502.87,46,0
29,5,20900.0,368,0.16,0,1,21500.0,48,personal,339.77,39,0
50,20,95600.0,661,0.26,2,0,22000.0,60,business,1392.85,59,0
27,1,16700.0,490,0.29,1,1,12000.0,12,personal,704.49,62,0
31,4,32700.0,598,0.26,0,0,15000.0,12,personal,857.45,101,0
28,4,23800.0,496,0.34,1,0,27500.0,48,home_improvement,862.48,41,0
40,6,38300.0,643,0.28,1,0,5000.0,12,education,729.22,59,0
46,15,69900.0,648,0.19,1,1,19000.0,24,education,2407.07,138,0
34,4,18400.0,452,0.17,0,0,10000.0,60,home_improvement,374.79,22,0
54,9,19400.0,541,0.21,1,0,13000.0,12,personal,429.08,70,0
52,4,32300.0,510,0.09,0,1,5000.0,24,debt_consolidation,830.27,157,0
32,4,28700.0,560,0.33,0,0,6000.0,12,personal,323.96,60,0
39,11,36100.0,525,0.2,0,1,22000.0,24,personal,658.48,16,0
34,3,25800.0,401,0.21,2,0,5000.0,60,education,1318.71,33,0
36,11,18400.0,402,0.38,2,0,9000.0,24,personal,247.6,57,0
32,4,25900.0,544,0.39,1,1,5000.0,60,home_improvement,814.86,80,0
44,4,38500.0,513,0.5,1,0,10000.0,36,business,280.85,76,0
58,36,81200.0,623,0.39,2,0,17500.0,12,personal,1018.27,141,0
32,8,26700.0,579,0.24,1,0,18500.0,48,personal,937.5,71,0
36,9,24400.0,319,0.3,2,0,19000.0,36,personal,268.11,69,0
37,1,15000.0,447,0.25,0,1,6500.0,12,business,516.89,34,0
41,12,71100.0,438,0.14,1,0,25000.0,36,debt_consolidation,414.24,110,0
38,9,19900.0,424,0.39,2,1,12500.0,12,home_improvement,520.97,55,0
40,10,30500.0,649,0.15,0,0,24500.0,60,debt_consolidation,579.81,182,0
52,7,55300.0,461,0.4,1,0,26000.0,24,business,2252.6,201,0
35,7,28500.0,555,0.12,0,0,10000.0,12,business,1108.64,108,0
37,3,15400.0,596,0.21,0,0,17000.0,24,business,434.43,67,0
38,9,32000.0,511,0.33,0,1,11000.0,36,personal,315.98,33,0
50,17,31000.0,545,0.16,1,0,5000.0,48,home_improvement,986.07,241,0
49,3,25800.0,505,0.56,3,0,10000.0,24,home_improvement,757.24,170,0
35,12,55900.0,496,0.17,1,0,15500.0,12,home_improvement,1536.72,18,0
68,24,25700.0,514,0.4,0,2,25000.0,24,home_improvement,621.6,72,0
52,11,35600.0,577,0.46,1,0,16000.0,24,personal,100.0,46,0
27,3,15000.0,399,0.16,0,0,5000.0,12,debt_consolidation,385.19,29,0
38,11,23000.0,557,0.21,0,1,25500.0,36,debt_consolidation,907.58,93,0
26,4,21400.0,576,0.33,3,0,8000.0,36,debt_consolidation,405.14,13,0
40,11,27200.0,555,0.34,2,0,8500.0,12,education,260.75,88,0
31,5,34900.0,508,0.36,1,1,5000.0,24,home_improvement,429.97,44,0
39,17,33500.0,435,0.18,0,1,5000.0,12,personal,1316.79,80,0
49,15,30000.0,531,0.5,3,0,13000.0,12,business,492.32,43,0
52,17,35700.0,611,0.31,0,0,26500.0,36,home_improvement,724.89,160,0
47,15,42400.0,637,0.48,2,0,12000.0,12,debt_consolidation,1219.55,130,0
48,24,78300.0,632,0.21,0,0,13000.0,12,personal,2009.0,23,0
53,2,58200.0,519,0.14,0,1,5000.0,48,home_improvement,1629.35,92,0
45,13,30400.0,487,0.39,1,0,9000.0,12,personal,1428.1,67,0
36,6,52300.0,489,0.27,0,0,5500.0,12,business,2012.47,23,0
25,5,23200.0,497,0.3,1,0,7000.0,24,debt_consolidation,366.18,5,0
45,11,20900.0,589,0.3,1,0,5000.0,12,business,200.51,70,0
24,4,15300.0,409,0.28,0,0,5000.0,12,personal,357.93,50,0
32,7,22600.0,560,0.26,0,1,5000.0,36,education,861.78,25,0
27,3,15000.0,481,0.3,1,0,15000.0,24,debt_consolidation,446.21,60,0
59,5,18300.0,544,0.6,1,0,5000.0,36,education,291.89,190,0
61,13,67800.0,666,0.47,4,0,18500.0,60,business,3252.88,85,0
36,7,22600.0,403,0.24,2,0,14000.0,60,personal,917.68,76,0
55,6,32200.0,561,0.3,2,1,18000.0,48,debt_consolidation,801.46,33,0
52,9,35900.0,520,0.18,0,0,11000.0,12,business,1419.83,41,0
62,28,60500.0,567,0.1,0,0,33500.0,12,home_improvement,2827.4,87,0
43,11,71500.0,481,0.35,1,0,18000.0,60,personal,550.66,131,0
37,8,26300.0,568,0.21,0,0,10500.0,12,personal,781.34,93,0
48,13,70200.0,636,0.47,0,0,32500.0,60,debt_consolidation,2436.58,43,0
24,2,64900.0,476,0.21,2,0,21500.0,36,home_improvement,1111.89,18,0
57,13,30400.0,494,0.19,1,0,5000.0,48,business,507.76,69,0
41,4,34900.0,569,0.26,2,1,14500.0,36,personal,1134.93,54,0
34,3,43400.0,466,0.26,3,0,15500.0,12,education,1151.84,30,0
58,19,19800.0,569,0.3,0,0,5000.0,36,business,272.03,182,0
33,8,17700.0,363,0.1,0,0,8000.0,48,home_improvement,212.04,142,0
54,10,52500.0,543,0.41,2,0,5000.0,12,education,1280.8,31,0
39,5,25800.0,454,0.37,3,0,5000.0,48,personal,807.22,28,0
38,10,38200.0,514,0.42,1,0,21000.0,12,home_improvement,304.91,64,0
35,10,63800.0,599,0.39,2,0,30000.0,60,personal,2288.28,16,0
47,18,28300.0,655,0.33,2,0,26000.0,36,education,980.3,108,0
29,3,18200.0,486,0.11,0,1,11000.0,60,business,587.39,99,0
34,8,36500.0,475,0.41,1,1,25000.0,60,debt_consolidation,731.55,44,0
26,5,31200.0,445,0.44,1,1,5000.0,24,debt_consolidation,970.32,33,0
60,22,23300.0,659,0.24,0,0,17000.0,24,debt_consolidation,368.29,56,0
30,6,19900.0,384,0.18,0,2,6500.0,36,home_improvement,312.78,50,0
37,3,34000.0,448,0.17,1,0,18500.0,24,debt_consolidation,441.51,69,0
53,2,28100.0,609,0.39,2,0,5000.0,36,business,626.13,38,0
43,12,37400.0,608,0.34,1,0,5000.0,12,business,906.66,3,0
40,8,43800.0,529,0.41,2,0,19500.0,24,home_improvement,437.43,17,0
60,6,33300.0,482,0.28,3,0,21000.0,12,debt_consolidation,117.84,145,0
40,7,19700.0,482,0.24,1,1,5000.0,12,home_improvement,252.5,75,1
30,3,20400.0,377,0.34,1,0,8500.0,12,home_improvement,206.15,20,0
49,13,37500.0,517,0.37,3,1,24500.0,36,personal,1603.83,5,0
47,7,37800.0,579,0.22,1,0,12000.0,36,home_improvement,999.7,10,0
42,14,39800.0,446,0.15,1,0,13000.0,48,home_improvement,2360.55,113,0
51,26,19500.0,498,0.22,2,0,6500.0,24,home_improvement,741.99,96,0
54,18,38400.0,659,0.32,1,0,5000.0,48,debt_consolidation,868.27,25,0
60,23,47900.0,559,0.34,1,0,11000.0,60,home_improvement,604.61,161,0
25,2,18000.0,533,0.19,0,0,5000.0,24,personal,693.27,46,0
42,7,47300.0,400,0.21,1,1,18000.0,24,home_improvement,594.15,53,0
32,1,15000.0,503,0.32,2,0,14000.0,36,home_improvement,302.16,36,0
41,11,25200.0,586,0.29,1,0,5000.0,24,education,972.14,10,0
31,6,33700.0,548,0.18,2,0,6500.0,24,business,857.6,35,0
36,6,22900.0,492,0.29,2,0,10500.0,12,business,152.66,53,0
53,4,84300.0,614,0.53,4,0,24500.0,12,education,1839.07,30,0
44,1,27400.0,576,0.07,0,0,11500.0,48,home_improvement,405.29,136,0
26,2,25100.0,441,0.27,0,1,13000.0,12,home_improvement,386.59,38,0
38,12,23300.0,355,0.43,2,1,5500.0,24,personal,1190.32,45,1
44,9,38300.0,559,0.08,0,0,15500.0,24,home_improvement,282.01,19,0
46,17,48600.0,564,0.4,5,1,7500.0,12,education,1210.43,63,0
38,10,39400.0,573,0.4,2,0,8000.0,12,debt_consolidation,621.65,98,0
43,17,36500.0,546,0.14,1,1,25500.0,48,business,601.19,84,0
43,12,22600.0,421,0.31,2,0,13500.0,48,home_improvement,943.6,14,0
41,7,37300.0,581,0.48,1,0,14000.0,36,personal,900.01,149,0
38,11,29000.0,466,0.25,1,0,19000.0,36,home_improvement,1031.57,5,0
46,9,21900.0,528,0.37,5,0,20000.0,24,debt_consolidation,959.97,91,0
46,13,33000.0,511,0.19,0,0,19000.0,60,home_improvement,503.58,101,0
38,6,30700.0,518,0.3,2,0,5000.0,36,personal,1167.21,54,0
33,3,31900.0,542,0.07,0,0,12000.0,24,home_improvement,546.89,63,0
32,2,25000.0,545,0.22,1,0,5000.0,48,debt_consolidation,602.22,75,0
53,2,34400.0,497,0.33,2,0,25000.0,24,personal,304.88,65,0
39,11,34100.0,458,0.26,0,0,13500.0,24,home_improvement,1644.96,52,0
35,2,25700.0,558,0.3,2,1,14500.0,12,business,905.1,23,0
45,4,32700.0,521,0.08,0,1,8500.0,48,home_improvement,689.61,159,0
47,5,15000.0,530,0.34,2,0,10000.0,12,personal,214.89,128,0
47,5,36400.0,651,0.34,1,0,5000.0,12,home_improvement,985.34,143,0
34,7,67600.0,574,0.18,2,0,23000.0,12,personal,901.71,17,0
29,4,16300.0,555,0.3,2,0,11500.0,48,home_improvement,375.2,8,0
45,11,31000.0,505,0.4,3,0,5000.0,60,home_improvement,1097.93,126,0
32,5,30100.0,422,0.26,2,0,16500.0,36,home_improvement,326.88,26,0
46,10,33300.0,440,0.19,0,0,11500.0,24,debt_consolidation,718.39,46,0
56,26,23200.0,575,0.3,1,0,5000.0,12,home_improvement,569.81,109,0
24,3,20100.0,444,0.19,0,0,7000.0,12,debt_consolidation,745.74,146,0
37,6,18600.0,539,0.28,2,0,5000.0,60,debt_consolidation,826.62,24,0
25,2,20300.0,428,0.42,0,0,5000.0,12,debt_consolidation,340.5,36,0
39,9,23500.0,541,0.37,1,0,12500.0,36,personal,898.74,8,0
38,7,20200.0,526,0.29,1,1,5000.0,12,personal,927.67,56,0
46,10,19200.0,589,0.33,2,1,7000.0,12,business,744.13,104,0
33,5,29200.0,441,0.14,1,0,5000.0,12,business,1250.38,45,0
30,3,47800.0,538,0.2,2,0,20500.0,36,personal,1146.72,53,0
31,1,16100.0,423,0.32,0,0,5000.0,48,education,544.25,88,1
38,6,30100.0,425,0.3,1,1,22000.0,24,debt_consolidation,351.28,99,0
52,15,26400.0,561,0.2,1,0,5000.0,12,home_improvement,476.69,140,0
44,10,49500.0,540,0.25,1,0,17500.0,48,business,2042.9,21,0
39,12,34000.0,529,0.53,2,1,32500.0,36,home_improvement,333.69,58,0
42,7,26300.0,385,0.14,1,1,5000.0,36,personal,138.19,77,0
34,10,25400.0,426,0.21,2,0,15000.0,36,personal,913.41,38,0
54,19,43200.0,549,0.34,1,0,5000.0,24,business,1018.29,161,0
37,6,42700.0,536,0.22,1,1,6000.0,24,personal,1060.74,69,0
43,13,35900.0,549,0.24,1,1,8000.0,36,personal,628.16,125,0
33,1,15200.0,436,0.48,3,1,5000.0,24,personal,100.0,95,0
47,1,15000.0,471,0.25,2,0,5000.0,12,home_improvement,471.35,89,0
37,13,107100.0,510,0.24,2,0,25500.0,36,business,5006.27,26,0
39,15,39000.0,579,0.16,2,0,15000.0,48,education,399.9,80,0
32,7,36800.0,517,0.37,3,0,15000.0,12,personal,1451.6,52,0
39,13,49800.0,528,0.19,1,1,28500.0,60,home_improvement,435.49,136,0
39,2,48200.0,596,0.36,0,0,25000.0,36,personal,1035.06,95,0
29,3,25800.0,525,0.15,0,0,5000.0,12,debt_consolidation,433.1,35,0
37,11,21400.0,443,0.06,0,0,13500.0,12,personal,746.89,21,0
51,8,94000.0,626,0.35,2,0,33500.0,48,home_improvement,1310.93,48,0
59,3,54100.0,558,0.34,2,0,10000.0,60,education,544.5,127,0
61,19,57000.0,505,0.22,2,2,19500.0,36,debt_consolidation,524.67,44,0
34,1,15400.0,666,0.34,1,0,7000.0,24,debt_consolidation,346.17,41,0
35,5,19400.0,436,0.21,1,1,18500.0,36,personal,473.71,57,0
42,9,19900.0,510,0.31,1,0,13000.0,60,home_improvement,466.68,66,0
30,2,17100.0,465,0.26,2,0,5000.0,36,personal,478.31,34,0
43,9,31600.0,480,0.26,2,0,15500.0,48,education,646.28,65,0
41,16,64600.0,503,0.42,3,0,17500.0,48,personal,2769.57,99,0
39,16,28800.0,552,0.28,1,1,13000.0,48,business,468.47,83,0
31,2,24100.0,586,0.19,1,0,13000.0,48,personal,391.28,23,0
43,15,37800.0,490,0.15,0,1,15500.0,60,business,471.57,102,0
47,3,42300.0,412,0.37,2,1,13000.0,24,education,1050.36,66,1
35,12,44100.0,569,0.47,2,0,5000.0,48,home_improvement,909.15,9,0
30,5,26800.0,549,0.3,2,0,5000.0,24,home_improvement,670.68,50,0
38,5,40800.0,452,0.33,0,0,20000.0,36,personal,2484.67,37,0
26,4,30400.0,395,0.25,2,1,13500.0,24,home_improvement,820.25,63,0
39,0,28500.0,473,0.3,0,1,5000.0,60,personal,1148.39,123,0
38,5,35000.0,559,0.09,0,0,9000.0,12,home_improvement,697.74,42,0
45,12,23500.0,566,0.24,1,0,7000.0,12,education,377.25,118,0
41,15,48700.0,576,0.02,0,0,14500.0,24,personal,767.3,146,0
29,3,35600.0,464,0.29,2,1,12500.0,60,debt_consolidation,1604.33,47,0
48,3,48100.0,584,0.24,2,0,17500.0,36,debt_consolidation,1059.81,63,0
27,1,25500.0,500,0.35,1,0,5000.0,48,home_improvement,755.5,66,0
34,4,17300.0,457,0.49,2,0,15500.0,24,personal,172.07,39,0
42,6,47100.0,609,0.39,3,0,11000.0,24,education,604.71,151,0
46,21,56100.0,662,0.38,2,0,7000.0,48,personal,1322.5,64,0
29,2,21300.0,477,0.2,1,0,12000.0,48,education,218.33,43,0
49,16,15300.0,524,0.17,0,0,14000.0,12,personal,674.91,101,0
53,5,36000.0,641,0.16,1,0,28500.0,60,personal,983.97,12,1
32,4,22500.0,497,0.41,1,1,5000.0,24,personal,441.88,105,0
51,24,62000.0,579,0.37,2,0,13500.0,48,personal,3336.66,166,0
34,10,21100.0,441,0.3,2,0,5000.0,48,home_improvement,186.73,104,0
37,12,36400.0,571,0.23,2,0,5000.0,24,home_improvement,611.94,24,0
46,7,17400.0,421,0.23,0,0,11500.0,60,personal,612.96,143,1
26,2,27500.0,524,0.26,1,0,12000.0,12,business,1452.49,36,0
38,6,37500.0,574,0.16,1,1,5000.0,36,personal,791.95,85,0
42,12,27300.0,521,0.19,0,0,24500.0,24,home_improvement,178.57,105,0
36,6,26800.0,619,0.44,1,0,5000.0,12,business,1144.52,19,0
51,16,33300.0,599,0.36,2,1,18000.0,36,debt_consolidation,1050.6,62,0
30,2,21100.0,554,0.12,0,1,17000.0,24,home_improvement,964.83,38,0
33,12,19800.0,337,0.29,1,1,16500.0,36,education,155.78,105,0
41,6,21800.0,513,0.33,2,2,12000.0,48,debt_consolidation,129.87,140,0
41,6,26900.0,524,0.32,0,0,6000.0,12,personal,585.55,25,0
32,2,25300.0,589,0.07,0,0,26500.0,36,personal,1212.33,51,0
34,2,16200.0,517,0.48,1,0,5000.0,60,personal,133.86,84,0
53,12,39500.0,448,0.32,1,0,13000.0,24,home_improvement,859.07,24,0
54,14,29400.0,471,0.33,2,0,10000.0,12,education,1034.58,99,0
49,16,31000.0,574,0.22,2,0,5000.0,48,debt_consolidation,570.53,133,0
29,3,18100.0,483,0.45,2,0,7000.0,24,personal,780.63,26,0
38,11,51300.0,438,0.33,1,0,18000.0,24,personal,1328.04,51,0
27,2,15000.0,437,0.18,0,0,5000.0,24,personal,396.12,18,0
55,13,44400.0,580,0.49,0,1,24500.0,36,personal,1465.75,81,0
28,5,27900.0,475,0.26,2,1,13000.0,12,debt_consolidation,1342.58,29,1
48,19,36800.0,533,0.33,2,0,11500.0,12,home_improvement,461.46,61,0
38,7,28400.0,548,0.35,0,0,9000.0,60,personal,1309.95,64,0
27,4,15000.0,454,0.18,1,0,5000.0,12,home_improvement,745.31,25,0
48,11,21400.0,403,0.52,2,0,13500.0,24,personal,847.48,57,0
53,9,47200.0,670,0.44,3,0,13500.0,12,business,1723.59,92,0
40,6,28200.0,468,0.33,2,1,15000.0,60,home_improvement,558.94,57,0
41,12,33500.0,623,0.2,0,0,5000.0,24,personal,942.4,30,0
33,7,22900.0,548,0.38,1,0,15000.0,24,home_improvement,362.5,65,0
38,9,31000.0,420,0.16,0,0,12000.0,48,home_improvement,785.11,110,0
56,26,67800.0,691,0.25,2,0,5000.0,12,business,1935.58,78,0
41,3,22200.0,467,0.39,0,1,11000.0,24,business,428.8,34,0
66,20,62500.0,594,0.24,3,0,11000.0,36,personal,2067.52,177,0
52,20,63300.0,537,0.08,1,0,25000.0,24,personal,2270.48,130,0
61,19,44000.0,610,0.3,1,0,32000.0,12,business,1622.99,164,0
42,6,38400.0,604,0.38,2,0,5000.0,12,personal,627.2,93,0
28,4,23300.0,429,0.05,0,0,5000.0,12,education,1028.91,29,0
45,11,55900.0,610,0.22,0,0,13000.0,12,education,1878.89,157,0
29,4,54100.0,486,0.41,1,0,19000.0,12,debt_consolidation,1447.6,89,0
24,3,21800.0,512,0.23,1,2,14000.0,36,personal,1099.37,31,0
28,5,30200.0,495,0.11,0,0,17500.0,12,home_improvement,927.93,53,0
49,8,18200.0,522,0.31,1,0,5000.0,60,home_improvement,370.34,85,0
63,12,51800.0,618,0.44,1,0,11000.0,24,business,1969.61,117,0
39,8,51100.0,447,0.15,2,0,16000.0,48,education,927.79,74,0
28,4,32700.0,397,0.24,0,0,7000.0,36,business,982.76,60,0
56,21,24400.0,600,0.45,0,1,5000.0,24,business,927.93,174,0
45,3,24600.0,506,0.34,0,0,6500.0,36,personal,1138.34,79,0
54,4,21800.0,475,0.46,2,0,12500.0,12,debt_consolidation,313.27,166,0
32,10,17800.0,462,0.18,1,0,17000.0,24,home_improvement,959.62,125,0
36,8,20500.0,423,0.22,2,0,16500.0,36,personal,576.87,36,0
50,3,25500.0,546,0.22,1,0,5000.0,24,home_improvement,757.28,24,0
38,6,15000.0,440,0.27,0,1,5500.0,36,personal,546.66,59,0
65,42,58500.0,514,0.13,1,0,26000.0,12,home_improvement,1252.35,214,0
26,2,19600.0,456,0.37,0,0,5000.0,24,education,1068.72,20,0
34,7,30300.0,589,0.25,1,0,5000.0,48,debt_consolidation,1017.39,61,0
37,8,42300.0,379,0.27,2,1,5000.0,36,business,1054.55,41,0
33,2,15700.0,445,0.17,0,0,13500.0,36,personal,194.25,90,0
38,8,20000.0,457,0.23,0,0,14000.0,24,personal,1094.99,89,0
57,5,40800.0,446,0.34,1,0,29000.0,36,personal,2098.41,66,0
33,0,22500.0,528,0.15,0,0,5000.0,12,debt_consolidation,559.19,54,0
25,3,23400.0,531,0.45,1,0,5000.0,24,education,536.38,26,0
27,6,30300.0,483,0.19,0,0,14000.0,48,personal,242.54,13,0
32,3,15000.0,367,0.19,0,0,6000.0,24,business,457.9,53,0
48,17,25400.0,556,0.33,1,0,5000.0,36,debt_consolidation,1416.58,53,0
37,2,33400.0,517,0.19,0,1,5000.0,12,debt_consolidation,732.67,3,0
30,9,18200.0,459,0.37,2,0,5000.0,36,personal,469.55,57,0
36,7,15200.0,541,0.42,1,0,21000.0,48,personal,251.96,91,0
37,7,19000.0,494,0.2,0,0,12500.0,48,home_improvement,657.79,42,0
44,4,39300.0,673,0.14,1,0,11500.0,24,home_improvement,279.32,39,0
28,3,20800.0,480,0.22,0,0,5000.0,12,debt_consolidation,641.7,43,0
30,6,20000.0,538,0.24,0,0,10500.0,24,home_improvement,934.47,29,0
37,6,39000.0,536,0.35,1,0,28500.0,60,personal,1473.52,128,0
45,21,53200.0,527,0.1,0,1,8000.0,36,home_improvement,292.2,35,0
41,5,19500.0,505,0.17,0,1,5000.0,36,home_improvement,602.95,99,0
58,19,63100.0,543,0.39,2,0,5000.0,48,home_improvement,2871.22,27,0
42,18,36300.0,519,0.28,2,0,7500.0,12,debt_consolidation,915.18,95,0
52,11,28100.0,487,0.13,1,0,5500.0,12,debt_consolidation,1357.64,144,0
28,3,22500.0,412,0.29,2,1,11000.0,48,business,358.45,112,0
29,5,22000.0,567,0.26,1,0,5000.0,36,education,840.86,51,0
24,0,19200.0,427,0.2,2,0,16000.0,36,education,646.44,2,0
50,13,34700.0,566,0.34,1,0,19500.0,24,personal,285.03,179,0
48,22,63900.0,543,0.27,1,0,25000.0,60,personal,256.13,79,0
44,6,27600.0,515,0.24,1,1,5000.0,60,personal,1103.11,66,0
29,4,24700.0,638,0.25,1,0,14500.0,24,personal,219.52,47,0
49,16,18700.0,512,0.27,0,0,8500.0,36,personal,345.2,147,0
24,1,22200.0,465,0.3,0,0,5000.0,36,debt_consolidation,776.36,47,0
36,13,43300.0,532,0.15,1,1,26500.0,24,personal,895.82,97,0
45,15,40200.0,489,0.19,2,0,10000.0,12,education,617.56,130,0
50,9,42800.0,562,0.3,2,0,9500.0,36,home_improvement,884.29,152,0
44,22,30600.0,516,0.42,0,0,6500.0,60,debt_consolidation,1080.29,99,0
26,5,19800.0,411,0.27,1,1,5000.0,12,education,307.19,101,0
52,6,16300.0,435,0.1,0,1,10000.0,24,debt_consolidation,100.0,180,0
33,9,23900.0,450,0.19,0,0,5000.0,12,home_improvement,959.3,10,0
58,27,50800.0,591,0.18,1,0,14000.0,48,personal,939.38,174,0
28,4,25900.0,600,0.38,0,0,5000.0,24,education,995.26,38,0
41,6,25500.0,531,0.15,1,0,7500.0,48,debt_consolidation,578.95,65,0
40,10,22600.0,579,0.19,1,0,25000.0,12,business,595.5,48,0
44,8,50300.0,644,0.22,0,0,9500.0,36,business,2504.85,81,0
31,4,21600.0,411,0.19,2,0,15500.0,36,debt_consolidation,431.78,38,0
56,14,28000.0,587,0.19,0,0,23000.0,36,personal,1432.98,231,0
34,13,15000.0,542,0.38,3,0,14000.0,24,personal,585.2,30,0
30,7,20500.0,447,0.41,1,0,7500.0,48,home_improvement,585.06,32,0
46,8,21000.0,572,0.32,2,1,22500.0,60,home_improvement,557.14,28,0
31,2,20900.0,532,0.19,0,0,6000.0,60,personal,749.06,65,0
58,16,48600.0,714,0.29,3,0,20000.0,60,home_improvement,491.57,14,0
25,2,40100.0,385,0.28,3,0,5000.0,36,education,1815.82,13,0
45,14,41600.0,458,0.18,1,0,8000.0,24,personal,1356.19,99,0
43,6,24900.0,553,0.23,1,0,5000.0,12,personal,916.49,81,0
44,13,38800.0,508,0.07,0,1,15000.0,48,debt_consolidation,1684.04,89,0
58,23,16900.0,461,0.34,1,0,7000.0,36,personal,397.49,212,0
38,6,18100.0,414,0.51,2,1,15500.0,12,business,247.4,75,0
61,5,23600.0,436,0.15,1,0,17000.0,12,debt_consolidation,187.3,140,0
56,6,39800.0,638,0.53,3,0,13000.0,48,personal,724.77,62,0
47,8,32900.0,604,0.18,2,0,5000.0,24,business,515.13,132,0
55,20,43700.0,603,0.21,1,0,23500.0,36,home_improvement,1827.1,43,0
46,4,35200.0,580,0.4,2,0,15000.0,12,debt_consolidation,261.27,10,0
47,5,25600.0,627,0.35,1,0,17500.0,36,personal,472.49,179,0
34,1,37900.0,514,0.12,1,0,6500.0,12,personal,1210.2,43,0
31,4,25700.0,431,0.34,3,0,7500.0,48,education,1078.68,21,0
22,3,18300.0,491,0.16,0,0,7000.0,24,debt_consolidation,832.84,21,0
46,6,27300.0,427,0.25,1,0,5000.0,24,debt_consolidation,1369.16,89,0
41,1,26300.0,516,0.33,0,0,5000.0,24,debt_consolidation,870.65,39,1
47,4,62100.0,608,0.28,0,0,5000.0,12,home_improvement,2648.26,32,0
59,20,25900.0,449,0.44,1,0,15000.0,24,home_improvement,778.4,143,0
38,15,23600.0,576,0.5,1,1,5000.0,36,home_improvement,289.12,80,0
24,2,30100.0,478,0.18,0,0,5000.0,24,debt_consolidation,609.8,30,0
23,2,19600.0,416,0.33,1,1,11500.0,12,personal,584.51,19,1
38,7,35600.0,542,0.24,1,0,15500.0,12,home_improvement,833.75,72,0
51,11,15000.0,522,0.17,0,0,5000.0,24,personal,219.29,157,0
35,5,32500.0,493,0.26,1,0,8500.0,36,business,1458.02,102,0
45,15,64400.0,640,0.29,1,1,28000.0,12,business,2981.07,28,0
58,5,21500.0,417,0.25,0,0,5000.0,12,business,815.25,131,0
26,2,32100.0,410,0.41,0,0,12500.0,12,business,154.09,32,0
45,7,20500.0,482,0.12,0,0,5000.0,24,home_improvement,553.73,79,0
40,4,16100.0,445,0.27,0,0,5000.0,60,home_improvement,701.52,36,0
28,6,57600.0,548,0.19,1,0,17500.0,12,debt_consolidation,1459.17,8,0
39,5,34900.0,546,0.18,1,0,5000.0,36,business,609.11,32,0
46,22,38200.0,590,0.34,2,0,16000.0,36,personal,1708.02,160,0
30,4,41500.0,535,0.24,0,0,8500.0,12,debt_consolidation,1055.83,31,0
27,8,31200.0,404,0.33,1,1,6000.0,12,personal,911.61,11,0
41,6,22200.0,624,0.4,3,0,13500.0,24,debt_consolidation,613.72,61,0
55,9,33000.0,612,0.26,0,0,24500.0,12,home_improvement,529.21,56,0
43,6,42500.0,612,0.26,1,0,25500.0,60,education,284.52,112,0
64,24,25300.0,613,0.13,1,0,16500.0,12,home_improvement,500.38,130,0
36,3,20600.0,523,0.12,1,0,7500.0,24,education,260.32,36,0
28,1,17200.0,450,0.35,2,0,20000.0,48,debt_consolidation,724.1,56,0
42,7,36900.0,481,0.19,2,0,5000.0,36,debt_consolidation,553.77,32,0
36,4,17900.0,612,0.51,1,1,9500.0,12,personal,236.93,73,0
37,5,21200.0,387,0.3,2,0,5000.0,12,business,605.02,49,0
44,5,27300.0,426,0.13,1,1,5000.0,24,personal,439.53,33,0
40,11,55400.0,506,0.36,2,1,9500.0,12,personal,1490.0,78,0
28,3,21100.0,443,0.14,1,0,5500.0,12,education,749.05,35,0
39,6,25000.0,545,0.39,3,1,15000.0,24,debt_consolidation,646.12,20,0
59,35,41900.0,629,0.3,1,0,17000.0,12,debt_consolidation,628.26,109,0
38,13,62700.0,589,0.11,0,1,12000.0,24,debt_consolidation,1552.94,57,0
52,16,55000.0,521,0.25,2,0,28500.0,12,business,2415.76,132,0
49,15,33500.0,486,0.35,1,1,9500.0,12,business,650.2,95,0
40,4,15000.0,584,0.31,0,0,5000.0,36,home_improvement,282.77,96,0
47,8,33300.0,628,0.15,1,0,34000.0,48,debt_consolidation,418.62,87,0
30,6,17900.0,396,0.33,2,0,13000.0,48,personal,259.19,12,0
45,17,26900.0,557,0.46,2,0,12500.0,36,home_improvement,837.37,142,0
27,5,22400.0,487,0.23,0,0,5000.0,24,personal,926.04,31,0
51,3,42800.0,483,0.27,2,0,11000.0,24,business,431.72,36,0
49,13,66200.0,586,0.14,2,0,15000.0,60,debt_consolidation,2609.78,110,0
56,21,39400.0,493,0.3,0,0,5000.0,48,personal,1045.23,183,0
55,15,33700.0,504,0.2,1,0,6500.0,24,personal,685.24,13,0
36,10,43700.0,498,0.13,0,1,24500.0,48,business,1803.34,54,0
42,11,15500.0,481,0.19,0,0,5000.0,24,business,173.69,72,0
44,9,21800.0,490,0.6,3,0,5000.0,24,debt_consolidation,1349.68,39,0
32,8,15000.0,358,0.27,1,0,8000.0,24,home_improvement,711.69,76,0
38,6,17200.0,498,0.37,0,0,5000.0,48,home_improvement,715.97,100,0
48,6,20600.0,506,0.38,3,0,14000.0,48,personal,698.3,153,0
44,17,46900.0,533,0.36,2,0,24500.0,12,education,647.21,113,0
40,10,28600.0,596,0.2,1,0,5000.0,24,home_improvement,796.22,41,0
62,18,60100.0,571,0.29,3,0,11500.0,48,personal,2559.35,167,0
47,9,18200.0,596,0.23,0,0,6000.0,12,debt_consolidation,354.94,76,0
31,8,28700.0,578,0.17,1,0,11000.0,24,personal,979.29,78,0
68,21,63400.0,566,0.23,1,0,5000.0,24,business,2768.68,70,0
38,10,18300.0,590,0.11,0,0,5000.0,36,home_improvement,993.03,32,0
57,15,43500.0,535,0.14,0,0,15500.0,60,personal,1244.85,9,0
49,12,40500.0,550,0.06,0,0,21000.0,24,personal,1449.36,96,0
47,11,20900.0,432,0.23,0,0,7500.0,48,debt_consolidation,967.31,59,0
38,1,19100.0,505,0.16,1,0,18000.0,12,education,405.18,45,0
48,12,19800.0,668,0.24,1,0,22000.0,24,debt_consolidation,559.73,157,0
54,17,38100.0,455,0.4,0,0,19000.0,60,personal,1899.0,102,0
36,3,20300.0,529,0.08,0,0,5000.0,48,education,281.03,24,0
42,16,33300.0,497,0.12,0,0,12000.0,36,debt_consolidation,1445.76,186,0
49,9,36900.0,386,0.26,0,1,12000.0,48,debt_consolidation,493.16,83,0
34,4,21700.0,365,0.2,2,0,10500.0,12,education,424.48,34,0
56,16,22600.0,573,0.11,0,1,11500.0,24,personal,653.41,90,0
28,7,27600.0,553,0.13,1,0,10500.0,12,education,707.34,35,0
37,7,37800.0,392,0.27,1,0,8500.0,12,home_improvement,1204.71,75,0
47,3,27200.0,644,0.38,2,0,5000.0,24,personal,518.0,138,0
42,11,17100.0,558,0.37,1,0,5000.0,12,home_improvement,580.32,12,0
47,9,15000.0,447,0.18,0,0,14000.0,48,debt_consolidation,419.19,129,0
43,3,25600.0,487,0.21,0,0,6000.0,24,home_improvement,926.89,86,0
52,10,54400.0,596,0.21,3,0,24000.0,36,home_improvement,1089.48,99,0
32,4,15000.0,504,0.17,1,1,6500.0,12,personal,461.26,17,0
28,4,15700.0,507,0.35,0,0,9500.0,48,home_improvement,206.53,58,0
30,6,23300.0,424,0.22,0,0,7500.0,48,education,360.92,58,0
27,3,15000.0,439,0.47,1,0,31500.0,12,personal,430.85,41,0
35,6,15900.0,471,0.3,2,1,17000.0,60,personal,100.0,105,0
24,2,33900.0,371,0.16,1,0,5000.0,48,personal,435.39,19,0
63,16,29900.0,555,0.3,3,0,24500.0,24,home_improvement,475.57,148,0
39,16,58600.0,540,0.18,1,0,22500.0,24,home_improvement,475.7,92,0
41,13,29400.0,450,0.26,1,1,5000.0,12,home_improvement,1633.94,83,0
26,1,50700.0,603,0.28,1,0,16000.0,48,business,1162.36,36,0
39,2,16800.0,521,0.3,2,0,5000.0,60,home_improvement,739.31,50,0
32,1,25500.0,443,0.28,2,1,10000.0,48,home_improvement,219.77,56,0
33,9,59300.0,635,0.22,1,0,18500.0,12,home_improvement,1370.95,59,0
54,18,63200.0,569,0.31,4,0,23500.0,48,home_improvement,3772.16,84,0
37,13,35300.0,583,0.29,1,0,5500.0,36,personal,669.43,26,0
42,13,48900.0,516,0.18,0,0,17500.0,12,education,2457.78,107,0
57,9,31600.0,550,0.27,0,0,5500.0,12,education,893.39,85,0
47,11,64100.0,506,0.1,1,1,20500.0,24,education,2162.85,54,0
22,2,15000.0,481,0.3,0,1,5000.0,12,education,305.83,31,0
36,12,15000.0,407,0.22,0,0,15000.0,60,debt_consolidation,551.11,81,0
64,26,44300.0,553,0.24,2,0,5000.0,12,home_improvement,945.39,185,0
33,1,36300.0,546,0.2,1,0,27000.0,48,debt_consolidation,901.09,36,0
34,6,26600.0,433,0.26,3,0,17500.0,36,education,647.82,77,0
32,6,24200.0,564,0.25,0,0,5000.0,12,personal,1332.61,25,0
41,11,27800.0,392,0.23,1,0,26000.0,36,business,987.03,57,0
41,10,16400.0,387,0.36,0,0,15500.0,12,business,943.52,96,0
30,6,15000.0,453,0.36,2,1,5000.0,12,personal,390.7,56,0
28,1,39400.0,572,0.17,1,0,23000.0,24,personal,792.11,39,0
40,12,34100.0,431,0.05,0,0,9500.0,36,personal,588.94,139,0
46,6,46100.0,538,0.36,0,0,25500.0,24,personal,583.06,137,0
35,10,34500.0,573,0.21,2,1,14000.0,12,home_improvement,237.35,34,0
33,7,20200.0,436,0.29,3,1,5000.0,24,debt_consolidation,569.69,72,1
53,12,21600.0,499,0.14,0,0,11000.0,12,business,822.15,96,0
48,16,30000.0,388,0.26,1,1,17500.0,12,business,1402.86,140,0
39,5,58600.0,513,0.24,2,0,25000.0,48,personal,2140.72,97,0
53,10,47600.0,565,0.18,1,0,17000.0,36,personal,1649.76,67,0
29,3,20300.0,395,0.26,0,0,17500.0,36,personal,506.62,32,0
45,5,21500.0,548,0.17,1,1,20500.0,60,debt_consolidation,704.29,59,0
38,12,17100.0,437,0.21,2,0,5000.0,12,business,153.72,74,0
26,1,18600.0,403,0.21,1,1,12000.0,12,home_improvement,519.77,21,0
28,7,19600.0,432,0.34,1,0,7500.0,24,debt_consolidation,1148.59,108,0
29,8,59600.0,609,0.47,4,0,20500.0,24,personal,1297.1,45,0
53,17,40300.0,489,0.29,4,0,13000.0,12,education,2352.37,62,0
32,1,20700.0,533,0.15,1,0,8000.0,60,home_improvement,629.14,38,0
58,24,110900.0,607,0.54,6,1,46000.0,60,debt_consolidation,2518.64,68,0
27,3,30700.0,574,0.17,1,0,5000.0,36,personal,785.46,69,0
36,3,43900.0,603,0.28,0,0,5000.0,12,personal,874.92,80,0
44,16,32800.0,550,0.73,4,0,25000.0,24,personal,949.24,111,0
38,7,27900.0,509,0.33,1,1,12500.0,12,home_improvement,1064.5,71,0
52,11,44900.0,471,0.28,1,0,19000.0,60,business,2308.82,76,0
62,10,30900.0,617,0.21,1,0,9500.0,12,personal,731.94,136,0
40,16,27900.0,748,0.3,1,1,13500.0,48,home_improvement,638.52,32,0
44,13,31200.0,454,0.26,3,0,19000.0,24,personal,1271.87,96,0
55,21,64500.0,588,0.19,2,0,12000.0,48,personal,3113.14,166,0
33,9,27400.0,593,0.09,0,0,5000.0,12,personal,1047.39,80,0
35,3,20100.0,539,0.3,1,0,14500.0,60,home_improvement,676.55,56,0
56,12,29100.0,500,0.2,0,0,5000.0,60,home_improvement,401.31,43,0
52,11,50400.0,606,0.26,0,0,8000.0,12,home_improvement,1804.11,88,0
53,26,20500.0,562,0.44,2,0,5000.0,24,home_improvement,440.78,145,0
49,10,46300.0,585,0.42,1,0,21500.0,60,business,1140.49,137,0
54,18,40300.0,512,0.15,1,1,9000.0,24,debt_consolidation,851.76,195,0
40,14,43600.0,575,0.36,1,0,5000.0,48,education,572.18,128,0
30,4,15000.0,480,0.29,0,0,5000.0,12,business,264.8,46,0
55,19,43800.0,579,0.37,2,0,13500.0,60,business,2463.66,98,0
28,4,36800.0,533,0.2,1,0,6000.0,12,debt_consolidation,741.44,114,0
36,5,27100.0,519,0.22,0,0,11500.0,12,home_improvement,413.15,64,0
44,3,26900.0,479,0.24,2,0,19500.0,12,personal,935.26,51,0
50,12,40200.0,483,0.31,1,0,20500.0,12,debt_consolidation,1043.62,111,0
50,9,37200.0,464,0.26,1,1,10000.0,48,business,2065.47,85,0
35,3,24500.0,336,0.1,0,1,14000.0,24,home_improvement,788.55,20,0
45,10,40900.0,458,0.34,1,0,5000.0,12,personal,881.18,113,0
59,20,18300.0,507,0.05,0,0,10500.0,24,personal,537.47,80,0
32,6,17400.0,543,0.24,1,1,24000.0,60,business,615.27,77,0
31,4,28900.0,637,0.21,0,1,5000.0,36,business,445.46,18,0
34,5,16900.0,468,0.15,1,0,28500.0,48,personal,191.46,84,0
42,8,26800.0,581,0.38,1,0,7000.0,12,debt_consolidation,876.66,33,0
52,19,33200.0,589,0.2,1,1,18000.0,24,home_improvement,1226.18,113,0
68,32,33200.0,635,0.37,0,0,6000.0,12,business,100.0,15,0
38,6,41700.0,538,0.23,0,0,18000.0,12,debt_consolidation,685.34,125,0
46,13,34700.0,583,0.5,4,0,9000.0,60,business,252.81,9,1
45,6,35300.0,444,0.11,1,0,5000.0,12,business,1439.74,128,1
39,15,39600.0,613,0.33,2,0,21000.0,60,personal,1472.77,47,0
38,6,33500.0,565,0.53,2,0,8000.0,48,debt_consolidation,1406.56,85,0
37,7,68400.0,646,0.16,2,0,26000.0,36,personal,2990.38,57,0
50,14,32300.0,443,0.31,0,0,8000.0,36,personal,818.39,35,0
42,10,31700.0,521,0.21,2,0,21500.0,24,debt_consolidation,558.05,149,0
38,8,17300.0,486,0.2,2,1,6000.0,24,home_improvement,789.19,71,0
35,7,19600.0,532,0.07,0,1,23500.0,48,debt_consolidation,137.17,56,0
34,7,19100.0,556,0.26,1,0,8000.0,60,personal,1007.15,67,0
42,4,29800.0,570,0.17,1,0,19500.0,24,personal,367.67,23,0
29,4,31700.0,466,0.43,2,0,5000.0,24,business,910.87,70,0
44,12,46900.0,469,0.22,1,0,23500.0,24,debt_consolidation,767.99,67,0
40,7,24900.0,584,0.22,0,1,5000.0,24,personal,480.81,42,0
58,33,99800.0,545,0.7,7,1,33500.0,60,debt_consolidation,996.37,52,0
48,9,20300.0,578,0.41,4,0,9000.0,36,education,387.39,97,0
37,6,27600.0,469,0.35,2,2,5000.0,48,personal,454.62,29,0
28,2,32700.0,389,0.24,1,0,5000.0,24,debt_consolidation,594.41,99,1
33,4,35900.0,494,0.11,0,0,5000.0,24,home_improvement,533.94,36,0
24,2,25900.0,482,0.41,1,1,16500.0,60,personal,762.74,25,0
46,15,43900.0,483,0.51,1,0,11500.0,36,personal,824.71,132,0
57,9,55700.0,538,0.47,2,0,26500.0,48,education,1274.4,52,0
47,11,31500.0,568,0.3,3,0,13000.0,36,home_improvement,1563.16,51,0
36,13,20800.0,460,0.37,2,0,11500.0,60,home_improvement,672.86,96,0
46,8,56600.0,666,0.13,2,1,5000.0,48,home_improvement,1842.98,130,0
49,18,54700.0,602,0.18,1,0,5000.0,48,personal,1219.7,155,0
35,8,42100.0,505,0.26,1,0,9500.0,60,home_improvement,526.73,23,0
44,17,25000.0,540,0.38,2,0,15000.0,48,business,578.48,67,0
28,4,30900.0,560,0.36,2,0,17500.0,24,education,100.69,66,0
42,4,15000.0,598,0.28,1,0,12000.0,12,personal,454.49,30,0
54,30,79200.0,533,0.3,2,0,25500.0,36,education,3306.67,150,0
26,3,23900.0,599,0.26,1,1,12000.0,60,home_improvement,647.18,27,0
35,9,24800.0,487,0.35,1,1,19500.0,60,debt_consolidation,379.42,57,0
43,7,73700.0,674,0.23,0,1,27000.0,12,business,3825.37,76,0
46,11,20500.0,581,0.25,0,0,6500.0,24,business,100.0,136,0
45,4,21200.0,566,0.4,4,0,5000.0,12,personal,232.36,122,0
30,3,28200.0,398,0.09,0,0,17500.0,60,personal,812.1,58,0
38,15,57900.0,617,0.21,1,1,16500.0,60,home_improvement,1387.78,97,0
31,9,27100.0,510,0.31,1,1,17000.0,12,debt_consolidation,778.69,79,0
32,3,36800.0,568,0.2,2,0,22000.0,36,personal,1307.35,54,0
53,13,36800.0,514,0.31,2,0,9000.0,48,debt_consolidation,400.51,97,0
58,18,55300.0,640,0.17,0,0,13000.0,12,home_improvement,798.35,72,0
48,14,42500.0,576,0.46,2,0,9500.0,48,debt_consolidation,1091.61,70,0
31,8,15000.0,486,0.15,0,0,8000.0,24,business,596.05,43,0
55,13,53600.0,529,0.21,1,0,23000.0,60,home_improvement,2300.68,137,0
33,1,33800.0,548,0.13,0,0,12000.0,48,education,633.13,61,0
56,25,52300.0,679,0.34,4,0,16500.0,24,home_improvement,569.03,15,0
41,10,28300.0,507,0.33,1,0,16500.0,12,business,1331.12,103,0
44,13,26900.0,544,0.27,3,0,10000.0,36,business,921.77,132,0
44,18,49100.0,618,0.45,3,0,12500.0,12,home_improvement,2971.29,154,0
36,3,37200.0,429,0.25,1,1,5000.0,12,home_improvement,279.43,86,0
32,7,25400.0,416,0.42,3,1,8500.0,48,debt_consolidation,1213.74,103,0
42,14,45200.0,459,0.49,3,0,15500.0,24,home_improvement,1670.63,86,0
40,11,39900.0,466,0.41,1,0,13500.0,60,personal,1752.59,35,0
28,3,21000.0,449,0.39,1,0,11000.0,12,home_improvement,472.09,132,0
44,13,15000.0,527,0.48,3,0,18000.0,36,personal,304.89,113,0
23,3,23700.0,429,0.16,0,1,13000.0,48,personal,325.63,50,1
53,21,43900.0,633,0.26,2,0,27500.0,48,home_improvement,246.02,131,0
54,16,30700.0,521,0.73,6,0,7500.0,24,education,1466.52,89,0
37,6,46800.0,500,0.22,2,1,18500.0,12,debt_consolidation,276.27,101,0
56,19,28600.0,604,0.33,2,1,5000.0,24,home_improvement,431.06,168,0
28,5,19600.0,553,0.39,2,0,18000.0,12,personal,577.36,41,0
28,8,37500.0,508,0.47,2,1,14000.0,60,personal,1082.85,25,0
44,3,25900.0,697,0.2,2,0,16500.0,36,debt_consolidation,1035.84,109,0
37,12,27000.0,616,0.23,0,1,16000.0,24,home_improvement,868.61,53,0
52,18,26900.0,504,0.29,3,0,27000.0,60,business,125.25,145,0
52,13,33600.0,518,0.42,1,0,12000.0,48,business,443.07,81,0
39,2,16400.0,482,0.22,1,0,8500.0,48,home_improvement,227.18,12,0
33,12,20500.0,382,0.24,1,1,5000.0,48,personal,792.09,59,0
36,6,17900.0,391,0.28,1,0,5500.0,24,debt_consolidation,806.14,21,0
57,4,40800.0,579,0.3,3,0,16000.0,36,home_improvement,1529.67,79,0
33,10,24400.0,431,0.25,2,2,9500.0,36,home_improvement,472.94,52,1
37,9,37600.0,517,0.34,2,0,24500.0,24,debt_consolidation,1296.04,71,0
35,7,26800.0,477,0.1,1,0,5000.0,48,home_improvement,763.32,50,0
47,11,15000.0,433,0.17,0,0,11500.0,12,personal,635.07,30,0
47,10,15000.0,504,0.56,3,0,7500.0,36,personal,807.7,113,0
39,4,30900.0,583,0.42,3,0,12000.0,12,home_improvement,845.8,56,0
38,14,53000.0,556,0.32,4,0,17500.0,12,debt_consolidation,2528.01,49,0
38,4,26200.0,472,0.23,1,1,18000.0,48,education,1209.48,21,0
55,23,32300.0,446,0.31,2,0,23000.0,48,business,967.76,124,0
39,6,19400.0,492,0.21,1,0,5000.0,36,personal,791.45,63,0
52,21,43600.0,669,0.08,0,0,6500.0,36,personal,1430.96,48,0
25,5,21500.0,515,0.34,1,0,12000.0,36,personal,678.4,40,0
36,7,17500.0,623,0.45,2,0,7000.0,12,home_improvement,205.25,53,0
54,20,24600.0,494,0.22,1,0,5000.0,36,education,1013.59,99,0
44,14,40700.0,445,0.13,0,0,16000.0,36,business,862.44,57,0
53,9,52900.0,471,0.23,1,0,24000.0,60,business,2209.56,41,0
38,2,46000.0,683,0.32,4,0,22000.0,24,business,2517.63,13,0
28,7,27200.0,610,0.08,0,1,17500.0,48,home_improvement,490.29,20,0
50,21,41400.0,494,0.21,2,0,10500.0,48,home_improvement,529.94,13,0
46,18,26800.0,536,0.21,2,0,12000.0,24,education,366.21,134,0
50,17,32900.0,484,0.29,1,0,9000.0,24,business,536.93,44,0
52,9,41400.0,675,0.24,0,0,18500.0,24,business,1305.68,105,0
41,10,28400.0,564,0.22,1,0,28000.0,12,home_improvement,341.76,89,0
26,3,15000.0,437,0.34,0,0,5000.0,12,personal,496.15,34,0
65,17,62400.0,568,0.4,2,0,15000.0,12,home_improvement,498.65,144,0
41,12,22800.0,455,0.22,1,0,11500.0,36,debt_consolidation,788.81,92,0
48,3,24100.0,463,0.27,0,0,19500.0,36,home_improvement,645.12,139,0
43,10,35200.0,628,0.26,2,0,21500.0,48,education,1559.63,149,0
26,3,30000.0,560,0.08,0,0,9000.0,36,business,693.31,32,0
42,22,84100.0,684,0.7,4,1,21000.0,60,business,2686.85,73,1
29,7,30100.0,585,0.22,0,0,5000.0,48,debt_consolidation,678.71,53,0
28,4,23800.0,482,0.13,1,0,14500.0,12,home_improvement,745.22,26,0
43,2,15000.0,496,0.28,2,1,5000.0,12,debt_consolidation,100.0,87,0
37,10,77200.0,633,0.26,0,1,37500.0,60,debt_consolidation,2776.99,91,0
30,5,21600.0,439,0.23,1,2,5500.0,12,personal,404.23,32,1
47,8,41900.0,632,0.46,2,0,21000.0,48,education,1603.62,93,0
32,7,32100.0,500,0.14,0,0,5500.0,48,debt_consolidation,1196.18,18,0
39,6,30800.0,517,0.1,0,0,5000.0,24,personal,612.28,69,0
38,3,28500.0,565,0.28,2,0,19500.0,24,home_improvement,274.32,55,0
29,4,30400.0,389,0.14,0,0,17500.0,24,home_improvement,604.68,48,1
36,10,43000.0,512,0.49,1,0,29000.0,60,education,1431.61,45,0
38,3,33400.0,501,0.12,1,0,8500.0,12,debt_consolidation,1283.62,49,0
44,3,40600.0,516,0.12,1,0,12000.0,36,debt_consolidation,803.83,27,0
54,18,61000.0,644,0.3,4,0,24000.0,48,debt_consolidation,1240.2,77,0
32,9,15600.0,458,0.19,1,0,5000.0,12,education,321.09,63,0
43,8,15000.0,426,0.28,0,0,9000.0,12,debt_consolidation,335.91,134,0
46,15,36400.0,521,0.14,1,0,12500.0,60,personal,100.0,81,0
23,1,43700.0,453,0.17,1,1,23000.0,60,personal,1692.74,15,0
41,14,23300.0,462,0.23,2,1,5000.0,24,personal,341.52,30,0
39,8,16300.0,531,0.2,0,0,10500.0,36,debt_consolidation,341.59,88,0
25,3,22500.0,451,0.2,0,0,5000.0,36,personal,718.76,26,1
51,9,16200.0,443,0.38,1,0,5000.0,24,personal,612.14,89,1
52,13,40500.0,541,0.4,2,1,16000.0,24,personal,1393.18,142,0
36,16,42500.0,497,0.13,1,0,24000.0,12,debt_consolidation,1251.33,50,0
23,3,28600.0,555,0.09,0,1,7000.0,12,home_improvement,713.88,43,0
60,10,15000.0,597,0.44,2,1,18000.0,36,business,201.97,167,0
34,1,16100.0,405,0.13,1,0,5000.0,60,home_improvement,197.88,74,0
27,1,19500.0,393,0.27,0,0,10500.0,48,personal,461.23,20,0
40,9,19800.0,536,0.39,1,0,5000.0,24,education,347.86,104,0
42,13,30800.0,480,0.22,1,0,5500.0,36,business,1259.54,8,0
37,4,20900.0,472,0.37,2,0,30000.0,48,debt_consolidation,280.29,62,0
39,17,35700.0,455,0.44,1,1,20500.0,48,debt_consolidation,561.07,177,1
35,8,27600.0,487,0.28,0,0,9000.0,24,debt_consolidation,100.0,56,0
54,18,41900.0,580,0.19,0,0,15500.0,36,personal,2145.54,134,0
47,15,30100.0,583,0.28,2,0,5500.0,12,home_improvement,433.65,46,0
50,20,33700.0,478,0.23,0,0,7000.0,12,debt_consolidation,399.12,76,0
32,2,23000.0,494,0.29,1,0,9000.0,60,education,402.16,28,0
47,7,34500.0,554,0.05,0,0,8500.0,24,personal,1803.1,91,0
30,4,25800.0,500,0.35,0,0,11000.0,48,home_improvement,117.62,29,0
36,9,24700.0,388,0.26,2,1,5000.0,24,debt_consolidation,908.89,92,0
55,14,28000.0,462,0.1,0,0,5000.0,12,debt_consolidation,752.74,86,0
28,6,18000.0,571,0.25,0,0,16000.0,12,debt_consolidation,658.79,90,0
47,1,25200.0,550,0.23,1,0,7500.0,12,debt_consolidation,403.27,93,0
26,6,30800.0,556,0.46,1,0,11000.0,36,debt_consolidation,560.27,7,0
31,6,29500.0,421,0.41,1,1,15000.0,24,personal,1151.78,30,0
33,6,41300.0,531,0.14,1,0,7500.0,12,personal,1771.98,38,0
42,8,24200.0,599,0.12,1,0,7000.0,36,debt_consolidation,529.3,104,0
33,6,20000.0,447,0.11,1,0,9500.0,24,personal,718.86,57,0
35,1,23000.0,477,0.34,0,0,6500.0,36,debt_consolidation,368.91,16,0
31,2,15400.0,547,0.21,0,1,5000.0,36,debt_consolidation,611.72,32,0
39,9,22700.0,503,0.25,1,0,9000.0,12,business,948.85,104,0
29,1,21000.0,417,0.28,1,0,12000.0,24,personal,1010.74,27,0
53,10,30900.0,460,0.08,0,0,5000.0,12,debt_consolidation,930.75,156,0
38,3,24300.0,355,0.54,1,0,12500.0,48,home_improvement,228.4,27,0
52,8,34000.0,545,0.3,0,0,22000.0,60,home_improvement,893.68,50,0
42,6,25100.0,503,0.11,0,2,20000.0,24,home_improvement,1119.91,21,0
55,7,22600.0,589,0.07,0,0,9500.0,36,education,349.26,89,0
43,8,15000.0,516,0.23,1,0,5000.0,48,personal,425.05,34,0
43,11,50700.0,651,0.33,2,0,20000.0,12,debt_consolidation,207.69,54,0
46,7,44000.0,544,0.32,1,0,14500.0,48,debt_consolidation,705.52,108,0
41,9,19400.0,557,0.21,0,0,5000.0,12,debt_consolidation,539.12,94,0
32,6,23800.0,463,0.31,2,0,8500.0,24,business,507.86,59,0
28,9,20300.0,425,0.34,0,1,5000.0,24,home_improvement,452.64,38,0
35,11,23500.0,379,0.35,2,0,9500.0,36,debt_consolidation,576.27,103,0
32,10,31700.0,473,0.32,0,2,11500.0,12,personal,610.89,34,0
43,6,40000.0,643,0.33,3,0,5000.0,60,personal,1249.7,45,0
47,10,16200.0,538,0.24,2,0,12500.0,36,debt_consolidation,414.93,78,0
44,21,70400.0,623,0.25,1,0,15500.0,24,debt_consolidation,664.51,124,0
32,6,23700.0,463,0.39,3,0,5000.0,24,business,652.64,56,0
48,3,42700.0,577,0.3,2,0,5000.0,48,home_improvement,1955.64,12,0
60,31,34500.0,591,0.48,3,0,18000.0,36,personal,316.98,169,0
45,9,32200.0,521,0.24,1,0,16000.0,60,business,977.42,72,0
46,5,31100.0,635,0.48,3,1,18000.0,12,home_improvement,1470.52,151,0
44,16,63500.0,723,0.14,0,0,19000.0,24,home_improvement,1711.24,93,0
34,7,19800.0,578,0.46,1,1,13000.0,60,debt_consolidation,632.22,81,0
40,10,46100.0,537,0.3,1,0,14500.0,60,debt_consolidation,1863.07,63,0
44,2,22400.0,544,0.22,0,1,5000.0,12,education,697.64,122,0
43,11,52800.0,551,0.23,0,0,22000.0,36,education,372.32,86,0
55,12,38600.0,549,0.04,0,0,5000.0,48,education,1584.59,60,0
36,3,30900.0,497,0.16,1,1,17000.0,60,debt_consolidation,420.03,22,0
28,3,17400.0,448,0.18,1,0,5000.0,48,personal,711.58,31,0
26,4,17000.0,599,0.29,1,0,5000.0,12,home_improvement,800.42,37,0
52,6,66500.0,577,0.16,0,0,12500.0,12,personal,1462.86,85,0
42,9,29300.0,553,0.11,1,0,31000.0,12,home_improvement,712.79,145,0
43,16,68500.0,519,0.2,1,0,21500.0,48,home_improvement,842.1,99,0
58,6,31300.0,608,0.22,0,0,23500.0,12,personal,119.13,189,0
32,7,45700.0,597,0.49,3,0,11000.0,60,home_improvement,1650.94,72,0
39,10,23500.0,681,0.21,0,0,7500.0,48,debt_consolidation,899.37,65,0
41,4,18200.0,393,0.19,1,0,14500.0,36,business,836.18,95,0
46,11,33100.0,587,0.37,0,0,20000.0,36,home_improvement,1148.25,114,0
39,14,42700.0,438,0.58,5,0,21000.0,24,personal,1352.67,22,1
35,3,17600.0,448,0.22,1,0,5000.0,12,home_improvement,370.92,56,0
56,34,37800.0,553,0.5,2,0,28000.0,24,personal,1539.36,208,0
29,7,15000.0,444,0.15,1,0,5000.0,36,debt_consolidation,354.29,38,0
46,11,31800.0,496,0.25,0,0,8500.0,36,home_improvement,639.81,153,0
46,15,36600.0,472,0.51,2,0,17000.0,12,education,899.93,176,0
34,3,28400.0,535,0.31,1,0,8000.0,12,personal,1059.63,39,0
34,6,17600.0,499,0.24,2,0,5000.0,24,personal,500.74,22,0
55,15,27400.0,494,0.24,0,0,15000.0,48,education,1089.66,97,0
33,5,15000.0,363,0.34,3,0,20000.0,48,business,311.04,63,0
37,9,19700.0,590,0.11,0,0,17500.0,36,home_improvement,367.06,69,0
37,9,71500.0,489,0.38,2,1,22000.0,24,home_improvement,2984.22,53,0
52,7,62200.0,499,0.3,3,0,5000.0,12,business,1380.25,114,0
45,16,53400.0,701,0.19,2,0,5000.0,12,home_improvement,618.21,75,0
32,3,17900.0,508,0.23,1,0,5000.0,24,debt_consolidation,353.47,44,0
54,5,21200.0,545,0.29,1,0,8000.0,48,education,988.32,110,0
27,6,15000.0,382,0.42,3,0,26000.0,60,home_improvement,622.34,24,0
52,22,47100.0,529,0.11,0,0,19500.0,12,business,2418.22,28,0
40,5,20500.0,470,0.2,1,0,5000.0,48,education,899.2,102,0
33,9,24300.0,498,0.45,1,1,13000.0,12,personal,1161.78,43,0
59,12,28400.0,481,0.36,2,0,16500.0,24,personal,1065.09,181,0
43,7,29300.0,509,0.33,1,0,25000.0,24,education,521.77,8,0
31,2,21600.0,388,0.07,0,0,9500.0,24,personal,396.58,33,0
44,6,15000.0,554,0.35,0,0,5000.0,36,personal,716.22,61,0
41,13,33900.0,428,0.41,0,0,25000.0,24,education,364.7,33,0
48,7,45600.0,522,0.25,0,1,24500.0,60,business,1651.61,126,0
32,9,68200.0,629,0.13,0,0,24500.0,48,home_improvement,2276.32,33,0
34,6,15000.0,545,0.51,1,0,5000.0,36,home_improvement,282.38,59,0
38,1,33700.0,625,0.25,2,0,6500.0,24,home_improvement,1813.44,99,1
46,9,30700.0,550,0.28,1,0,21500.0,24,personal,1239.01,141,0
39,5,23800.0,527,0.23,2,0,12000.0,36,home_improvement,214.19,72,1
32,6,49800.0,528,0.26,3,0,14000.0,36,home_improvement,1890.27,72,0
52,23,33100.0,529,0.24,1,1,7000.0,36,business,880.54,62,0
37,3,26000.0,478,0.32,3,0,5000.0,24,personal,982.41,72,0
48,12,60000.0,569,0.15,2,0,15500.0,48,debt_consolidation,2573.39,96,0
46,11,40200.0,492,0.22,1,1,16500.0,60,debt_consolidation,1167.62,88,0
30,3,22700.0,512,0.22,0,0,24000.0,12,debt_consolidation,924.81,24,0
35,7,31600.0,461,0.32,1,0,5000.0,48,home_improvement,751.95,25,0
35,3,22000.0,521,0.16,1,1,18000.0,12,personal,178.32,107,0
50,19,27500.0,575,0.32,2,0,20000.0,48,debt_consolidation,765.34,34,0
42,13,33300.0,584,0.17,1,0,11000.0,24,debt_consolidation,550.13,119,0
39,13,46000.0,567,0.44,3,0,14000.0,60,personal,1868.74,83,0
52,11,17800.0,605,0.24,2,0,6000.0,48,debt_consolidation,342.15,135,0
43,4,34400.0,460,0.26,3,0,21000.0,36,education,569.11,32,0
32,4,41600.0,490,0.11,0,0,12000.0,36,debt_consolidation,1096.88,22,0
46,4,33500.0,449,0.23,1,0,26000.0,36,business,223.05,97,0
47,13,35000.0,436,0.34,0,0,12000.0,36,business,692.6,68,0
36,3,28900.0,441,0.22,1,1,12500.0,48,home_improvement,710.92,65,0
45,20,47100.0,475,0.31,1,0,15500.0,36,personal,1866.28,22,0
39,4,25500.0,498,0.3,1,2,5000.0,12,home_improvement,725.61,93,0
40,7,34400.0,461,0.27,3,0,13500.0,24,business,405.86,60,0
47,12,56400.0,585,0.43,3,1,9500.0,48,home_improvement,1762.14,58,0
37,7,29600.0,473,0.34,1,0,17000.0,12,business,374.81,63,0
35,12,54500.0,456,0.17,1,0,6500.0,60,home_improvement,670.5,29,0
56,15,36100.0,528,0.26,2,0,5000.0,12,business,1056.85,96,0
39,3,25600.0,556,0.33,2,0,8500.0,12,personal,410.31,90,0
38,7,39200.0,590,0.23,1,0,16500.0,48,debt_consolidation,2034.72,32,0
52,10,33000.0,625,0.21,1,0,23500.0,12,home_improvement,1995.28,167,0
25,1,20500.0,550,0.2,0,0,12000.0,12,home_improvement,200.7,14,0
35,4,15000.0,362,0.32,0,0,6000.0,48,debt_consolidation,100.0,59,0
32,9,29100.0,439,0.21,0,0,11500.0,12,home_improvement,1278.59,53,0
52,13,27700.0,431,0.35,2,0,6500.0,36,business,269.69,139,0
39,14,27800.0,406,0.38,1,1,12000.0,36,debt_consolidation,278.39,100,0
50,13,21700.0,554,0.33,0,0,23000.0,12,personal,643.17,43,0
39,9,30300.0,598,0.3,1,0,21500.0,24,business,374.83,94,0
26,4,15000.0,453,0.28,0,0,5000.0,48,home_improvement,176.28,41,0
29,7,30500.0,479,0.2,2,0,33500.0,36,home_improvement,1483.57,50,0
41,11,27900.0,534,0.49,3,0,5000.0,24,debt_consolidation,492.51,126,0
42,7,30300.0,547,0.22,0,0,16500.0,12,home_improvement,1108.71,101,0
46,12,27200.0,704,0.42,0,0,5000.0,12,personal,164.24,96,0
31,6,23500.0,463,0.38,2,0,34500.0,24,personal,224.09,4,0
31,3,25500.0,439,0.31,0,0,20000.0,12,education,866.61,42,0
44,3,17600.0,538,0.24,1,1,19000.0,12,education,322.42,18,0
44,15,57100.0,522,0.07,0,0,17500.0,36,home_improvement,2222.9,11,0
36,2,24000.0,435,0.15,1,0,5000.0,12,debt_consolidation,132.16,76,0
46,10,34300.0,602,0.33,1,0,21000.0,36,education,1397.42,104,0
47,20,107400.0,646,0.3,4,1,34000.0,24,debt_consolidation,696.47,141,0
31,2,15000.0,464,0.14,0,0,12000.0,12,business,425.19,72,0
59,6,44700.0,511,0.22,1,0,16500.0,60,home_improvement,1020.25,92,0
48,20,48800.0,690,0.18,2,0,16000.0,36,home_improvement,543.0,159,0
40,5,19500.0,359,0.11,0,1,5000.0,60,home_improvement,100.0,29,0
60,6,40200.0,618,0.27,0,0,8000.0,12,business,186.42,102,0
43,18,26600.0,466,0.22,2,1,15000.0,24,home_improvement,1285.18,103,0
58,18,38300.0,528,0.18,0,0,24500.0,48,personal,1079.4,183,0
25,4,24000.0,324,0.14,1,0,19500.0,12,home_improvement,1072.84,7,0
59,29,78400.0,611,0.17,0,0,40000.0,24,education,2682.46,193,0
34,7,29000.0,417,0.3,0,1,15000.0,60,home_improvement,980.56,38,0
35,7,24400.0,379,0.28,2,0,5000.0,12,personal,825.77,30,0
56,22,63000.0,532,0.33,1,0,10500.0,36,debt_consolidation,827.56,67,0
55,16,31100.0,607,0.26,2,0,5000.0,12,business,593.14,195,0
51,10,33800.0,537,0.5,2,0,13000.0,48,business,1411.05,115,0
40,8,35300.0,528,0.25,0,0,9500.0,12,home_improvement,819.68,52,0
34,3,25200.0,575,0.23,0,0,13500.0,36,education,545.75,71,0
65,21,70400.0,630,0.12,1,0,28000.0,60,debt_consolidation,1527.9,55,0
57,7,49600.0,521,0.3,1,0,19000.0,24,personal,1661.29,126,0
24,1,22000.0,570,0.24,3,0,20000.0,48,education,1340.99,4,0
47,4,32600.0,482,0.2,1,0,15500.0,48,home_improvement,964.34,17,0
51,14,28800.0,509,0.24,2,0,6000.0,60,home_improvement,1368.18,130,0
36,2,33800.0,475,0.1,0,0,10000.0,48,home_improvement,1000.82,70,0
46,18,46500.0,567,0.37,3,1,21000.0,24,home_improvement,1032.24,112,0
48,5,20900.0,580,0.63,6,0,5000.0,12,home_improvement,504.34,81,0
58,19,62400.0,608,0.37,3,0,21000.0,36,home_improvement,929.08,179,0
37,8,28300.0,519,0.23,0,0,5000.0,12,personal,806.24,10,0
36,4,79700.0,621,0.17,1,0,15000.0,48,home_improvement,3200.71,166,0
30,8,35700.0,525,0.36,0,0,11500.0,48,home_improvement,234.69,52,0
28,2,19600.0,530,0.27,1,1,14000.0,36,debt_consolidation,215.47,56,0
32,6,15400.0,478,0.14,0,0,15500.0,60,home_improvement,293.78,64,0
34,8,38500.0,487,0.18,0,0,16000.0,48,business,1850.05,77,0
28,4,19300.0,496,0.31,0,0,22000.0,12,personal,400.97,100,0
51,16,34000.0,588,0.28,2,0,25000.0,24,personal,1460.66,106,0
54,4,28700.0,513,0.29,3,0,33000.0,36,personal,329.35,142,0
29,4,24200.0,530,0.39,2,0,5000.0,36,personal,666.74,62,0
54,13,39800.0,670,0.07,0,0,18000.0,12,personal,1543.16,69,0
23,2,31600.0,524,0.45,1,1,15500.0,12,education,464.49,23,1
26,4,28000.0,518,0.26,2,0,8000.0,60,personal,475.59,55,0
31,3,22500.0,417,0.4,1,0,7500.0,36,personal,968.52,28,0
42,9,17400.0,506,0.41,2,0,15000.0,24,education,428.77,173,0
23,1,15400.0,510,0.48,2,0,17000.0,12,home_improvement,529.82,15,0
40,9,28400.0,583,0.27,2,2,8000.0,12,home_improvement,401.78,69,0
41,7,21700.0,417,0.34,1,0,9000.0,12,home_improvement,848.62,53,0
35,8,53400.0,559,0.17,1,0,8000.0,12,business,2472.76,54,0
51,24,28700.0,566,0.4,5,0,11000.0,12,home_improvement,756.36,112,0
23,3,40900.0,416,0.27,1,1,5000.0,12,education,2006.34,13,0
35,11,20300.0,487,0.15,1,0,9000.0,12,home_improvement,238.09,65,0
46,5,15000.0,553,0.25,2,0,5000.0,36,home_improvement,545.76,91,0
55,6,55100.0,552,0.42,2,1,18500.0,12,business,669.78,47,0
35,12,30500.0,551,0.26,0,0,9000.0,24,debt_consolidation,1154.51,83,0
52,24,87100.0,664,0.3,2,1,36500.0,36,debt_consolidation,2890.13,70,0
47,4,20000.0,537,0.5,2,0,5000.0,48,personal,404.81,37,0
40,8,26400.0,518,0.15,1,0,7500.0,48,home_improvement,673.38,7,0
43,9,26100.0,399,0.2,2,0,5000.0,12,personal,500.08,110,0
36,4,19200.0,429,0.29,1,0,11500.0,12,home_improvement,100.0,64,0
26,3,29000.0,602,0.18,1,0,21000.0,48,debt_consolidation,801.46,17,0
22,2,46000.0,481,0.28,2,0,13000.0,24,education,1097.58,7,0
27,4,19000.0,563,0.19,1,0,11000.0,12,home_improvement,658.67,7,0
35,11,25800.0,419,0.35,0,0,13500.0,24,education,973.88,46,0
35,3,46600.0,560,0.15,1,0,5000.0,12,personal,786.4,75,0
40,3,15000.0,574,0.56,2,0,6500.0,60,home_improvement,384.09,139,0
39,4,25800.0,544,0.3,4,1,11500.0,24,debt_consolidation,767.43,77,0
42,6,34700.0,391,0.16,2,0,7000.0,60,personal,300.81,108,0
52,3,26200.0,436,0.31,2,0,13000.0,24,home_improvement,1013.58,83,0
44,13,36500.0,556,0.35,3,0,5000.0,48,personal,1709.92,34,0
32,10,15100.0,502,0.18,0,0,12000.0,48,business,139.45,168,0
33,7,32700.0,381,0.5,2,0,18500.0,12,debt_consolidation,1015.67,70,1
38,9,30800.0,463,0.46,0,0,11000.0,12,home_improvement,284.79,36,0
27,6,20700.0,465,0.19,1,0,5000.0,36,personal,120.25,38,0
26,4,16400.0,410,0.19,1,0,8000.0,36,education,387.4,40,0
50,11,53200.0,637,0.45,4,0,14500.0,12,debt_consolidation,1851.41,172,0
50,6,31500.0,582,0.32,2,0,16000.0,36,business,1240.35,121,0
40,7,42100.0,644,0.37,1,0,19000.0,48,business,2204.74,112,0
29,5,27600.0,531,0.3,3,0,5000.0,36,personal,868.33,52,0
38,3,30000.0,537,0.54,3,0,16000.0,36,personal,875.92,39,0
42,19,45400.0,562,0.41,4,0,10000.0,48,debt_consolidation,1265.64,66,0
27,7,23100.0,427,0.15,0,0,14000.0,36,personal,696.44,57,0
39,3,33100.0,579,0.19,1,0,12500.0,12,personal,1196.05,86,0
49,20,35300.0,472,0.31,1,1,16000.0,36,personal,259.47,74,0
38,5,30100.0,508,0.7,4,0,11500.0,36,business,655.33,84,1
53,15,51000.0,547,0.08,0,0,10500.0,60,debt_consolidation,1061.6,50,0
39,7,27100.0,511,0.2,0,0,5000.0,48,business,195.9,149,0
33,9,42600.0,457,0.37,0,0,24500.0,24,home_improvement,786.4,41,0
24,3,23100.0,536,0.17,0,0,5000.0,24,business,580.12,13,0
30,7,15000.0,526,0.31,0,1,5500.0,60,personal,226.44,52,0
41,12,41200.0,536,0.26,1,0,34500.0,60,debt_consolidation,2000.77,86,0
37,8,40500.0,482,0.11,0,1,17500.0,12,personal,152.56,66,0
51,15,47000.0,490,0.19,0,0,16000.0,48,business,1223.13,141,0
31,9,70700.0,549,0.32,2,0,32000.0,48,personal,750.54,55,0
45,17,43900.0,520,0.12,1,1,16000.0,36,personal,1618.48,4,0
43,6,16200.0,443,0.43,1,1,7500.0,48,personal,208.4,29,1
60,13,34900.0,573,0.39,3,0,5000.0,60,personal,440.73,109,0
40,4,24900.0,529,0.2,0,0,9000.0,24,business,475.59,120,0
45,9,46100.0,598,0.52,2,0,11500.0,36,business,1477.98,86,1
35,4,30400.0,435,0.32,0,0,19500.0,48,education,1031.56,24,0
51,21,15500.0,543,0.2,0,0,14500.0,36,debt_consolidation,560.0,146,0
34,7,41100.0,303,0.42,3,1,11500.0,48,personal,496.4,66,1
29,2,22100.0,551,0.16,0,0,5000.0,12,business,519.72,13,0
45,6,53500.0,506,0.35,3,0,19000.0,48,home_improvement,1294.4,17,0
37,14,49500.0,477,0.36,2,0,6000.0,12,home_improvement,609.11,72,0
25,5,17900.0,431,0.16,0,0,5000.0,12,home_improvement,616.8,3,0
52,6,27200.0,525,0.11,0,0,18000.0,12,debt_consolidation,1080.68,74,0
64,20,33700.0,517,0.09,1,0,21000.0,24,business,1126.52,157,0
24,2,38400.0,426,0.11,0,0,5000.0,12,personal,1765.1,12,0
47,14,15000.0,446,0.31,3,0,10500.0,48,home_improvement,463.63,105,0
23,2,22100.0,471,0.34,0,1,5000.0,24,business,432.8,22,0
32,6,25400.0,465,0.12,0,0,6000.0,36,business,699.47,38,0
28,1,37000.0,412,0.2,0,0,5000.0,48,education,199.26,9,0
42,2,29700.0,651,0.37,1,1,16000.0,24,business,686.63,58,0
36,1,27100.0,300,0.32,1,0,19000.0,12,home_improvement,470.14,48,0
33,3,26000.0,564,0.24,1,1,19500.0,60,debt_consolidation,782.21,24,0
23,1,26600.0,475,0.44,1,0,9500.0,36,personal,1069.87,21,0
33,6,16700.0,544,0.21,1,0,11500.0,24,home_improvement,402.65,48,0
40,2,24000.0,502,0.27,2,0,11000.0,60,personal,1019.05,120,0
32,5,27600.0,538,0.37,1,0,5500.0,24,home_improvement,1278.1,70,0
51,14,41500.0,613,0.18,0,0,9500.0,36,home_improvement,1973.87,140,0
35,2,51100.0,483,0.28,0,0,21000.0,24,personal,1933.63,127,0
39,6,22400.0,639,0.2,1,1,8500.0,12,personal,1125.31,111,0
42,11,43200.0,482,0.35,1,1,17500.0,48,personal,474.8,42,0
26,4,27400.0,451,0.19,1,1,5000.0,24,home_improvement,902.17,52,0
28,2,20700.0,374,0.18,1,0,5000.0,24,personal,695.4,59,0
30,7,19000.0,503,0.28,0,0,5000.0,36,personal,928.32,47,0
38,12,30600.0,609,0.4,0,1,5000.0,24,personal,317.01,61,0
30,5,15000.0,484,0.4,0,0,11500.0,12,debt_consolidation,533.68,47,0
54,9,41500.0,470,0.37,1,1,10500.0,12,personal,1617.18,127,0
34,4,31800.0,320,0.37,0,1,5000.0,36,home_improvement,1042.49,98,1
41,5,68800.0,560,0.24,1,0,28000.0,36,personal,973.89,102,0
54,10,54500.0,485,0.44,2,0,14000.0,36,debt_consolidation,388.94,139,0
29,4,19400.0,537,0.33,1,0,12500.0,60,home_improvement,583.61,33,0
49,17,52400.0,513,0.44,2,0,30000.0,48,debt_consolidation,1628.63,7,0
61,3,27900.0,640,0.13,0,0,16500.0,60,business,822.73,61,0
61,17,101300.0,671,0.36,3,0,44500.0,60,debt_consolidation,3217.78,129,0
41,4,25200.0,399,0.33,1,0,10000.0,48,debt_consolidation,590.53,5,0
54,14,31200.0,625,0.33,0,0,24500.0,60,personal,1578.12,110,0
37,6,26900.0,459,0.45,2,0,12500.0,12,personal,547.51,52,0
37,10,16000.0,470,0.22,0,0,19000.0,60,business,532.26,102,0
48,24,43600.0,523,0.27,3,0,5000.0,24,personal,775.89,41,0
54,10,33300.0,475,0.23,0,0,10000.0,36,personal,1720.65,22,0
30,3,51900.0,501,0.46,3,0,20000.0,48,home_improvement,1349.74,28,1
42,3,16800.0,508,0.26,1,0,5000.0,24,personal,546.38,9,0
35,12,39900.0,528,0.29,3,0,5000.0,36,home_improvement,1291.7,82,0
49,6,24200.0,418,0.34,1,0,8500.0,24,personal,100.0,110,0
35,4,21600.0,493,0.28,1,0,12500.0,60,debt_consolidation,506.88,95,0
35,4,18600.0,392,0.15,0,1,7000.0,48,debt_consolidation,563.91,47,0
32,2,41800.0,529,0.3,2,0,19500.0,48,personal,1172.06,48,0
37,13,60300.0,627,0.5,4,0,5000.0,12,debt_consolidation,2864.47,103,0
38,15,18200.0,561,0.43,1,0,16000.0,24,personal,857.0,59,0
22,3,28300.0,531,0.15,1,0,15000.0,12,education,1069.25,29,0
40,11,69100.0,492,0.16,2,0,24000.0,48,home_improvement,1917.84,72,0
40,14,23700.0,520,0.25,1,0,9500.0,12,business,871.96,184,0
33,4,15000.0,481,0.09,0,0,5500.0,12,home_improvement,647.19,58,0
31,4,15000.0,444,0.25,1,0,5000.0,24,personal,488.9,68,0
55,16,24600.0,438,0.15,1,0,5000.0,12,personal,351.96,141,0
46,5,35800.0,549,0.22,0,0,32000.0,24,personal,436.71,21,0
33,2,17800.0,544,0.18,0,0,8500.0,36,home_improvement,432.13,120,0
49,10,15000.0,633,0.35,3,0,5000.0,60,debt_consolidation,409.61,93,0
57,25,40200.0,592,0.18,1,0,7500.0,12,personal,100.0,60,0
42,8,24600.0,542,0.27,2,0,19500.0,24,business,548.08,28,0
36,5,37000.0,376,0.45,3,1,5000.0,12,home_improvement,718.71,62,1
60,17,38200.0,598,0.28,2,0,11500.0,24,home_improvement,702.96,239,0
41,3,24000.0,614,0.45,1,0,21000.0,48,home_improvement,1259.18,86,0
25,4,25700.0,612,0.12,0,0,23000.0,48,business,724.46,12,0
39,10,49100.0,598,0.4,4,2,24000.0,48,home_improvement,1030.91,107,0
40,1,15000.0,453,0.4,0,1,5000.0,36,business,274.68,20,0
22,2,26400.0,448,0.25,1,0,15000.0,48,personal,661.58,37,0
35,5,18600.0,562,0.26,1,0,14000.0,36,home_improvement,167.31,67,0
42,5,32900.0,521,0.1,0,0,19500.0,48,home_improvement,1647.53,102,0
46,7,21100.0,554,0.04,0,0,21000.0,12,personal,1039.84,159,0
56,35,73700.0,673,0.3,0,0,16500.0,12,business,1095.84,155,0
46,17,36400.0,455,0.12,0,0,26500.0,36,personal,875.14,23,0
33,9,23400.0,538,0.38,2,1,14500.0,24,business,458.56,14,0
42,16,34400.0,495,0.33,2,1,7000.0,24,education,236.32,62,0
49,15,59200.0,566,0.29,0,0,21000.0,12,personal,285.55,128,0
59,20,48800.0,620,0.23,1,0,8500.0,36,business,465.39,83,0
25,3,42800.0,609,0.49,1,0,12000.0,48,personal,1309.98,35,0
37,5,24600.0,535,0.27,0,0,13000.0,12,personal,1173.89,69,0
38,10,25500.0,557,0.19,2,0,5000.0,48,home_improvement,1514.4,26,0
49,19,33800.0,550,0.53,3,1,19500.0,36,personal,1135.76,42,0
38,7,15000.0,461,0.21,0,0,14000.0,24,personal,703.34,113,0
55,8,15000.0,569,0.26,1,0,10000.0,12,debt_consolidation,538.42,106,0
47,13,45600.0,553,0.38,2,0,7500.0,24,personal,780.14,76,0
28,3,38000.0,497,0.33,2,0,5000.0,24,personal,1315.95,20,0
37,5,35100.0,398,0.26,1,0,5000.0,24,business,967.38,20,0
46,10,44500.0,532,0.48,1,0,15500.0,24,home_improvement,983.68,53,0
31,5,26000.0,410,0.22,0,0,24000.0,60,debt_consolidation,1358.23,17,0
23,2,45200.0,488,0.26,2,0,32500.0,24,debt_consolidation,1217.42,14,0
52,21,50800.0,470,0.29,1,0,20500.0,36,personal,726.87,81,0
48,26,60000.0,566,0.29,2,0,20000.0,36,business,659.68,124,0
42,12,26300.0,547,0.27,2,0,6500.0,24,home_improvement,484.22,106,0
28,7,19800.0,461,0.22,1,0,7500.0,60,personal,468.27,43,0
46,16,40600.0,393,0.53,5,0,13500.0,24,home_improvement,1066.0,48,0
35,5,36100.0,446,0.31,3,0,5500.0,48,personal,459.1,18,1
50,16,26900.0,530,0.3,2,0,5000.0,48,personal,236.17,126,0
38,6,26100.0,549,0.14,1,1,5000.0,48,education,287.21,34,0
46,5,46300.0,528,0.42,4,1,20500.0,60,education,1275.55,64,0
43,9,34900.0,412,0.37,1,0,21000.0,48,business,1154.79,99,0
31,2,30500.0,585,0.22,3,0,12500.0,36,home_improvement,1094.51,65,0
35,6,35700.0,534,0.3,1,0,9500.0,48,education,649.49,118,0
50,16,38400.0,560,0.52,1,0,5000.0,12,debt_consolidation,441.48,40,0
44,6,33400.0,487,0.37,0,0,5000.0,12,debt_consolidation,1187.76,82,0
56,10,44900.0,535,0.43,5,0,10000.0,12,personal,415.51,148,0
26,6,28700.0,412,0.18,1,1,7000.0,24,education,217.67,105,0
35,5,31200.0,503,0.18,0,0,18000.0,60,education,184.22,58,0
47,15,23800.0,529,0.33,0,1,11500.0,36,debt_consolidation,756.78,48,0
42,16,26700.0,414,0.23,1,0,13000.0,48,debt_consolidation,100.0,27,0
63,16,16700.0,644,0.19,1,0,5000.0,36,business,487.83,107,0
51,6,26700.0,545,0.41,2,0,5000.0,24,personal,1060.74,64,0
30,5,28200.0,414,0.06,0,1,5000.0,48,personal,1351.8,24,0
30,7,20900.0,413,0.31,2,1,5000.0,48,debt_consolidation,407.2,43,1
40,8,32400.0,558,0.2,0,1,22000.0,36,education,1395.65,16,0
32,8,26000.0,490,0.3,1,0,12000.0,48,personal,875.8,41,0
28,1,28700.0,496,0.16,0,0,21000.0,36,home_improvement,951.73,32,0
44,12,27300.0,639,0.32,0,0,20000.0,24,personal,761.07,84,0
48,15,21800.0,408,0.17,0,0,5000.0,12,personal,666.87,54,0
27,2,21400.0,549,0.32,1,0,5000.0,12,home_improvement,190.74,19,0
30,5,15000.0,473,0.42,1,1,5000.0,12,education,193.37,16,0
42,9,47200.0,611,0.12,1,0,23000.0,24,home_improvement,946.42,61,0
41,12,45900.0,534,0.36,0,0,9000.0,12,personal,1183.16,105,0
46,11,53600.0,539,0.16,0,0,22500.0,60,personal,1432.46,103,0
30,9,22500.0,597,0.27,0,0,10500.0,12,home_improvement,100.0,64,0
37,7,39900.0,605,0.32,3,0,12500.0,36,home_improvement,1687.7,31,0
29,2,15000.0,467,0.25,2,2,5000.0,36,business,301.86,66,0
41,7,32300.0,541,0.11,0,0,5000.0,36,debt_consolidation,1448.39,133,0
41,8,40400.0,642,0.37,1,1,14000.0,60,personal,847.38,84,0
51,8,34600.0,554,0.32,3,0,13000.0,12,personal,493.98,62,0
41,4,49300.0,659,0.33,3,0,21000.0,12,home_improvement,1129.21,104,0
28,3,18000.0,462,0.37,0,0,7500.0,60,education,352.93,58,0
48,20,31200.0,624,0.22,0,0,14000.0,12,personal,606.16,126,0
43,4,38100.0,570,0.4,2,0,5000.0,24,education,327.15,94,0
45,12,47400.0,599,0.36,0,1,5000.0,24,business,658.64,139,0
46,12,39400.0,483,0.47,3,2,6000.0,24,home_improvement,879.66,61,0
54,6,35900.0,577,0.43,3,0,23500.0,48,personal,1521.1,100,0
48,16,38400.0,497,0.22,1,0,7500.0,60,personal,977.73,55,0
24,3,42300.0,503,0.13,1,0,11500.0,48,education,2156.32,3,0
62,19,32400.0,394,0.47,4,0,17500.0,12,home_improvement,1030.75,154,0
26,5,21500.0,482,0.26,3,0,7500.0,48,debt_consolidation,131.27,35,0
44,1,15000.0,577,0.36,2,0,16000.0,48,personal,379.88,95,0
36,6,19900.0,491,0.28,3,0,5000.0,24,home_improvement,211.2,19,0
36,4,24400.0,502,0.37,0,0,5000.0,12,business,350.81,30,0
42,15,39800.0,618,0.16,1,0,11500.0,36,personal,1072.55,85,0
24,3,27200.0,500,0.36,1,0,21000.0,12,business,186.09,11,0
34,2,41300.0,476,0.15,1,0,20000.0,24,business,706.32,68,0
35,7,29300.0,339,0.46,6,0,7000.0,24,debt_consolidation,597.95,60,0
35,5,34400.0,451,0.1,0,1,17000.0,60,education,1198.79,58,0
50,2,47900.0,552,0.34,0,0,13000.0,48,home_improvement,2374.69,117,0
29,2,24000.0,598,0.38,1,1,5000.0,60,debt_consolidation,467.89,11,0
36,4,26500.0,560,0.24,2,0,10500.0,12,personal,203.09,69,0
38,16,15400.0,475,0.15,0,0,6500.0,48,home_improvement,286.87,91,0
36,5,26000.0,537,0.35,2,1,5000.0,12,personal,650.16,15,0
46,5,64100.0,550,0.25,1,1,23000.0,60,home_improvement,2203.3,88,0
34,13,41800.0,522,0.05,0,0,7000.0,12,home_improvement,1582.92,25,0
51,22,28600.0,479,0.47,2,0,18000.0,36,personal,1273.67,69,0
34,4,23900.0,349,0.43,2,1,15000.0,60,debt_consolidation,695.9,48,1
49,6,25700.0,540,0.63,3,0,22000.0,60,personal,298.38,99,0
33,5,20900.0,554,0.52,3,0,5000.0,60,home_improvement,580.28,26,0
43,9,27700.0,549,0.23,2,0,21000.0,48,home_improvement,1415.62,33,0
33,8,28900.0,523,0.22,2,1,5000.0,12,personal,930.4,7,0
23,2,15000.0,464,0.25,1,1,20500.0,12,education,413.03,14,0
52,14,28900.0,479,0.34,4,1,5000.0,36,home_improvement,519.02,73,0
43,10,22700.0,646,0.15,1,0,5000.0,12,home_improvement,920.48,59,0
48,9,15000.0,606,0.15,1,0,12000.0,48,personal,178.2,131,0
26,3,39900.0,656,0.32,1,0,7500.0,36,debt_consolidation,949.16,12,0
34,8,21100.0,549,0.12,1,0,9500.0,12,personal,795.27,32,0
37,5,19800.0,571,0.14,0,0,15500.0,60,debt_consolidation,496.86,28,0
32,8,25800.0,402,0.2,0,0,18000.0,60,debt_consolidation,1379.17,68,0
41,9,74000.0,656,0.12,1,1,13500.0,24,home_improvement,2735.16,82,0
31,2,26000.0,457,0.27,0,1,16000.0,48,home_improvement,1223.08,42,0
38,9,17200.0,605,0.28,1,0,16000.0,48,personal,602.75,57,0
50,5,29000.0,486,0.08,0,1,11500.0,24,home_improvement,1258.95,138,0
46,5,18700.0,452,0.36,1,0,18000.0,12,personal,312.18,20,0
28,3,37400.0,522,0.47,3,0,15500.0,48,personal,816.15,66,0
39,11,66200.0,647,0.26,2,0,20500.0,12,business,1718.74,47,0
35,8,24400.0,581,0.34,1,0,10000.0,48,personal,914.86,78,0
46,10,28100.0,469,0.25,2,1,12000.0,24,personal,720.02,135,0
25,4,39200.0,472,0.3,1,0,9000.0,12,personal,1660.59,54,0
48,10,18600.0,507,0.33,1,0,8000.0,48,business,183.6,76,0
34,2,21000.0,655,0.35,1,0,10000.0,24,personal,408.12,124,0
44,14,45400.0,547,0.39,1,0,19500.0,60,home_improvement,1245.52,47,0
50,17,33400.0,511,0.09,0,0,13000.0,60,debt_consolidation,726.91,120,0
50,21,25600.0,590,0.5,3,1,11000.0,12,personal,817.82,100,0
42,3,19700.0,506,0.22,2,0,7000.0,48,business,228.21,106,0
26,2,35700.0,408,0.27,2,0,15500.0,12,business,1272.32,56,1
28,5,15800.0,446,0.32,1,0,5000.0,12,personal,696.1,31,0
54,11,78600.0,599,0.25,4,0,43000.0,60,business,1748.3,39,0
46,8,27500.0,567,0.24,0,0,5000.0,24,debt_consolidation,908.77,81,0
46,17,26800.0,581,0.31,0,0,5000.0,48,debt_consolidation,1400.87,111,0
44,12,37800.0,481,0.3,3,0,6500.0,36,home_improvement,751.46,127,0
42,5,34300.0,509,0.39,2,0,14500.0,24,debt_consolidation,771.23,86,0
28,3,31400.0,461,0.35,0,0,18000.0,12,business,100.0,35,0
50,7,19000.0,457,0.4,2,0,5000.0,24,personal,465.33,38,0
55,11,39200.0,627,0.14,1,0,12500.0,12,debt_consolidation,1955.92,175,0
45,6,26300.0,478,0.5,3,0,5000.0,36,debt_consolidation,983.01,140,0
43,4,24200.0,435,0.18,0,0,17000.0,36,debt_consolidation,686.23,30,0
37,11,35500.0,535,0.3,2,1,16500.0,48,debt_consolidation,414.57,26,0
33,7,26000.0,527,0.23,1,0,5000.0,24,personal,1100.4,10,0
43,14,47700.0,588,0.29,2,0,5000.0,12,personal,1346.28,98,0
31,2,20300.0,528,0.13,1,0,5000.0,60,debt_consolidation,811.18,56,0
23,1,18500.0,399,0.24,0,0,14500.0,24,education,267.4,8,0
32,5,35700.0,405,0.33,2,1,12500.0,24,personal,524.73,23,0
45,3,30600.0,391,0.28,1,0,18500.0,48,debt_consolidation,1396.56,17,0
53,21,31200.0,439,0.12,0,1,5000.0,12,education,410.04,151,0
52,6,15000.0,627,0.19,2,0,5500.0,24,personal,397.68,153,0
37,2,23000.0,436,0.16,0,0,5000.0,12,personal,187.43,113,0
41,11,62600.0,442,0.36,0,0,26000.0,48,personal,1540.3,114,0
38,9,32400.0,509,0.38,1,0,17500.0,60,debt_consolidation,1238.62,70,0
36,2,15000.0,564,0.19,1,0,12000.0,24,personal,731.06,41,0
29,3,19000.0,379,0.23,1,0,5000.0,12,personal,304.28,27,0
30,4,15000.0,494,0.33,1,1,7500.0,48,home_improvement,635.2,44,0
46,17,100600.0,614,0.1,0,0,24000.0,24,debt_consolidation,318.1,116,0
43,6,17600.0,488,0.18,0,1,26000.0,60,personal,887.12,93,0
54,25,72100.0,686,0.28,2,0,25000.0,60,debt_consolidation,2794.77,107,0
40,12,48800.0,505,0.24,1,0,5000.0,48,personal,1889.1,39,0
57,4,22800.0,643,0.45,2,0,5000.0,36,business,277.81,49,0
46,21,38100.0,495,0.34,0,0,7000.0,36,education,1684.98,110,0
43,10,21700.0,446,0.4,4,1,5000.0,24,personal,309.34,118,0
24,2,18000.0,465,0.21,0,1,5000.0,48,personal,433.91,40,0
44,4,15000.0,451,0.45,3,0,12500.0,48,debt_consolidation,316.77,92,0
26,4,30100.0,592,0.31,1,0,16500.0,24,personal,342.81,54,0
40,5,21600.0,412,0.32,1,0,5000.0,12,business,469.79,43,0
53,19,29300.0,495,0.13,1,0,5000.0,24,personal,487.71,206,0
37,3,39100.0,518,0.03,0,0,6500.0,12,personal,488.77,88,0
29,5,20000.0,535,0.27,2,0,6000.0,12,personal,299.5,36,0
48,12,36200.0,480,0.41,3,0,14500.0,24,personal,2135.35,149,0
32,3,31300.0,446,0.22,2,0,5000.0,24,home_improvement,737.43,95,0
33,7,32400.0,483,0.39,2,0,17000.0,48,debt_consolidation,945.68,65,0
39,5,21600.0,467,0.31,3,1,19500.0,48,debt_consolidation,1159.13,60,0
37,10,31900.0,604,0.36,1,0,10500.0,12,home_improvement,779.25,12,0
25,2,21100.0,521,0.13,1,1,12000.0,12,personal,100.0,37,0
34,2,17200.0,488,0.37,0,0,14500.0,48,debt_consolidation,738.84,56,0
40,19,18000.0,499,0.16,0,0,5000.0,24,personal,394.36,99,0
44,10,29900.0,601,0.25,0,0,5000.0,24,education,527.98,28,0
60,16,42000.0,603,0.39,0,1,10500.0,60,business,465.42,204,0
28,5,33000.0,446,0.28,1,0,23000.0,36,personal,510.62,23,0
41,3,27300.0,496,0.29,0,0,5000.0,36,debt_consolidation,1548.55,67,0
39,7,31700.0,534,0.17,0,0,5000.0,24,business,535.03,64,0
43,16,59200.0,541,0.2,1,0,16000.0,60,debt_consolidation,881.29,77,0
47,23,42300.0,477,0.34,3,0,20500.0,36,debt_consolidation,927.01,12,0
51,9,34200.0,520,0.21,1,0,7000.0,48,business,845.51,155,0
27,3,29300.0,449,0.06,0,0,13500.0,12,personal,654.95,14,0
34,4,34500.0,516,0.53,3,0,5000.0,36,debt_consolidation,1316.83,76,0
36,6,15000.0,442,0.28,2,0,10500.0,48,personal,637.79,137,0
44,13,29400.0,517,0.58,3,0,7000.0,24,home_improvement,829.29,104,0
42,9,35000.0,491,0.35,2,0,5500.0,12,personal,2168.27,11,0
44,6,21000.0,512,0.46,2,1,5000.0,48,business,1022.42,201,0
30,2,15000.0,505,0.19,2,0,5000.0,12,education,100.0,32,0
51,17,44200.0,477,0.42,2,1,26500.0,24,home_improvement,635.85,171,0
35,6,22700.0,594,0.39,1,0,5000.0,48,personal,366.52,69,0
51,3,18900.0,507,0.4,2,0,5000.0,60,debt_consolidation,584.11,44,0
30,3,23600.0,518,0.3,2,0,10500.0,12,debt_consolidation,1345.01,47,0
34,8,82000.0,543,0.25,2,0,27500.0,24,home_improvement,970.63,53,0
33,5,30400.0,539,0.21,0,0,19500.0,48,debt_consolidation,220.2,92,0
32,2,28500.0,532,0.1,0,0,8500.0,60,debt_consolidation,249.75,34,0
41,12,22400.0,410,0.24,1,1,29000.0,48,home_improvement,842.36,13,0
44,16,51700.0,626,0.35,1,1,24000.0,24,business,588.25,73,0
50,22,52600.0,548,0.17,1,0,8000.0,12,home_improvement,1602.11,48,0
37,2,23800.0,476,0.24,1,0,7500.0,36,home_improvement,431.49,24,0
25,2,19300.0,416,0.11,1,0,10500.0,60,debt_consolidation,335.71,56,0
37,11,18700.0,486,0.16,1,0,5000.0,24,business,193.58,40,0
58,7,24000.0,588,0.39,3,1,8500.0,12,debt_consolidation,790.25,52,0
42,7,23500.0,412,0.22,0,0,6500.0,12,home_improvement,405.94,76,0
40,6,15000.0,392,0.16,0,0,5000.0,24,debt_consolidation,642.4,96,0
38,13,42400.0,572,0.27,1,1,22500.0,48,personal,439.25,21,0
53,16,39500.0,479,0.19,1,0,5500.0,48,debt_consolidation,932.51,28,0
53,21,40900.0,621,0.11,1,0,18000.0,36,home_improvement,1651.01,155,0
44,16,28400.0,474,0.24,0,1,24500.0,36,business,1229.67,67,0
60,15,67500.0,587,0.16,2,0,22500.0,12,education,687.49,128,0
28,5,18200.0,467,0.15,0,0,5000.0,60,home_improvement,748.57,36,0
51,13,33200.0,576,0.32,2,0,10500.0,36,personal,842.69,67,0
50,22,90600.0,535,0.08,0,0,29500.0,48,debt_consolidation,2856.6,233,0
37,9,24400.0,553,0.42,2,1,16000.0,24,personal,573.87,99,0
28,4,24100.0,610,0.11,0,0,5000.0,48,debt_consolidation,865.32,47,0
44,6,26400.0,457,0.32,1,0,6000.0,12,debt_consolidation,216.44,86,0
26,5,40300.0,463,0.14,1,0,5000.0,12,business,344.95,30,0
38,2,35000.0,653,0.16,2,0,21000.0,60,personal,912.95,65,0
33,6,27800.0,491,0.11,1,0,16500.0,12,home_improvement,776.12,3,0
37,4,37800.0,550,0.32,2,0,15500.0,36,home_improvement,1613.28,31,0
30,3,23800.0,544,0.37,1,1,5000.0,12,home_improvement,363.0,73,0
40,5,29100.0,631,0.2,1,0,6000.0,12,business,658.2,117,0
49,18,85600.0,693,0.36,3,0,26000.0,12,business,814.27,9,0
46,16,30900.0,484,0.23,1,0,7000.0,24,education,441.23,98,0
32,8,52800.0,507,0.18,1,0,15000.0,36,personal,1489.09,81,0
25,2,25400.0,513,0.08,0,1,19000.0,36,personal,226.26,45,0
52,21,54800.0,418,0.33,1,0,20000.0,12,personal,2325.65,136,0
57,18,71200.0,537,0.15,1,0,20000.0,48,personal,1451.69,77,0
43,6,21400.0,501,0.08,0,0,5000.0,12,personal,1206.97,54,0
38,10,37100.0,420,0.5,4,0,5000.0,36,personal,762.3,116,0
54,13,26300.0,472,0.3,0,1,5500.0,60,education,1283.27,175,0
43,7,28800.0,667,0.36,1,0,5000.0,12,personal,532.03,47,0
43,13,53000.0,464,0.44,3,0,11500.0,24,home_improvement,1676.54,46,1
36,6,15000.0,374,0.41,2,0,5000.0,12,personal,336.35,65,0
30,2,37300.0,420,0.24,0,0,8000.0,60,personal,1463.05,18,0
30,8,42500.0,424,0.18,0,2,21500.0,12,debt_consolidation,1219.47,137,0
61,8,43000.0,574,0.32,1,0,22000.0,12,personal,1037.47,80,0
53,6,24100.0,481,0.53,3,1,6000.0,36,personal,482.55,141,0
27,3,26200.0,554,0.29,1,0,7000.0,36,education,830.51,3,0
41,3,20900.0,487,0.34,1,0,5000.0,24,home_improvement,378.44,39,0
42,10,15800.0,428,0.44,3,1,12500.0,12,personal,428.41,135,0
34,6,22100.0,501,0.13,1,0,5000.0,36,education,241.32,109,0
36,7,26600.0,424,0.19,1,0,8500.0,12,personal,740.2,54,0
49,7,34700.0,449,0.08,0,0,5000.0,24,personal,516.21,127,0
55,6,21300.0,500,0.22,2,0,5000.0,12,business,1217.43,64,0
52,17,40000.0,523,0.43,4,0,18500.0,36,education,372.91,157,0
49,4,37500.0,622,0.25,2,0,18500.0,36,debt_consolidation,1735.79,63,0
56,2,24200.0,633,0.12,0,0,5000.0,24,debt_consolidation,723.97,51,0
41,20,18200.0,606,0.31,0,0,18000.0,24,personal,544.47,154,0
46,9,22100.0,510,0.4,1,0,5000.0,48,business,669.74,57,0
58,14,41900.0,446,0.21,1,2,29500.0,36,home_improvement,1431.77,55,0
52,22,28200.0,551,0.2,1,1,20000.0,60,home_improvement,818.43,99,0
34,5,34800.0,517,0.27,0,0,10000.0,24,business,1596.71,33,0
30,7,26700.0,449,0.42,2,0,7000.0,36,debt_consolidation,339.48,193,0
34,5,18500.0,492,0.25,1,0,6000.0,12,personal,388.35,59,0
58,27,45200.0,531,0.29,1,0,16500.0,48,personal,1489.14,20,0
41,14,49700.0,502,0.11,1,0,5000.0,24,home_improvement,1147.12,92,0
45,1,46200.0,643,0.03,0,0,8500.0,48,debt_consolidation,608.54,73,0
24,2,20800.0,374,0.37,0,3,14000.0,36,education,376.42,8,1
26,5,24500.0,487,0.18,1,0,12500.0,60,personal,185.37,32,0
51,20,30100.0,526,0.45,2,0,20000.0,12,home_improvement,765.5,131,0
33,10,47800.0,596,0.5,3,0,24500.0,48,personal,1516.75,79,0
36,8,58200.0,521,0.15,1,0,28500.0,36,education,2553.74,66,0
52,13,25100.0,533,0.35,3,0,6500.0,48,home_improvement,428.76,165,0
56,21,26800.0,629,0.09,0,0,16500.0,12,personal,525.18,50,0
54,24,34500.0,445,0.06,0,1,16500.0,24,business,293.94,82,0
24,2,16300.0,513,0.14,0,0,5000.0,12,debt_consolidation,963.42,17,0
43,14,39000.0,445,0.33,0,0,13000.0,48,business,1126.01,21,0
50,9,28200.0,520,0.41,2,0,5000.0,24,personal,921.44,149,0
33,9,41200.0,597,0.32,2,0,5000.0,24,personal,1040.32,41,0
46,24,81700.0,528,0.38,3,0,40500.0,24,personal,1155.83,146,0
25,3,15000.0,477,0.18,0,0,5000.0,48,debt_consolidation,427.84,3,0
44,10,23700.0,512,0.39,1,0,13500.0,24,debt_consolidation,864.58,129,0
26,6,19400.0,499,0.48,3,1,16000.0,60,education,509.05,28,1
32,5,15000.0,583,0.42,0,0,5000.0,12,education,656.69,90,0
37,2,21600.0,609,0.31,0,1,17000.0,36,home_improvement,156.94,64,0
47,12,19100.0,400,0.23,0,1,12500.0,60,personal,751.58,45,1
43,4,21800.0,456,0.27,1,0,8500.0,60,personal,863.98,106,0
31,5,37000.0,686,0.27,2,0,7500.0,48,business,1685.06,37,0
46,13,28400.0,569,0.43,0,0,5000.0,36,debt_consolidation,683.43,56,0
46,12,35400.0,526,0.34,1,0,16500.0,24,education,965.15,38,0
32,8,34000.0,416,0.29,2,0,5000.0,12,business,1150.03,21,1
42,18,16200.0,444,0.33,0,0,5000.0,36,home_improvement,220.68,26,0
26,2,15200.0,565,0.65,5,1,5000.0,12,business,615.96,41,0
36,3,36400.0,577,0.4,3,0,15000.0,12,home_improvement,114.55,64,0
33,10,36700.0,391,0.23,0,0,5000.0,12,home_improvement,821.16,22,0
46,2,15000.0,401,0.28,2,0,5000.0,24,debt_consolidation,430.1,68,0
64,27,45100.0,576,0.57,4,0,17500.0,60,home_improvement,2277.11,193,0
26,1,21300.0,503,0.42,2,1,8500.0,60,business,538.02,38,0
36,2,25900.0,587,0.31,1,0,5000.0,36,business,145.36,83,0
23,0,27300.0,473,0.29,0,0,8500.0,24,business,248.69,8,0
40,8,35000.0,574,0.34,2,0,26500.0,24,home_improvement,485.6,18,0
57,17,45800.0,637,0.22,2,0,11500.0,12,business,591.6,73,0
45,11,30700.0,495,0.23,1,0,13000.0,24,personal,977.35,38,0
51,7,37600.0,589,0.49,4,0,18000.0,36,personal,561.22,187,0
28,5,33000.0,685,0.24,1,0,10000.0,36,personal,465.5,27,0
36,4,35700.0,450,0.15,1,0,5000.0,12,personal,1081.74,46,0
31,4,29600.0,463,0.24,0,1,9000.0,24,personal,584.24,37,0
34,7,43400.0,558,0.32,0,0,11500.0,24,personal,417.0,101,0
36,8,23600.0,439,0.35,1,0,21000.0,60,personal,224.97,41,0
34,9,36900.0,536,0.44,2,0,21500.0,60,debt_consolidation,873.28,136,0
38,7,21000.0,560,0.26,0,0,5000.0,12,personal,1135.15,29,0
25,1,24100.0,511,0.22,1,0,8000.0,48,debt_consolidation,1091.89,12,0
48,9,15000.0,414,0.34,0,0,5000.0,24,education,433.41,131,0
23,0,27400.0,485,0.37,0,0,12000.0,12,business,1396.14,12,0
40,9,44300.0,535,0.08,0,1,19000.0,36,debt_consolidation,1204.16,110,0
31,5,31500.0,379,0.33,3,0,8000.0,24,personal,1312.0,28,0
32,8,36800.0,603,0.27,0,0,24500.0,48,personal,823.49,21,0
51,17,36100.0,615,0.09,1,0,8000.0,12,home_improvement,128.22,103,0
47,5,23500.0,547,0.27,0,0,5000.0,12,personal,613.47,52,0
47,9,21800.0,513,0.17,2,0,9500.0,12,education,483.07,87,0
41,17,39600.0,394,0.7,3,0,8000.0,48,debt_consolidation,1133.2,46,0
46,5,24700.0,483,0.37,1,0,29000.0,12,home_improvement,607.51,151,0
50,3,22800.0,602,0.28,2,0,5000.0,48,home_improvement,789.61,196,0
43,13,84600.0,563,0.22,1,0,19000.0,12,personal,1261.1,32,0
42,10,107600.0,641,0.22,1,0,36000.0,60,home_improvement,1366.72,65,0
31,9,18500.0,359,0.36,0,0,18500.0,24,personal,538.14,60,0
36,5,21600.0,474,0.38,1,0,5000.0,12,home_improvement,535.06,27,0
56,8,54400.0,564,0.64,6,0,14500.0,60,personal,940.96,90,0
23,2,28400.0,523,0.21,0,0,31000.0,48,home_improvement,1235.57,18,0
41,7,15000.0,458,0.2,0,0,5000.0,12,home_improvement,312.87,83,0
40,16,47400.0,549,0.33,1,0,30000.0,48,personal,2469.49,116,0
51,5,42600.0,565,0.4,4,0,12000.0,12,education,768.12,50,0
39,16,39600.0,510,0.29,1,0,27000.0,60,debt_consolidation,1473.53,50,0
39,7,30300.0,482,0.23,1,0,17500.0,60,home_improvement,220.87,64,0
49,15,39700.0,575,0.31,1,0,5000.0,12,personal,817.27,165,0
48,11,18000.0,452,0.35,1,0,5000.0,36,personal,100.0,104,0
36,6,18200.0,553,0.19,0,0,12000.0,12,education,861.25,110,0
32,4,19100.0,564,0.15,0,1,10000.0,48,debt_consolidation,809.48,33,0
40,9,38900.0,553,0.32,1,0,5000.0,24,home_improvement,724.36,66,0
58,13,79500.0,568,0.45,3,1,17500.0,12,personal,538.88,159,0
32,2,15100.0,519,0.11,0,1,9000.0,60,business,108.13,100,0
57,16,57500.0,588,0.49,4,0,14500.0,60,personal,1482.01,172,0
61,20,66600.0,612,0.35,2,0,9500.0,24,education,2335.47,67,0
34,5,15000.0,538,0.24,2,1,5000.0,60,business,291.38,134,0
54,18,59800.0,528,0.4,3,0,5000.0,24,education,1323.85,47,0
52,10,65500.0,601,0.45,5,0,15000.0,12,home_improvement,2129.8,38,0
38,8,60200.0,683,0.36,1,0,5000.0,12,debt_consolidation,228.88,72,0
46,18,57300.0,521,0.15,1,0,15000.0,24,debt_consolidation,1041.14,12,0
35,3,15900.0,560,0.39,2,0,5000.0,48,personal,444.28,38,0
32,3,15000.0,455,0.28,0,0,10500.0,12,personal,375.7,139,0
37,7,56100.0,612,0.2,1,0,21000.0,60,home_improvement,548.02,27,0
45,7,91200.0,488,0.19,1,0,23500.0,24,business,3662.72,32,0
36,12,34300.0,343,0.1,0,0,11500.0,24,business,543.79,37,0
25,2,17800.0,462,0.41,1,1,5000.0,24,business,615.69,50,1
45,2,24600.0,645,0.18,2,0,8000.0,36,home_improvement,320.74,159,0
39,14,41400.0,520,0.38,5,0,5000.0,12,personal,1358.64,83,0
38,2,33500.0,513,0.25,2,0,10500.0,24,personal,943.69,54,0
35,0,34900.0,589,0.26,2,0,5000.0,60,debt_consolidation,670.22,61,0
51,12,35300.0,432,0.15,1,1,5000.0,60,education,2260.56,112,1
41,8,23700.0,375,0.51,1,1,17000.0,36,home_improvement,342.52,72,1
60,17,41700.0,647,0.21,2,0,24000.0,60,home_improvement,600.47,183,0
46,11,43000.0,527,0.16,2,0,9500.0,48,home_improvement,699.26,107,0
35,1,28300.0,493,0.34,1,0,12500.0,12,education,275.71,79,0
56,3,20800.0,545,0.13,0,1,13500.0,12,home_improvement,350.34,52,0
45,2,65200.0,691,0.33,2,0,15500.0,36,debt_consolidation,773.11,121,0
26,3,15000.0,429,0.13,1,0,17000.0,60,personal,566.24,30,0
43,3,46800.0,535,0.24,0,1,30500.0,48,personal,623.36,61,0
49,18,43200.0,524,0.4,1,0,5000.0,12,business,391.16,42,0
48,5,44800.0,487,0.18,1,1,25000.0,60,business,2053.9,23,0
55,20,50000.0,566,0.35,3,0,30500.0,24,home_improvement,1880.57,167,0
31,4,17100.0,421,0.22,0,0,10500.0,12,personal,151.89,51,0
44,7,16800.0,405,0.27,1,0,5000.0,12,business,537.0,68,0
41,12,43500.0,535,0.19,1,0,14500.0,24,debt_consolidation,296.53,84,0
35,11,40300.0,462,0.64,3,0,7500.0,36,debt_consolidation,2248.7,109,1
55,23,34500.0,595,0.35,2,0,5000.0,36,personal,849.19,144,0
28,10,54400.0,564,0.2,2,0,17500.0,12,home_improvement,1640.5,27,0
48,9,29700.0,548,0.46,1,1,12500.0,24,education,875.26,142,0
64,14,17400.0,512,0.2,0,0,5000.0,24,business,555.77,224,0
32,7,27000.0,395,0.38,2,1,8500.0,36,personal,488.86,39,0
25,5,15000.0,453,0.19,0,0,5000.0,24,home_improvement,814.44,190,0
50,24,37200.0,400,0.38,3,0,13500.0,36,home_improvement,1445.76,3,0
62,18,36100.0,492,0.24,1,0,23000.0,48,education,998.9,70,0
35,5,25800.0,551,0.39,0,0,11500.0,12,business,437.8,45,0
36,2,25500.0,402,0.37,2,1,5500.0,12,personal,145.73,92,0
42,5,50000.0,660,0.38,2,0,27500.0,12,home_improvement,2450.53,125,0
38,10,15000.0,394,0.15,1,0,7500.0,24,education,561.83,42,0
41,11,23500.0,424,0.26,3,1,16000.0,60,personal,865.81,71,1
36,1,31400.0,513,0.21,1,1,5000.0,12,business,692.87,79,0
33,7,44200.0,506,0.34,2,0,13500.0,12,education,1617.72,73,0
32,3,24800.0,550,0.52,3,0,13000.0,24,debt_consolidation,445.68,100,0
29,5,15000.0,593,0.34,0,0,22500.0,24,personal,100.0,21,0
52,11,40500.0,502,0.18,0,2,23000.0,24,home_improvement,2003.01,165,0
38,11,32200.0,599,0.11,0,0,14500.0,12,debt_consolidation,648.2,18,0
25,3,23700.0,442,0.16,0,0,16500.0,12,debt_consolidation,323.35,6,0
21,2,16600.0,548,0.3,0,0,5000.0,24,home_improvement,181.92,19,0
34,2,15000.0,469,0.36,1,1,5000.0,24,home_improvement,187.97,34,0
27,4,31800.0,430,0.13,0,0,5000.0,36,debt_consolidation,456.04,30,0
45,19,41800.0,611,0.26,1,0,18500.0,36,home_improvement,1518.06,32,0
33,8,15000.0,462,0.27,0,0,13000.0,24,debt_consolidation,233.06,103,0
33,8,22000.0,532,0.38,2,1,5000.0,12,business,388.56,38,0
47,8,16200.0,459,0.22,0,0,13500.0,36,debt_consolidation,678.75,52,0
42,20,15300.0,565,0.2,2,0,11000.0,24,home_improvement,235.26,44,0
60,5,25700.0,572,0.12,1,0,9000.0,12,education,609.07,124,0
44,4,55500.0,556,0.3,0,2,33000.0,48,home_improvement,1729.75,53,0
39,12,16200.0,551,0.45,1,1,8000.0,12,home_improvement,879.51,59,0
43,9,23300.0,607,0.25,0,0,5000.0,36,business,515.42,70,0
33,3,41800.0,492,0.29,1,0,13500.0,24,personal,395.79,84,0
38,5,32600.0,458,0.14,1,0,5000.0,24,home_improvement,241.77,15,0
46,8,57200.0,644,0.32,1,1,9000.0,24,personal,1962.85,14,0
29,4,15000.0,560,0.24,1,0,5000.0,12,personal,229.08,23,0
24,3,20900.0,512,0.45,2,0,17000.0,24,business,988.9,17,0
39,12,31900.0,472,0.24,1,2,9000.0,24,personal,1055.83,11,0
64,5,46600.0,605,0.17,1,0,28000.0,48,personal,1746.74,180,0
60,16,45000.0,711,0.32,0,0,5000.0,12,personal,814.31,176,0
50,31,49800.0,641,0.28,1,0,27000.0,24,home_improvement,1842.03,97,0
54,17,18600.0,404,0.19,1,2,17000.0,24,personal,314.11,141,1
23,3,15000.0,446,0.16,0,0,17000.0,60,debt_consolidation,782.79,29,0
40,12,16200.0,522,0.22,0,0,5000.0,12,business,205.32,123,0
24,1,21100.0,519,0.08,0,0,5000.0,36,business,343.61,15,0
45,5,20500.0,426,0.1,0,1,5000.0,48,debt_consolidation,646.41,67,1
34,5,32100.0,605,0.42,0,1,5000.0,12,debt_consolidation,241.72,78,0
38,5,25500.0,521,0.14,1,0,5000.0,12,home_improvement,822.37,94,0
41,13,31900.0,554,0.17,0,0,11500.0,36,education,1015.11,60,0
35,6,38700.0,472,0.27,2,0,19000.0,12,education,1264.17,84,0
26,1,23100.0,537,0.2,2,0,21000.0,24,personal,424.19,58,0
31,0,35100.0,551,0.09,0,0,13500.0,24,personal,502.26,105,0
56,21,156300.0,795,0.17,1,0,43500.0,48,personal,2079.59,170,0
56,25,25000.0,479,0.15,0,0,9500.0,24,debt_consolidation,362.18,74,0
29,3,50700.0,507,0.4,2,0,24000.0,60,debt_consolidation,834.81,36,0
29,4,26300.0,497,0.39,0,0,6500.0,12,debt_consolidation,205.14,15,0
25,2,16500.0,611,0.25,1,0,14500.0,12,personal,141.58,32,0
48,9,28000.0,603,0.17,1,0,5500.0,48,business,100.0,123,0
59,18,28500.0,560,0.29,0,0,15500.0,12,personal,1267.66,215,0
40,5,22800.0,544,0.13,0,0,5000.0,24,home_improvement,931.63,107,0
38,3,23700.0,476,0.38,1,1,12500.0,24,personal,552.08,20,1
31,6,35300.0,469,0.08,0,1,8500.0,12,debt_consolidation,1053.21,62,0
40,15,33700.0,495,0.16,1,0,33000.0,12,debt_consolidation,613.53,98,0
30,1,15000.0,511,0.14,0,0,12000.0,12,personal,120.14,16,0
55,9,25800.0,487,0.24,2,0,5000.0,48,business,753.32,76,0
38,10,31600.0,566,0.22,2,0,22000.0,48,home_improvement,182.43,12,0
36,4,29900.0,526,0.45,3,0,8000.0,48,personal,1046.66,89,0
29,2,15000.0,565,0.21,1,0,9500.0,48,business,220.48,44,0
63,28,99200.0,656,0.34,1,0,25000.0,24,business,1316.49,49,0
34,5,15000.0,630,0.48,1,0,11000.0,24,education,228.6,23,0
29,3,33800.0,557,0.28,2,0,8500.0,12,debt_consolidation,1585.58,52,0
29,8,19700.0,473,0.19,0,0,21500.0,36,business,521.87,34,0
47,9,43200.0,676,0.29,1,0,10000.0,48,business,915.09,48,0
37,6,30200.0,456,0.46,1,0,9000.0,60,debt_consolidation,189.86,48,0
37,14,25200.0,457,0.23,1,0,15000.0,24,debt_consolidation,236.9,54,0
44,10,33900.0,500,0.28,2,0,14000.0,12,home_improvement,394.76,102,0
37,8,21500.0,514,0.2,0,0,5000.0,60,home_improvement,341.21,20,0
41,12,27000.0,598,0.31,1,2,8000.0,24,personal,606.34,26,0
34,5,15000.0,470,0.23,0,0,11000.0,24,business,640.21,130,0
36,1,33500.0,511,0.2,1,1,14500.0,60,personal,1021.14,51,0
60,31,120800.0,705,0.47,3,0,25000.0,60,personal,3844.69,263,0
50,5,20000.0,507,0.19,0,0,13000.0,36,debt_consolidation,1021.88,84,0
44,19,34400.0,541,0.15,1,0,5000.0,36,personal,1423.33,125,0
47,13,59100.0,634,0.36,3,0,24500.0,48,debt_consolidation,3504.27,95,0
31,4,34800.0,486,0.17,1,0,18000.0,12,home_improvement,712.43,32,0
30,6,24400.0,493,0.47,2,0,13500.0,48,business,864.88,63,0
49,22,92400.0,677,0.39,1,0,19000.0,36,business,2815.69,75,0
36,5,38600.0,522,0.24,2,0,19000.0,12,debt_consolidation,1127.16,88,0
30,6,23400.0,409,0.38,1,0,6000.0,12,debt_consolidation,639.69,23,1
28,9,29300.0,589,0.18,0,0,5000.0,36,education,178.94,111,0
39,11,31700.0,471,0.25,1,0,5000.0,36,education,414.03,52,0
46,21,16700.0,522,0.23,1,0,19500.0,24,business,680.72,70,0
35,8,34700.0,460,0.3,1,0,6500.0,36,debt_consolidation,1322.47,41,0
55,22,35300.0,513,0.32,1,1,8000.0,12,business,1197.17,63,1
51,13,18300.0,581,0.23,1,0,6000.0,36,business,100.0,151,0
34,5,29200.0,509,0.34,1,0,5000.0,36,personal,922.56,78,0
27,1,20000.0,518,0.3,2,1,5000.0,12,business,344.39,21,0
34,6,70400.0,509,0.1,1,0,20500.0,12,education,3623.95,36,0
39,7,52400.0,536,0.1,1,0,9000.0,48,business,2257.87,30,0
37,6,29700.0,441,0.2,2,0,5000.0,12,home_improvement,395.35,68,0
30,2,15000.0,426,0.16,1,0,6000.0,24,home_improvement,177.42,64,0
39,3,31100.0,554,0.22,1,0,5000.0,12,personal,1650.54,122,0
42,4,30300.0,567,0.15,1,1,5000.0,24,debt_consolidation,533.08,130,0
27,5,28300.0,531,0.22,1,1,5000.0,60,business,1518.51,68,0
40,14,26000.0,459,0.68,3,2,9500.0,12,home_improvement,210.27,79,0
54,20,34500.0,568,0.29,3,1,16500.0,24,personal,898.49,170,0
42,15,38700.0,543,0.25,2,0,17000.0,12,business,272.93,78,0
54,5,46900.0,610,0.36,1,2,6000.0,36,home_improvement,1408.82,60,0
45,9,16700.0,354,0.32,2,0,5000.0,12,debt_consolidation,163.55,33,0
36,3,15600.0,494,0.24,2,0,15500.0,36,personal,364.02,106,0
27,2,15000.0,368,0.43,3,0,5500.0,36,personal,574.63,64,0
42,11,32600.0,531,0.23,1,0,5000.0,24,business,1778.77,61,0
52,2,25500.0,514,0.22,2,1,8000.0,12,home_improvement,508.76,118,0
22,2,15000.0,541,0.24,0,0,5500.0,36,home_improvement,570.2,53,0
45,16,47500.0,628,0.53,1,0,8500.0,12,debt_consolidation,1338.66,127,0
34,9,59900.0,576,0.22,1,1,24000.0,60,home_improvement,3505.44,66,0
54,30,112700.0,719,0.4,3,0,31500.0,24,personal,4620.97,92,0
37,7,54500.0,648,0.23,2,1,47000.0,24,personal,2151.07,75,0
39,8,28700.0,416,0.11,1,1,20000.0,24,home_improvement,1088.94,71,0
30,6,18300.0,459,0.48,2,1,23000.0,24,business,452.05,12,0
47,9,28800.0,418,0.19,1,0,5000.0,48,home_improvement,363.86,130,0
33,3,27500.0,409,0.21,2,0,12000.0,36,home_improvement,952.87,83,0
48,13,46800.0,517,0.41,3,0,5000.0,36,home_improvement,1145.89,21,0
34,7,35200.0,467,0.24,1,0,18000.0,24,debt_consolidation,157.99,43,0
42,16,31400.0,520,0.19,0,1,18000.0,24,home_improvement,746.67,52,0
26,1,22000.0,455,0.11,0,0,5000.0,48,home_improvement,666.86,25,0
57,11,18800.0,676,0.23,1,1,10500.0,24,business,490.18,160,0
38,3,19000.0,471,0.38,3,0,5000.0,12,personal,480.4,55,0
42,19,63900.0,573,0.08,0,0,14500.0,24,personal,2235.74,71,0
33,7,20400.0,562,0.25,1,1,5000.0,60,business,703.15,24,0
47,9,39500.0,501,0.37,0,0,6500.0,24,debt_consolidation,1042.56,180,0
29,8,30500.0,467,0.11,0,0,5000.0,24,debt_consolidation,959.19,49,0
28,2,16900.0,561,0.23,2,0,5000.0,48,personal,359.05,69,0
37,6,15000.0,472,0.21,0,1,5000.0,12,personal,202.24,49,0
41,12,62100.0,521,0.25,1,0,33500.0,24,home_improvement,2840.99,109,0
54,22,109400.0,666,0.22,2,0,26000.0,60,debt_consolidation,3055.34,34,0
41,7,26100.0,488,0.26,0,0,18500.0,60,home_improvement,1467.12,17,0
45,16,44200.0,574,0.53,3,0,5000.0,48,personal,681.14,53,0
39,9,26500.0,608,0.36,1,0,12000.0,24,personal,585.4,61,0
37,9,44800.0,570,0.13,0,0,8000.0,36,personal,1054.08,11,0
37,11,36100.0,532,0.51,2,0,10000.0,48,personal,1099.53,70,0
57,21,113000.0,636,0.46,1,0,25000.0,48,home_improvement,2513.15,83,0
42,5,28800.0,517,0.45,2,1,5000.0,12,education,1375.25,28,0
51,14,30500.0,554,0.29,3,0,5000.0,36,education,532.22,70,0
43,22,80900.0,632,0.36,2,0,19500.0,12,education,679.01,102,0
53,2,24500.0,506,0.31,1,0,9500.0,24,personal,1540.35,49,0
41,4,32600.0,555,0.16,1,1,19500.0,12,home_improvement,1350.62,143,0
43,13,20100.0,578,0.49,4,1,24000.0,12,personal,741.14,137,0
26,2,15600.0,437,0.39,2,1,5000.0,60,home_improvement,272.59,70,0
37,3,15000.0,400,0.19,0,0,9000.0,60,home_improvement,100.0,140,0
52,20,44900.0,523,0.23,3,0,29500.0,36,business,693.18,16,0
38,10,32700.0,523,0.34,4,0,5500.0,24,home_improvement,1730.91,112,0
49,9,24000.0,500,0.22,0,1,5000.0,24,personal,562.69,36,0
24,3,15000.0,466,0.2,1,1,5000.0,12,personal,158.76,40,0
57,14,19200.0,521,0.24,0,0,8000.0,12,debt_consolidation,427.39,179,0
25,3,15000.0,492,0.32,2,2,20000.0,48,debt_consolidation,513.32,13,0
36,3,22200.0,460,0.26,1,1,6000.0,12,home_improvement,905.94,65,0
51,21,44900.0,427,0.51,1,1,8500.0,36,business,1445.32,49,0
46,10,40100.0,462,0.39,2,0,24500.0,24,personal,1856.69,65,0
37,14,45100.0,534,0.18,1,0,27000.0,36,personal,1241.3,38,0
29,8,35200.0,509,0.22,1,1,5000.0,12,business,619.16,21,0
34,4,31700.0,479,0.5,2,2,6000.0,36,personal,1455.25,71,0
43,9,23800.0,484,0.15,0,1,15500.0,60,business,697.52,23,0
34,6,41400.0,517,0.34,3,0,23000.0,48,business,1695.46,51,0
40,5,16500.0,479,0.29,2,0,10000.0,36,business,757.97,52,0
50,25,30700.0,415,0.31,0,0,12500.0,60,home_improvement,1045.21,33,0
46,14,25900.0,510,0.25,0,0,5000.0,12,debt_consolidation,419.88,127,0
53,18,73900.0,505,0.23,1,1,26500.0,36,personal,1620.38,136,0
31,10,26700.0,477,0.1,0,0,16500.0,60,home_improvement,604.93,58,0
46,3,22800.0,448,0.23,3,0,9500.0,36,debt_consolidation,1446.97,34,0
64,12,26300.0,561,0.32,3,1,12000.0,36,business,1340.01,138,0
49,8,37300.0,533,0.43,1,0,20500.0,24,home_improvement,398.17,144,0
45,4,18500.0,466,0.29,3,1,15500.0,12,personal,117.29,7,0
49,8,21400.0,565,0.26,2,0,14500.0,60,education,435.1,57,0
51,16,27000.0,458,0.31,1,0,5000.0,12,home_improvement,447.81,184,0
59,25,73600.0,662,0.22,1,0,21000.0,24,business,1520.78,160,0
45,24,55000.0,562,0.29,1,0,23000.0,60,home_improvement,2683.4,78,0
58,26,38100.0,463,0.12,1,0,18500.0,24,debt_consolidation,1209.99,203,0
40,7,16900.0,503,0.22,1,0,22000.0,48,debt_consolidation,334.52,75,0
50,6,24100.0,477,0.15,1,1,24500.0,12,personal,649.88,130,0
42,7,23300.0,530,0.17,1,0,12000.0,12,personal,280.19,75,0
36,3,23300.0,593,0.12,0,0,5000.0,24,debt_consolidation,365.52,64,0
34,7,18400.0,418,0.16,1,1,14000.0,24,personal,311.65,79,0
50,13,42200.0,570,0.45,2,0,27000.0,48,home_improvement,1884.89,35,0
55,18,44500.0,603,0.33,2,0,13500.0,24,debt_consolidation,1323.55,176,0
52,7,31500.0,602,0.26,1,0,5000.0,48,debt_consolidation,566.03,147,0
28,1,29000.0,468,0.31,1,0,5000.0,12,education,444.21,38,0
53,5,34600.0,439,0.26,2,0,5000.0,36,education,489.76,79,0
32,3,34900.0,499,0.32,3,0,12000.0,48,personal,1665.81,95,0
47,17,18300.0,549,0.29,0,0,9000.0,24,business,259.92,136,0
57,4,42100.0,535,0.34,3,0,19500.0,12,debt_consolidation,694.72,10,0
32,2,25700.0,594,0.33,2,0,17000.0,24,debt_consolidation,507.92,94,0
49,19,34200.0,573,0.22,0,0,17000.0,48,personal,1102.48,88,0
47,5,23400.0,586,0.44,2,0,19500.0,48,personal,355.07,62,0
60,25,53400.0,480,0.43,5,1,18000.0,12,personal,1139.05,175,0
64,17,51300.0,577,0.36,1,0,20000.0,12,debt_consolidation,1093.73,173,0
42,18,51400.0,575,0.15,0,0,20500.0,36,home_improvement,2186.9,74,0
30,7,20200.0,365,0.14,0,0,5000.0,36,home_improvement,404.29,34,0
46,6,37700.0,506,0.35,2,0,19000.0,12,debt_consolidation,114.88,28,0
49,14,32800.0,558,0.14,1,0,5500.0,36,education,1270.85,59,0
36,8,26500.0,476,0.1,0,0,16000.0,36,business,492.2,41,0
42,14,36000.0,462,0.24,2,0,21500.0,48,personal,545.89,124,0
49,15,49500.0,540,0.25,3,0,6000.0,12,debt_consolidation,1657.01,22,0
50,18,41100.0,620,0.19,1,0,11500.0,36,home_improvement,1595.01,44,0
54,9,73800.0,492,0.41,4,0,16500.0,24,education,2674.98,161,0
44,8,40900.0,479,0.37,1,1,20500.0,12,personal,984.23,100,0
33,12,36900.0,527,0.36,3,0,25000.0,24,business,1468.34,54,0
42,5,15000.0,501,0.41,2,2,5000.0,12,personal,494.29,3,1
27,3,15000.0,437,0.42,2,0,10000.0,60,education,100.0,74,0
34,1,15000.0,448,0.43,2,0,18000.0,12,personal,738.0,104,0
27,3,17600.0,610,0.54,1,0,5000.0,48,education,507.37,25,0
58,6,41000.0,566,0.13,0,0,15500.0,60,personal,1267.17,172,0
40,19,53000.0,528,0.22,0,2,19500.0,60,home_improvement,343.83,116,0
30,4,18000.0,465,0.21,1,0,5000.0,24,personal,603.14,46,0
50,12,36800.0,526,0.15,0,0,8500.0,48,debt_consolidation,1137.58,57,0
35,4,23400.0,405,0.14,0,0,15000.0,48,home_improvement,1193.01,83,0
34,11,35800.0,517,0.22,1,0,8500.0,24,home_improvement,1793.76,89,0
43,8,48700.0,536,0.61,3,0,8000.0,36,personal,1015.0,64,0
34,6,17200.0,462,0.27,1,0,8500.0,60,home_improvement,408.75,67,0
29,4,18800.0,451,0.26,3,1,5000.0,36,business,511.36,29,0
47,16,25200.0,514,0.43,3,0,16500.0,24,debt_consolidation,776.31,104,0
29,4,15000.0,515,0.5,2,0,11500.0,60,home_improvement,193.3,36,0
37,3,32900.0,361,0.43,2,0,8500.0,48,home_improvement,270.55,75,0
53,23,36500.0,538,0.37,1,0,12000.0,24,personal,884.52,64,0
30,6,31700.0,386,0.49,2,0,9000.0,60,education,949.33,72,0
35,3,33800.0,501,0.34,2,0,9500.0,12,business,751.35,109,0
30,2,22300.0,496,0.17,0,0,24500.0,24,personal,755.94,124,0
37,5,28600.0,441,0.38,0,0,5000.0,36,personal,480.42,34,0
31,4,19800.0,449,0.15,0,0,12000.0,12,personal,357.95,34,0
37,5,28800.0,543,0.25,2,0,8000.0,24,home_improvement,1179.43,30,0
31,1,25000.0,556,0.19,1,0,5000.0,12,debt_consolidation,464.66,210,0
25,5,56100.0,535,0.39,4,2,26500.0,24,home_improvement,2165.77,38,0
33,2,24500.0,394,0.38,1,0,6500.0,48,personal,498.81,78,0
48,19,76600.0,631,0.44,1,0,34500.0,12,business,2243.77,42,0
39,6,15000.0,509,0.29,1,0,10000.0,24,business,641.1,89,0
44,4,33200.0,684,0.46,1,0,5000.0,24,personal,1620.48,31,0
35,6,59800.0,470,0.13,0,0,20000.0,24,home_improvement,835.6,98,0
33,7,47500.0,576,0.37,0,0,13000.0,48,debt_consolidation,491.33,46,0
53,16,29800.0,578,0.18,2,0,7500.0,12,home_improvement,702.72,8,0
43,5,28900.0,437,0.26,1,1,7000.0,12,home_improvement,1281.33,76,0
46,3,41900.0,481,0.38,1,0,15000.0,48,debt_consolidation,273.79,79,0
36,10,23900.0,480,0.23,0,1,5500.0,12,personal,936.81,103,0
33,11,54300.0,511,0.11,0,0,18000.0,24,home_improvement,995.16,25,0
38,3,33300.0,641,0.44,1,1,7500.0,36,business,383.61,49,0
24,2,29400.0,415,0.29,1,0,14000.0,24,home_improvement,397.58,46,0
38,7,33700.0,640,0.29,3,0,9500.0,24,personal,637.03,65,0
62,25,64600.0,629,0.38,2,0,22000.0,12,home_improvement,769.14,219,0
55,14,32800.0,566,0.22,1,0,11000.0,12,debt_consolidation,662.25,179,0
31,3,15000.0,381,0.25,2,0,6000.0,24,business,418.21,115,0
33,5,25800.0,534,0.15,1,0,18000.0,48,personal,764.06,40,0
60,22,40400.0,571,0.22,1,0,24000.0,12,home_improvement,980.44,107,0
31,4,15000.0,359,0.2,1,1,10500.0,48,personal,257.33,45,1
28,1,26100.0,399,0.33,1,1,11000.0,12,personal,816.22,19,1
58,27,33200.0,543,0.4,3,0,5500.0,12,personal,633.02,158,0
52,23,53200.0,534,0.47,1,1,7500.0,60,personal,1066.61,130,0
30,6,45100.0,489,0.19,0,0,7000.0,12,education,882.94,22,0
44,10,66500.0,519,0.2,1,0,18000.0,12,home_improvement,1607.57,120,0
33,7,28700.0,497,0.3,0,0,21000.0,24,debt_consolidation,567.05,81,0
30,1,22100.0,516,0.15,0,0,5000.0,24,debt_consolidation,165.0,41,0
49,6,20400.0,455,0.14,0,0,9000.0,24,personal,349.77,101,0
31,4,24000.0,548,0.46,1,0,5000.0,24,personal,1069.66,75,0
50,6,22800.0,441,0.35,2,0,5000.0,36,personal,503.36,172,0
47,2,23700.0,584,0.18,1,2,10000.0,12,home_improvement,703.85,80,0
37,9,29300.0,535,0.25,1,0,14500.0,36,home_improvement,166.36,40,0
29,4,25900.0,480,0.16,1,0,5500.0,60,debt_consolidation,1352.53,77,0
40,9,44900.0,447,0.08,0,0,9500.0,36,home_improvement,1526.19,72,0
59,9,33200.0,541,0.56,2,0,16500.0,48,business,1153.26,91,0
58,12,15000.0,518,0.13,0,0,9500.0,36,debt_consolidation,224.97,45,0
38,5,20700.0,474,0.3,2,0,8500.0,36,home_improvement,802.57,73,0
58,20,61700.0,538,0.23,3,0,13000.0,12,business,1454.77,123,0
45,13,34000.0,453,0.23,0,0,19500.0,48,business,1340.59,115,0
60,20,39400.0,636,0.2,0,0,5000.0,24,home_improvement,382.13,104,0
34,6,29800.0,486,0.27,1,0,10500.0,24,education,1434.35,41,0
30,4,25100.0,430,0.24,0,1,7500.0,24,personal,273.2,49,0
50,18,53300.0,463,0.1,0,0,16500.0,36,business,984.24,148,0
32,1,18000.0,470,0.21,0,0,13500.0,60,personal,977.57,11,0
62,23,67900.0,617,0.47,4,0,17000.0,48,personal,1583.74,34,0
40,12,71400.0,463,0.41,1,0,21000.0,36,personal,452.36,102,0
58,28,38800.0,577,0.4,1,1,5000.0,60,personal,1332.21,210,0
42,8,25300.0,489,0.18,2,0,13000.0,60,personal,503.91,27,0
61,14,43000.0,459,0.31,2,0,22000.0,36,business,1508.55,169,0
45,2,21600.0,484,0.46,1,1,5000.0,36,home_improvement,728.49,148,0
32,2,23900.0,443,0.18,1,1,22500.0,12,business,542.42,20,0
37,8,34600.0,524,0.24,2,1,12500.0,12,home_improvement,1291.97,26,0
47,5,21000.0,457,0.35,1,1,11000.0,12,home_improvement,900.63,46,0
33,5,22000.0,499,0.15,1,0,5000.0,24,business,702.47,70,0
63,5,64900.0,611,0.24,0,0,23000.0,60,home_improvement,1844.3,131,0
54,20,36000.0,639,0.26,1,0,20000.0,24,home_improvement,342.67,89,0
46,7,22900.0,457,0.19,1,0,14500.0,24,debt_consolidation,503.43,58,0
37,3,35000.0,539,0.14,0,0,5000.0,36,home_improvement,563.87,95,0
25,1,15000.0,521,0.28,0,0,10000.0,12,business,411.31,20,0
43,17,66200.0,657,0.1,1,0,21000.0,48,education,2160.88,168,0
47,10,15900.0,545,0.33,2,1,5000.0,36,home_improvement,663.23,7,0
34,1,23800.0,527,0.24,1,0,16500.0,48,home_improvement,790.57,19,0
58,37,94800.0,637,0.07,0,1,26500.0,12,personal,279.37,127,0
36,9,39000.0,568,0.18,0,1,10000.0,36,debt_consolidation,152.32,27,0
23,2,15000.0,383,0.21,2,0,5000.0,12,home_improvement,289.02,53,0
42,11,26200.0,459,0.27,1,0,21000.0,24,business,777.28,110,0
46,19,96000.0,670,0.33,2,0,14000.0,12,education,2946.1,23,0
40,2,36700.0,619,0.38,1,1,17500.0,48,home_improvement,582.56,6,0
36,3,30800.0,462,0.22,0,0,5000.0,36,personal,1523.92,43,0
42,13,25900.0,423,0.41,4,1,6000.0,60,business,938.25,129,0
29,1,28500.0,538,0.2,0,0,16000.0,24,home_improvement,1019.97,29,0
27,3,15400.0,504,0.3,2,0,13500.0,60,home_improvement,183.21,5,0
46,8,32000.0,438,0.14,1,0,16000.0,60,personal,1111.7,26,0
38,14,40800.0,586,0.07,0,0,7000.0,60,personal,1440.41,50,0
39,2,26000.0,446,0.2,1,1,14500.0,36,personal,931.6,154,0
47,0,17500.0,489,0.24,1,0,18000.0,48,debt_consolidation,359.29,17,0
49,13,57400.0,531,0.35,1,0,16000.0,24,home_improvement,1683.42,106,0
47,6,37100.0,563,0.11,1,0,19500.0,60,education,573.25,51,0
61,12,22700.0,530,0.3,2,1,14500.0,12,debt_consolidation,889.54,75,0
51,2,21300.0,616,0.41,2,0,9000.0,12,debt_consolidation,317.19,52,0
37,13,55900.0,539,0.3,3,0,16000.0,36,personal,2088.69,45,0
41,12,25200.0,432,0.16,1,1,28000.0,36,home_improvement,365.98,73,0
33,10,28200.0,651,0.17,2,0,27000.0,48,debt_consolidation,471.6,83,0
39,6,31200.0,582,0.35,2,0,13000.0,12,debt_consolidation,671.37,113,0
41,11,57600.0,603,0.07,0,0,5000.0,36,home_improvement,1928.11,45,0
36,7,18400.0,518,0.24,0,0,20000.0,60,personal,576.58,29,0
54,18,87700.0,673,0.37,1,0,27000.0,60,education,1725.21,186,0
43,16,31000.0,446,0.15,0,0,29000.0,24,home_improvement,432.49,72,0
54,20,33900.0,489,0.32,0,0,13000.0,36,home_improvement,902.84,12,0
45,7,15800.0,473,0.36,0,0,17000.0,24,home_improvement,608.9,49,0
40,0,15000.0,511,0.54,4,0,5000.0,36,personal,587.0,108,0
41,19,28900.0,583,0.19,1,0,14500.0,36,home_improvement,1565.17,15,0
43,6,17900.0,622,0.26,1,0,12500.0,48,home_improvement,776.01,81,0
62,11,24000.0,468,0.26,1,0,9500.0,48,home_improvement,825.65,25,0
28,2,23000.0,640,0.2,0,0,5000.0,36,education,347.42,7,0
53,15,35200.0,651,0.19,0,0,12000.0,36,business,1960.56,116,0
44,6,40700.0,671,0.49,5,0,18500.0,24,business,1158.04,50,0
52,22,41200.0,441,0.25,1,0,9500.0,12,debt_consolidation,582.95,133,0
29,6,35400.0,464,0.33,1,0,18500.0,48,home_improvement,303.92,53,0
41,11,21200.0,549,0.23,1,0,25500.0,12,personal,527.41,78,0
39,16,32000.0,508,0.23,1,0,5000.0,60,personal,1914.87,82,0
51,20,38300.0,564,0.47,3,0,8500.0,24,debt_consolidation,1620.23,79,0
44,2,15000.0,582,0.13,1,1,9000.0,48,business,555.57,74,0
45,19,26000.0,560,0.46,0,0,5000.0,12,business,627.68,132,0
32,4,35700.0,544,0.3,3,0,8000.0,24,personal,1235.11,54,0
35,7,19300.0,539,0.36,1,0,5000.0,36,business,324.2,31,0
55,12,60000.0,569,0.31,3,2,25000.0,36,debt_consolidation,1919.8,91,0
60,25,66100.0,630,0.59,3,0,26500.0,36,personal,1786.78,124,0
31,4,19300.0,456,0.26,0,0,5000.0,60,personal,460.08,26,0
34,4,28800.0,448,0.23,1,0,33000.0,48,personal,474.49,59,0
47,7,35500.0,520,0.45,2,1,18500.0,12,home_improvement,769.37,121,0
36,2,16800.0,467,0.08,0,0,5000.0,24,personal,402.0,44,0
43,5,34000.0,419,0.23,1,1,14000.0,36,debt_consolidation,172.3,57,0
65,11,64900.0,661,0.38,4,0,21500.0,36,debt_consolidation,639.18,131,0
38,4,62700.0,496,0.46,1,1,17500.0,36,business,801.51,104,0
39,7,26300.0,510,0.45,2,0,5000.0,24,business,206.39,110,0
48,11,42100.0,458,0.14,0,0,14000.0,36,personal,2269.64,45,0
52,16,55500.0,575,0.45,5,0,15000.0,24,business,1302.87,96,0
37,4,27900.0,451,0.45,1,0,8500.0,36,personal,1051.52,48,0
60,3,33700.0,556,0.28,2,0,13500.0,24,education,298.95,171,0
25,3,34700.0,462,0.26,2,0,20000.0,36,home_improvement,348.65,28,0
46,3,23500.0,463,0.36,3,0,11000.0,60,debt_consolidation,597.32,142,0
44,6,45000.0,527,0.37,3,0,21000.0,24,home_improvement,2401.23,117,0
27,2,25400.0,468,0.24,1,0,5000.0,12,personal,260.32,25,0
57,8,43300.0,561,0.26,2,0,16500.0,24,education,867.37,96,0
33,6,24400.0,387,0.32,1,0,18000.0,60,personal,1223.91,62,0
33,9,16300.0,533,0.44,2,1,12500.0,24,personal,385.51,55,0
27,3,17300.0,440,0.43,0,0,13500.0,48,personal,665.27,38,0
42,11,22600.0,602,0.35,1,0,11500.0,24,home_improvement,223.4,42,0
38,6,25700.0,347,0.36,2,0,16000.0,48,business,510.15,97,0
44,13,20600.0,397,0.11,0,0,5000.0,12,personal,716.02,56,0
22,3,15000.0,481,0.21,1,0,9500.0,24,business,417.57,4,0
43,15,47300.0,494,0.25,1,0,20500.0,24,business,1972.05,108,0
48,14,36500.0,604,0.09,0,1,20500.0,48,business,692.24,135,0
47,18,17900.0,552,0.32,1,0,11000.0,36,personal,733.9,93,0
59,22,84300.0,580,0.09,1,0,22000.0,60,home_improvement,1292.1,194,0
38,5,24900.0,525,0.21,1,0,16000.0,36,personal,1083.26,72,0
34,1,22900.0,542,0.22,0,1,12000.0,24,home_improvement,590.22,40,0
26,3,25900.0,419,0.4,3,0,12000.0,24,business,747.58,74,0
32,3,16300.0,413,0.25,0,0,7500.0,12,personal,645.09,50,0
51,13,20700.0,537,0.39,1,0,5000.0,60,business,566.64,134,0
29,5,37600.0,449,0.33,1,1,6000.0,36,personal,1424.51,36,0
55,15,60600.0,538,0.08,0,2,21000.0,24,business,1947.94,77,0
46,7,49100.0,620,0.44,1,0,19000.0,48,debt_consolidation,1901.51,14,0
35,12,49000.0,574,0.35,5,0,21500.0,36,education,1477.71,60,0
26,6,36300.0,470,0.14,1,0,6000.0,60,home_improvement,728.11,84,0
31,5,15000.0,447,0.36,1,0,5500.0,48,business,566.02,51,0
55,16,25000.0,500,0.36,0,0,5000.0,12,personal,772.93,34,0
42,8,25000.0,575,0.2,0,0,5000.0,12,business,750.59,89,0
52,20,48900.0,560,0.19,0,0,23500.0,48,home_improvement,1325.39,167,0
33,6,25800.0,347,0.38,2,1,6000.0,36,personal,368.39,59,1
47,4,42400.0,653,0.23,3,0,13000.0,48,personal,412.85,96,0
33,9,27400.0,501,0.27,2,0,14000.0,12,personal,1722.01,81,1
36,3,27200.0,496,0.1,0,0,5000.0,12,debt_consolidation,1058.59,70,0
51,13,32200.0,579,0.19,2,0,17000.0,60,home_improvement,1626.52,71,0
48,26,41100.0,516,0.26,1,0,8500.0,12,education,1553.77,77,0
44,2,59800.0,592,0.32,3,0,32000.0,24,education,945.66,84,0
23,2,15000.0,558,0.43,2,1,10000.0,12,home_improvement,379.69,52,0
31,8,21900.0,488,0.3,0,1,10000.0,36,home_improvement,449.84,40,0
25,1,15000.0,464,0.31,1,0,15000.0,48,personal,141.89,42,0
39,9,35600.0,531,0.25,1,0,9000.0,36,business,1114.23,74,1
59,15,27300.0,505,0.33,2,0,13500.0,24,personal,986.47,14,0
27,3,25100.0,446,0.23,1,1,8000.0,60,personal,339.08,29,0
49,5,31100.0,546,0.25,2,0,7500.0,24,personal,859.11,29,0
33,4,22300.0,640,0.21,1,0,12500.0,12,home_improvement,645.01,44,0
54,9,33800.0,552,0.32,1,0,5000.0,60,business,2031.49,8,0
39,7,24200.0,448,0.08,0,1,6500.0,12,debt_consolidation,1058.72,134,0
42,14,53600.0,512,0.3,4,0,6000.0,24,business,616.99,110,0
48,15,51400.0,572,0.13,0,0,17000.0,12,debt_consolidation,562.87,69,0
25,1,28400.0,491,0.26,1,1,7500.0,36,business,248.12,46,0
57,6,33300.0,626,0.34,2,0,14500.0,48,debt_consolidation,1143.91,133,0
33,4,16500.0,468,0.37,0,0,8500.0,12,home_improvement,469.44,53,0
35,5,16900.0,605,0.3,0,1,5500.0,36,personal,637.64,65,0
51,19,19100.0,539,0.24,0,0,5000.0,48,home_improvement,952.48,149,0
27,6,15000.0,458,0.14,0,1,8000.0,36,home_improvement,290.24,24,0
52,12,15200.0,624,0.29,1,0,15500.0,48,home_improvement,805.74,173,0
56,16,29300.0,542,0.2,1,1,6500.0,12,personal,1040.85,23,0
37,8,29500.0,560,0.18,1,0,5000.0,24,home_improvement,1279.2,36,0
39,4,32500.0,519,0.21,1,0,10500.0,36,personal,1309.09,58,0
49,17,75600.0,563,0.14,1,0,11000.0,24,personal,150.55,147,0
29,3,20600.0,435,0.4,0,0,5000.0,12,home_improvement,411.44,88,0
41,8,29500.0,518,0.21,2,0,5000.0,48,personal,307.88,70,0
46,10,44800.0,590,0.4,3,0,10000.0,12,debt_consolidation,1557.49,159,0
34,3,27300.0,449,0.22,2,0,11500.0,36,home_improvement,706.34,42,0
50,21,19900.0,444,0.23,1,0,5500.0,36,home_improvement,725.91,36,0
57,21,34300.0,591,0.24,2,1,21500.0,12,debt_consolidation,1287.4,104,0
37,5,38600.0,546,0.32,3,0,6000.0,60,personal,498.9,93,0
31,4,33300.0,560,0.16,1,0,11500.0,60,personal,489.59,82,0
37,13,20400.0,459,0.56,2,1,12000.0,48,business,104.23,31,0
36,8,15000.0,573,0.06,0,0,5000.0,36,personal,285.05,83,0
44,12,41300.0,479,0.26,1,0,13000.0,60,personal,670.79,74,0
23,2,18000.0,437,0.43,2,0,5000.0,48,education,517.86,49,0
37,5,39100.0,488,0.33,2,0,7000.0,60,debt_consolidation,1106.79,53,0
43,13,17000.0,468,0.28,1,0,5000.0,60,education,250.03,100,0
45,2,47900.0,437,0.18,2,1,16000.0,24,business,1734.48,62,0
36,2,21600.0,557,0.3,0,0,5000.0,60,education,384.54,42,0
27,4,15400.0,533,0.3,1,0,11000.0,12,home_improvement,537.29,37,0
46,3,25900.0,515,0.34,1,0,20000.0,60,business,316.34,107,0
63,20,78900.0,625,0.47,3,1,34500.0,60,business,2710.64,219,0
43,15,28800.0,479,0.35,2,0,16000.0,36,home_improvement,445.44,47,0
59,3,17100.0,598,0.24,1,0,5000.0,48,home_improvement,556.68,62,0
50,22,48600.0,511,0.22,0,0,17500.0,12,personal,829.53,77,0
29,6,54100.0,556,0.23,2,0,16000.0,48,education,1467.49,68,0
29,5,24500.0,394,0.34,3,0,20000.0,48,business,325.43,70,0
40,14,83200.0,567,0.33,4,0,32500.0,36,debt_consolidation,3142.94,86,0
30,3,15000.0,520,0.13,0,0,15000.0,24,personal,509.02,35,0
42,10,15000.0,421,0.49,3,1,9000.0,12,personal,653.27,72,0
40,11,36000.0,530,0.21,1,0,25000.0,12,education,1652.42,113,0
27,3,15000.0,465,0.28,0,0,5000.0,12,personal,263.3,36,0
44,3,15000.0,433,0.24,1,1,19500.0,12,personal,185.59,32,0
22,1,24600.0,566,0.29,2,1,5000.0,48,debt_consolidation,691.52,35,0
38,5,29700.0,439,0.3,1,2,10000.0,12,home_improvement,225.57,92,0
46,14,48200.0,575,0.3,1,0,8000.0,60,personal,1787.63,80,0
40,8,15000.0,531,0.28,1,0,17500.0,60,business,408.57,107,0
31,7,17800.0,580,0.24,1,0,11500.0,48,personal,238.12,48,0
39,13,40100.0,467,0.28,0,0,10500.0,60,personal,688.55,67,0
44,4,29900.0,455,0.29,1,0,14500.0,36,personal,461.23,33,0
39,9,27700.0,415,0.31,1,1,5000.0,12,home_improvement,630.06,34,0
42,8,39600.0,537,0.55,1,0,5500.0,24,home_improvement,935.79,75,0
45,20,32500.0,554,0.08,0,1,5000.0,12,home_improvement,511.66,127,0
45,15,20800.0,380,0.16,1,0,11500.0,24,debt_consolidation,590.69,176,0
40,4,27300.0,450,0.35,0,0,13500.0,12,debt_consolidation,806.76,11,1
49,14,27200.0,499,0.38,1,1,8500.0,24,home_improvement,175.31,78,0
40,2,17000.0,520,0.39,2,0,5000.0,24,business,541.67,63,0
43,17,50500.0,614,0.49,4,0,17000.0,24,business,684.15,117,0
42,14,39600.0,479,0.13,0,0,13500.0,48,debt_consolidation,2396.96,45,0
42,7,15000.0,614,0.23,3,0,6000.0,36,debt_consolidation,396.18,45,0
64,1,21600.0,556,0.47,3,0,8500.0,48,home_improvement,537.97,49,0
56,29,69100.0,516,0.44,2,0,23500.0,12,debt_consolidation,2382.97,142,0
45,23,35600.0,613,0.15,0,0,17500.0,24,home_improvement,433.63,12,0
40,8,32600.0,688,0.17,1,0,10000.0,12,personal,372.32,65,0
49,19,46200.0,626,0.21,0,1,18500.0,36,personal,1314.66,168,0
31,10,47200.0,571,0.26,1,1,30000.0,36,education,1089.35,35,0
28,6,15100.0,528,0.17,1,0,5000.0,24,home_improvement,350.35,72,0
31,7,37000.0,549,0.34,0,0,18500.0,60,personal,1343.72,72,0
53,14,18000.0,538,0.35,2,0,5000.0,48,personal,510.5,71,0
34,5,24900.0,494,0.43,2,0,5000.0,12,personal,608.44,84,0
30,5,35200.0,532,0.37,0,0,5000.0,12,personal,1203.99,106,0
26,3,39700.0,493,0.14,0,1,5000.0,48,personal,1587.64,120,0
48,3,60200.0,580,0.42,1,0,24000.0,36,education,2492.84,146,0
42,12,33100.0,537,0.36,2,0,26000.0,12,business,1823.95,67,0
40,9,21000.0,512,0.12,1,0,7500.0,12,home_improvement,472.87,61,0
51,7,37100.0,611,0.15,0,0,18000.0,12,home_improvement,2197.87,168,0
28,5,48500.0,421,0.26,2,0,18000.0,48,personal,449.67,28,0
54,19,37100.0,652,0.6,5,1,12500.0,24,business,602.47,115,0
47,7,16900.0,482,0.15,0,0,11500.0,36,business,392.22,213,0
54,17,48700.0,725,0.2,1,0,16000.0,24,business,2820.97,135,0
58,12,52600.0,584,0.33,2,0,34000.0,36,personal,966.77,68,0
25,4,15000.0,530,0.19,1,0,6000.0,24,debt_consolidation,633.46,50,0
31,5,44000.0,523,0.22,2,2,12000.0,12,debt_consolidation,177.4,30,0
38,2,36100.0,556,0.19,1,0,12500.0,36,personal,422.52,44,0
54,21,33900.0,536,0.15,1,0,25000.0,12,home_improvement,1589.03,141,0
46,14,44500.0,578,0.24,2,0,20000.0,36,home_improvement,498.31,53,0
45,14,41100.0,617,0.46,0,0,13000.0,36,personal,1110.76,65,0
43,3,24400.0,553,0.4,2,0,17500.0,24,business,250.02,77,0
44,16,57400.0,455,0.2,0,1,21000.0,12,debt_consolidation,1228.49,29,0
56,2,21200.0,464,0.17,0,0,14000.0,24,debt_consolidation,1087.8,13,0
47,10,78600.0,522,0.37,3,0,29500.0,48,personal,1512.84,8,0
55,18,37900.0,569,0.32,3,0,10000.0,12,education,446.54,156,0
47,6,21900.0,578,0.32,2,0,14500.0,60,home_improvement,726.94,227,0
31,5,32700.0,446,0.25,0,0,5000.0,24,home_improvement,747.01,22,0
27,1,15000.0,577,0.41,0,0,21500.0,24,business,397.89,33,0
37,11,15000.0,698,0.44,1,0,6000.0,60,personal,304.45,86,0
58,15,34400.0,471,0.22,2,0,14000.0,48,education,1374.27,222,0
37,3,21200.0,503,0.31,0,0,5000.0,48,education,1032.54,100,0
35,2,25400.0,396,0.2,0,0,18500.0,36,personal,445.86,49,0
64,27,57900.0,617,0.26,1,0,13000.0,36,business,273.78,212,0
29,6,26200.0,542,0.29,1,0,5000.0,12,debt_consolidation,956.56,73,0
29,6,19300.0,579,0.44,2,0,11000.0,60,business,125.53,57,0
34,11,17800.0,500,0.33,0,0,8500.0,60,home_improvement,465.34,47,0
53,22,71700.0,628,0.06,0,2,19500.0,36,debt_consolidation,2550.48,104,0
24,4,19400.0,411,0.23,1,0,5000.0,12,debt_consolidation,521.36,34,0
46,10,42600.0,617,0.22,2,0,16500.0,60,debt_consolidation,1293.68,150,0
41,11,32600.0,516,0.16,0,0,15500.0,48,debt_consolidation,499.14,71,0
36,6,41600.0,417,0.13,0,0,20500.0,24,business,1713.63,68,0
45,3,21500.0,605,0.25,1,0,15500.0,36,home_improvement,169.74,63,0
44,8,22800.0,413,0.33,2,1,17000.0,36,education,1185.57,38,0
54,16,34700.0,454,0.16,0,0,9000.0,36,home_improvement,690.56,142,0
26,3,20300.0,484,0.5,2,1,6000.0,12,debt_consolidation,582.9,24,0
42,11,38000.0,460,0.56,3,0,11000.0,36,personal,1310.03,114,0
36,5,16000.0,506,0.14,0,0,8000.0,36,home_improvement,346.0,31,0
65,23,27800.0,401,0.23,2,0,5000.0,36,business,989.16,100,0
49,1,24600.0,482,0.18,0,0,11500.0,36,personal,798.88,76,0
23,2,35400.0,525,0.11,0,1,17000.0,24,personal,839.6,91,0
56,25,37300.0,618,0.21,0,0,10500.0,48,home_improvement,362.27,75,0
29,4,23500.0,526,0.29,0,0,5500.0,60,debt_consolidation,649.43,39,0
36,3,22300.0,513,0.32,1,0,15500.0,12,debt_consolidation,844.83,43,0
55,13,62900.0,637,0.27,2,1,11500.0,36,debt_consolidation,2391.27,7,0
33,6,24500.0,535,0.26,2,1,5000.0,36,education,710.22,66,0
43,5,18100.0,480,0.23,0,0,11500.0,12,education,263.66,155,0
34,5,18600.0,571,0.45,1,0,19000.0,60,debt_consolidation,276.19,52,0
49,10,56500.0,607,0.2,2,1,24500.0,12,home_improvement,1117.1,132,0
35,4,49900.0,561,0.17,0,0,19500.0,60,personal,625.28,70,0
50,19,26900.0,519,0.42,1,0,17000.0,12,debt_consolidation,733.91,86,0
55,3,38800.0,486,0.23,2,0,5000.0,24,education,345.0,137,0
56,18,37600.0,578,0.23,0,0,5000.0,24,education,1065.18,146,0
42,11,35400.0,575,0.17,1,0,7500.0,12,debt_consolidation,1113.91,62,0
30,6,15000.0,418,0.19,0,0,15000.0,36,personal,696.46,45,0
40,2,35200.0,559,0.25,0,0,5000.0,48,business,934.75,142,0
38,13,25200.0,629,0.58,5,0,5000.0,12,debt_consolidation,513.29,46,0
33,5,19300.0,473,0.29,1,0,20500.0,48,business,473.66,61,0
39,11,31100.0,591,0.46,1,0,14000.0,48,business,707.01,98,0
52,21,37300.0,451,0.31,3,1,22500.0,60,personal,1155.2,141,0
50,22,34000.0,635,0.32,1,0,5000.0,24,business,321.87,78,0
28,4,17600.0,393,0.21,0,0,6500.0,12,personal,721.82,67,0
42,19,34200.0,578,0.4,1,0,17000.0,36,home_improvement,780.87,49,0
26,7,19300.0,421,0.35,0,0,12000.0,12,personal,195.31,56,0
40,1,27100.0,517,0.1,0,0,16000.0,24,debt_consolidation,689.73,23,0
42,13,15000.0,594,0.19,0,0,13000.0,36,personal,257.91,118,0
53,19,28600.0,528,0.32,1,0,17500.0,12,personal,422.87,57,0
28,8,19300.0,548,0.38,2,0,13500.0,36,personal,748.04,10,0
44,5,15000.0,437,0.4,2,0,7500.0,60,home_improvement,631.19,135,0
26,2,15300.0,480,0.21,1,0,5000.0,24,debt_consolidation,657.31,45,0
40,19,68400.0,590,0.27,2,0,21500.0,12,business,1871.37,54,0
55,9,34800.0,538,0.13,1,0,16000.0,12,personal,1305.72,100,0
39,19,65200.0,637,0.21,1,0,18500.0,36,debt_consolidation,2964.64,78,0
40,17,32100.0,455,0.17,0,0,5000.0,12,debt_consolidation,1518.64,23,0
42,11,22400.0,439,0.41,0,0,10000.0,24,personal,976.65,46,0
45,9,43700.0,662,0.51,1,0,18000.0,48,business,1847.2,89,0
47,24,41800.0,636,0.16,1,0,16000.0,48,debt_consolidation,1551.01,199,0
29,4,20100.0,467,0.09,0,0,14000.0,36,business,152.67,24,0
32,10,22700.0,439,0.36,2,0,5000.0,36,personal,744.01,3,0
46,10,25200.0,478,0.18,2,0,11500.0,60,personal,1025.8,36,0
49,7,26000.0,480,0.18,2,0,14000.0,12,debt_consolidation,362.91,118,0
53,4,50400.0,528,0.43,4,0,17500.0,48,debt_consolidation,1105.11,45,0
54,18,38100.0,556,0.25,1,0,5000.0,36,business,440.69,177,0
28,3,15000.0,517,0.22,0,1,5000.0,12,personal,269.49,54,0
31,6,22500.0,562,0.13,1,0,5000.0,48,personal,100.0,20,0
64,19,35200.0,569,0.25,0,0,22000.0,12,home_improvement,1218.67,86,0
38,1,54300.0,468,0.17,1,1,22000.0,48,personal,775.01,57,0
59,29,36400.0,632,0.53,2,0,15500.0,24,home_improvement,1064.84,108,0
52,10,33300.0,509,0.23,0,1,9500.0,48,personal,1097.39,59,0
61,19,63400.0,688,0.2,1,0,11500.0,12,education,3074.81,101,0
57,10,36600.0,566,0.29,3,0,5000.0,48,debt_consolidation,964.06,47,0
33,10,26300.0,437,0.34,1,0,5000.0,36,debt_consolidation,252.2,69,0
50,11,49600.0,600,0.41,2,0,17000.0,36,personal,553.45,39,0
49,12,26200.0,526,0.3,1,0,10500.0,60,personal,160.04,115,0
35,13,26100.0,554,0.18,0,0,14500.0,12,personal,915.39,61,0
51,11,23000.0,506,0.25,0,1,16500.0,12,personal,804.44,35,0
38,10,25200.0,524,0.33,1,0,5000.0,48,debt_consolidation,626.37,66,0
37,3,19700.0,490,0.14,0,0,15000.0,24,personal,662.04,46,0
31,6,25600.0,540,0.37,1,0,5000.0,12,debt_consolidation,451.74,102,0
40,9,25200.0,598,0.25,1,1,10000.0,48,education,447.28,75,0
25,4,15900.0,561,0.38,1,1,5500.0,48,home_improvement,655.39,25,0
42,7,17900.0,664,0.37,1,0,5000.0,24,debt_consolidation,926.11,58,1
48,2,17500.0,561,0.49,3,1,6000.0,12,debt_consolidation,529.67,67,0
52,26,72500.0,618,0.16,2,0,30000.0,48,business,2978.97,42,0
49,5,36200.0,547,0.23,0,0,22500.0,24,debt_consolidation,720.19,60,0
46,4,47000.0,671,0.36,3,0,12500.0,12,home_improvement,1064.89,41,0
33,8,27400.0,477,0.47,2,0,9500.0,36,personal,775.3,74,0
51,11,30700.0,589,0.3,2,0,5000.0,24,personal,690.29,45,0
40,4,19800.0,545,0.24,0,0,5000.0,12,education,957.94,52,0
52,16,79400.0,536,0.18,2,0,32500.0,48,home_improvement,2369.04,110,0
56,10,33100.0,629,0.13,1,0,26500.0,48,debt_consolidation,846.03,169,0
41,3,16200.0,405,0.32,0,0,17000.0,24,debt_consolidation,467.07,41,0
58,12,22900.0,464,0.34,1,0,7500.0,60,education,1070.37,168,0
37,8,39400.0,550,0.32,2,0,11500.0,60,business,979.16,68,0
31,2,15100.0,526,0.21,1,0,18000.0,12,home_improvement,193.87,40,0
28,6,39100.0,420,0.27,2,1,7500.0,36,personal,1443.41,27,0
51,5,42200.0,413,0.19,2,1,18000.0,60,business,1410.03,77,0
29,5,35800.0,445,0.22,0,1,17500.0,12,debt_consolidation,971.71,49,0
46,23,45500.0,565,0.35,1,0,16500.0,60,education,2266.53,124,0
35,1,20000.0,440,0.12,0,1,8000.0,36,personal,532.91,108,0
26,4,25600.0,491,0.19,0,0,5000.0,12,business,270.65,19,0
38,5,27100.0,503,0.37,1,0,11000.0,12,home_improvement,580.24,95,0
58,7,80000.0,512,0.22,1,0,21500.0,24,business,906.98,38,0
24,1,15000.0,444,0.21,0,0,5000.0,60,home_improvement,214.9,63,0
31,3,20200.0,489,0.33,1,0,6000.0,36,personal,1185.32,73,0
46,11,16100.0,445,0.38,1,0,6000.0,24,business,100.0,117,0
52,17,35700.0,562,0.22,2,0,5000.0,36,home_improvement,623.19,121,0
52,25,65900.0,606,0.29,1,0,28500.0,48,debt_consolidation,3632.63,132,0
36,10,66600.0,538,0.31,1,0,28000.0,48,education,1776.24,64,0
61,2,28600.0,526,0.23,0,0,11500.0,60,debt_consolidation,264.7,116,0
37,8,28900.0,585,0.15,1,0,9500.0,48,home_improvement,337.46,23,0
32,6,20300.0,370,0.13,0,0,23000.0,24,home_improvement,632.35,15,0
43,5,29100.0,534,0.42,3,1,16500.0,60,home_improvement,990.67,89,0
37,15,40500.0,607,0.23,1,0,9500.0,12,debt_consolidation,608.45,87,0
34,11,39400.0,503,0.33,2,1,9000.0,12,debt_consolidation,741.49,14,0
31,7,28700.0,471,0.35,3,2,5000.0,24,personal,346.87,47,0
45,21,53400.0,657,0.16,1,0,5000.0,48,home_improvement,857.42,66,0
33,1,15100.0,513,0.41,0,0,11500.0,60,business,226.28,59,0
38,3,19300.0,522,0.32,2,0,5000.0,12,education,913.08,46,0
47,5,44400.0,545,0.25,2,0,33500.0,12,business,1444.72,103,0
46,23,25100.0,504,0.21,2,1,5000.0,36,personal,615.46,65,0
36,12,46100.0,492,0.25,1,0,11000.0,36,debt_consolidation,319.6,141,0
33,8,15000.0,486,0.25,0,0,10500.0,60,personal,292.83,123,0
38,6,28500.0,563,0.4,0,0,22000.0,36,home_improvement,714.54,32,0
59,15,25900.0,559,0.26,1,0,5000.0,48,home_improvement,661.9,68,0
28,3,27600.0,463,0.37,1,0,23500.0,24,personal,245.36,32,0
31,0,15100.0,388,0.17,0,2,5000.0,24,business,689.69,49,1
37,2,20100.0,507,0.18,1,0,6500.0,12,debt_consolidation,466.12,123,0
48,9,28900.0,600,0.32,1,0,18500.0,24,home_improvement,1172.64,155,0
37,12,19800.0,581,0.29,1,0,5000.0,24,home_improvement,325.44,40,0
27,6,46000.0,453,0.12,0,1,8000.0,24,debt_consolidation,613.53,28,0
46,7,60600.0,520,0.22,1,0,14000.0,36,education,520.0,185,0
33,9,32200.0,434,0.55,2,1,15000.0,48,personal,1664.64,77,1
29,5,21600.0,552,0.21,2,0,5000.0,24,personal,489.12,44,0
25,3,18500.0,448,0.44,0,0,7000.0,24,home_improvement,904.18,2,0
36,2,36500.0,542,0.36,0,0,5000.0,12,personal,228.91,101,0
30,8,36200.0,608,0.25,3,0,5000.0,36,personal,1622.81,18,0
44,13,75200.0,467,0.26,3,0,30500.0,36,personal,1835.29,22,0
33,4,22100.0,490,0.1,0,0,5500.0,24,debt_consolidation,947.44,110,0
25,1,16800.0,357,0.17,0,0,8000.0,48,debt_consolidation,200.53,20,0
48,10,27900.0,506,0.25,2,0,15000.0,60,personal,309.43,99,0
28,4,36600.0,574,0.22,0,0,16000.0,36,debt_consolidation,1205.71,33,0
34,8,65300.0,587,0.24,1,0,18000.0,48,business,290.4,84,0
51,6,25800.0,524,0.24,0,0,5000.0,36,debt_consolidation,765.43,170,0
57,16,34000.0,533,0.24,0,0,5000.0,36,debt_consolidation,1691.75,122,0
52,9,31800.0,576,0.32,2,0,18500.0,48,personal,524.39,142,0
44,14,16200.0,536,0.59,4,1,5000.0,48,home_improvement,470.82,124,0
30,4,15000.0,560,0.07,0,0,8500.0,12,personal,599.03,7,0
54,13,39000.0,591,0.28,1,0,25500.0,24,home_improvement,1736.89,192,0
57,13,39700.0,657,0.33,3,0,5000.0,24,home_improvement,217.46,83,0
51,24,34300.0,500,0.15,0,1,7500.0,36,home_improvement,1182.42,143,0
52,7,53800.0,536,0.42,2,1,22000.0,36,business,1296.52,100,0
38,12,26900.0,512,0.23,1,1,11000.0,12,personal,491.67,14,0
57,11,25500.0,613,0.31,2,0,8500.0,48,business,1329.41,17,0
47,13,31400.0,483,0.3,3,0,10500.0,24,personal,1650.66,31,0
35,15,32000.0,548,0.12,1,0,27000.0,36,debt_consolidation,387.72,114,0
36,10,31600.0,500,0.54,3,0,5000.0,12,business,601.02,44,0
40,8,29600.0,513,0.15,1,0,7000.0,24,debt_consolidation,363.32,8,0
57,27,75300.0,603,0.23,2,1,30500.0,60,debt_consolidation,4481.08,135,0
50,6,28800.0,484,0.13,0,1,16500.0,60,debt_consolidation,815.02,145,0
42,17,23000.0,497,0.12,0,0,6000.0,24,personal,420.06,11,0
44,7,50600.0,607,0.25,0,0,13000.0,36,personal,1174.57,96,0
36,9,30300.0,471,0.24,1,0,7000.0,12,home_improvement,1242.08,9,0
46,18,42500.0,423,0.16,1,0,25000.0,48,business,1359.23,90,0
46,5,21900.0,468,0.25,3,0,5000.0,24,home_improvement,1145.94,119,0
40,2,51400.0,525,0.32,0,1,21000.0,48,personal,1226.26,135,0
45,15,35300.0,514,0.34,3,0,9000.0,24,home_improvement,643.66,89,0
29,3,19600.0,426,0.29,0,0,14500.0,48,home_improvement,201.8,44,0
28,3,33400.0,513,0.2,1,0,5000.0,36,education,238.5,32,0
53,19,25400.0,595,0.33,1,0,22000.0,12,business,1542.45,85,0
48,11,22700.0,503,0.19,1,0,10500.0,12,debt_consolidation,624.84,139,0
37,8,47500.0,611,0.23,1,1,11000.0,24,business,969.82,67,0
34,4,16300.0,572,0.32,2,0,18500.0,36,home_improvement,899.03,52,0
52,23,51500.0,520,0.13,1,0,18000.0,24,home_improvement,907.12,79,0
43,18,35300.0,557,0.32,0,1,12000.0,36,business,710.06,30,0
26,3,15000.0,389,0.13,1,1,5000.0,36,debt_consolidation,123.64,16,0
49,10,23300.0,587,0.36,2,0,6000.0,12,debt_consolidation,600.61,73,0
32,7,15000.0,546,0.34,1,0,5000.0,48,home_improvement,354.99,74,0
46,19,78900.0,595,0.5,3,0,9000.0,48,education,3288.32,112,0
52,28,61000.0,429,0.37,2,0,11000.0,12,home_improvement,1805.17,105,0
37,8,20600.0,485,0.15,0,0,13500.0,12,personal,899.57,110,0
48,17,28100.0,545,0.14,0,0,5000.0,36,personal,1050.1,74,0
48,8,19100.0,565,0.36,3,0,5000.0,60,debt_consolidation,378.06,142,0
27,7,34500.0,470,0.24,0,0,9500.0,60,home_improvement,1083.66,7,0
24,2,15000.0,314,0.13,1,0,5000.0,36,business,263.31,34,0
25,1,15000.0,460,0.24,2,1,5000.0,60,business,100.0,30,0
46,16,47100.0,570,0.13,1,0,7000.0,36,business,1328.37,10,0
27,6,15100.0,479,0.26,0,0,5000.0,36,debt_consolidation,395.81,49,0
37,10,18700.0,444,0.45,2,0,5000.0,24,debt_consolidation,264.74,117,1
52,10,47300.0,504,0.23,3,0,10000.0,12,personal,831.43,139,0
38,11,45500.0,585,0.33,2,0,5000.0,60,business,2556.85,165,0
46,6,34100.0,584,0.38,2,1,9000.0,60,home_improvement,1565.12,59,0
36,13,15000.0,529,0.25,2,0,5000.0,48,debt_consolidation,351.79,53,0
25,2,16300.0,541,0.29,0,0,6000.0,12,personal,594.25,25,0
32,3,22400.0,587,0.05,0,0,5000.0,12,personal,421.28,70,0
54,24,76000.0,590,0.25,1,0,20500.0,48,education,1057.0,85,0
37,2,43900.0,568,0.55,3,0,9500.0,36,personal,1100.77,90,0
43,5,31200.0,580,0.19,1,0,9000.0,36,personal,424.4,129,0
34,14,70900.0,525,0.48,4,0,12000.0,12,personal,942.06,53,0
42,6,15100.0,482,0.36,3,0,6000.0,48,personal,555.12,65,0
44,6,23400.0,542,0.23,1,0,13500.0,36,home_improvement,555.83,36,0
30,3,23700.0,515,0.16,1,1,18000.0,24,debt_consolidation,652.92,32,0
39,15,21100.0,430,0.14,0,0,10000.0,24,debt_consolidation,344.42,104,0
65,23,68200.0,625,0.41,3,1,24500.0,48,debt_consolidation,1695.39,111,0
56,12,23400.0,482,0.45,1,0,18000.0,36,business,594.99,87,0
26,2,15000.0,358,0.28,1,0,5000.0,36,personal,559.74,10,0
46,19,54500.0,522,0.27,1,0,18500.0,36,personal,981.71,83,0
26,2,18700.0,464,0.18,1,0,5000.0,24,business,455.27,115,0
36,8,16900.0,465,0.07,0,0,8500.0,12,debt_consolidation,565.86,45,0
24,2,91600.0,606,0.06,0,0,18500.0,24,home_improvement,2021.3,18,0
49,21,26800.0,563,0.25,1,0,6500.0,12,education,360.75,35,0
52,15,48400.0,558,0.38,2,0,20500.0,24,personal,1067.07,66,0
32,8,31000.0,505,0.08,0,0,10000.0,48,personal,1212.74,66,0
63,19,47400.0,598,0.37,2,0,13000.0,36,debt_consolidation,953.53,218,0
47,11,38000.0,540,0.13,0,0,5000.0,12,debt_consolidation,487.94,29,0
28,1,21500.0,441,0.14,0,0,11000.0,60,personal,529.66,4,0
40,6,24600.0,516,0.24,0,0,23000.0,24,education,1139.51,18,0
39,12,46300.0,562,0.13,0,0,10000.0,60,education,1640.68,142,0
55,12,37300.0,438,0.33,1,0,29000.0,48,home_improvement,203.4,164,0
48,8,35200.0,582,0.32,1,0,13500.0,24,home_improvement,608.07,158,0
32,4,21500.0,414,0.32,1,0,5000.0,36,personal,709.36,64,0
23,4,29900.0,460,0.22,2,0,15500.0,12,business,304.1,14,0
25,5,33200.0,575,0.11,0,0,5000.0,24,business,1995.4,61,0
38,10,18000.0,571,0.28,1,0,17000.0,48,home_improvement,222.01,97,0
36,5,22600.0,367,0.27,1,0,27000.0,12,business,495.56,75,0
54,15,36200.0,552,0.29,0,0,21000.0,24,business,1963.38,47,0
39,11,83800.0,631,0.2,1,0,14500.0,12,personal,2218.34,12,0
48,15,35400.0,531,0.42,2,0,6500.0,48,personal,393.1,43,0
44,12,20900.0,594,0.28,2,0,13500.0,36,personal,100.0,106,0
52,32,40200.0,615,0.19,1,1,21500.0,12,business,950.5,126,0
50,19,35500.0,673,0.05,0,0,9500.0,24,debt_consolidation,411.67,79,0
57,13,31200.0,615,0.27,1,0,23000.0,36,debt_consolidation,541.91,146,0
49,4,41300.0,609,0.4,1,1,39500.0,60,personal,1800.31,55,0
32,4,82300.0,633,0.01,0,0,26500.0,24,home_improvement,1989.33,64,0
64,20,51700.0,574,0.36,2,0,22000.0,12,debt_consolidation,1435.91,18,0
57,18,40800.0,642,0.25,1,0,14000.0,24,education,1688.06,149,0
60,8,45900.0,476,0.39,1,1,19500.0,24,debt_consolidation,1521.6,43,0
55,15,61500.0,534,0.41,2,1,8000.0,36,home_improvement,172.57,162,0
53,5,45600.0,613,0.15,1,0,19000.0,60,personal,749.14,25,0
30,6,23700.0,438,0.4,3,0,5000.0,36,education,550.62,10,0
46,7,27100.0,604,0.47,1,0,7500.0,48,home_improvement,483.17,94,0
39,6,15100.0,527,0.32,1,1,18000.0,24,personal,550.44,18,0
42,9,35200.0,506,0.23,2,1,16000.0,36,business,781.91,53,0
37,6,24200.0,565,0.34,3,0,16500.0,60,education,742.75,40,0
47,10,33300.0,437,0.15,0,0,6000.0,36,home_improvement,729.74,71,0
35,11,37400.0,561,0.22,1,0,5000.0,12,debt_consolidation,1696.31,45,0
45,9,29300.0,427,0.27,0,1,14000.0,36,business,370.59,44,1
42,6,38400.0,592,0.5,1,0,26000.0,36,home_improvement,908.64,24,0
50,22,51100.0,439,0.11,1,0,12500.0,60,debt_consolidation,964.75,36,0
55,22,28600.0,679,0.26,2,0,13000.0,48,business,376.53,76,0
31,3,34900.0,530,0.15,1,1,18000.0,36,personal,898.05,42,0
23,2,38800.0,620,0.2,1,0,5000.0,24,debt_consolidation,1546.64,52,0
46,3,21400.0,436,0.13,0,0,15000.0,48,home_improvement,812.96,36,0
61,26,73800.0,502,0.41,6,1,11000.0,36,debt_consolidation,3336.22,62,1
34,5,50300.0,636,0.22,0,0,21000.0,36,business,1000.31,43,0
45,18,70300.0,676,0.19,3,0,24500.0,48,home_improvement,538.39,74,0
34,8,32700.0,578,0.27,2,0,5000.0,60,home_improvement,1048.08,86,0
42,11,29700.0,432,0.09,0,0,9000.0,24,personal,715.48,123,0
28,5,37800.0,461,0.29,2,0,9500.0,12,business,1011.65,6,0
44,11,51200.0,605,0.11,0,0,16000.0,12,personal,1480.02,56,0
36,9,42000.0,542,0.21,0,0,23000.0,12,personal,383.05,87,0
40,2,22000.0,482,0.44,1,1,9500.0,12,personal,307.47,52,0
32,3,18500.0,458,0.11,0,0,11000.0,12,home_improvement,237.44,37,0
37,13,28000.0,526,0.28,0,0,13000.0,48,debt_consolidation,948.0,75,0
37,5,15000.0,556,0.42,1,0,8000.0,36,personal,795.01,131,0
32,6,32200.0,461,0.51,4,0,5000.0,48,home_improvement,611.47,44,1
42,3,28900.0,441,0.24,0,1,13500.0,12,home_improvement,933.49,129,0
37,5,24100.0,474,0.25,1,2,15500.0,48,debt_consolidation,387.91,82,0
45,5,23800.0,564,0.33,2,0,18000.0,48,personal,592.79,180,0
45,8,34600.0,456,0.17,2,1,16500.0,12,education,1466.22,51,0
29,2,17400.0,471,0.1,0,0,11000.0,24,personal,134.99,19,0
50,11,32000.0,490,0.31,0,0,13000.0,48,home_improvement,1460.46,60,0
56,8,21600.0,516,0.55,2,1,5000.0,36,home_improvement,196.76,66,0
44,13,22800.0,563,0.38,1,0,17000.0,36,personal,821.4,112,0
53,12,25800.0,581,0.23,0,0,12500.0,24,debt_consolidation,669.59,129,0
30,5,27500.0,417,0.22,1,1,18500.0,60,personal,917.72,96,0
35,10,35800.0,486,0.26,2,0,5000.0,24,debt_consolidation,1049.62,66,0
40,19,42100.0,624,0.31,0,0,6500.0,24,debt_consolidation,1350.53,127,0
52,6,45400.0,561,0.37,4,0,10000.0,24,business,2059.01,55,0
44,10,29800.0,410,0.07,0,0,7500.0,48,education,1060.32,32,0
24,1,25600.0,344,0.42,1,0,24000.0,12,debt_consolidation,577.56,21,1
27,3,29900.0,430,0.32,0,0,5000.0,24,business,142.44,85,0
30,10,38000.0,404,0.32,1,1,8500.0,24,business,495.51,70,0
63,9,52700.0,533,0.27,2,0,25500.0,24,debt_consolidation,844.08,205,0
55,8,50500.0,478,0.34,3,0,7000.0,60,personal,1303.51,176,0
57,15,36300.0,448,0.3,2,1,5000.0,36,home_improvement,1906.79,172,0
26,5,33100.0,538,0.29,2,0,7500.0,36,business,1222.71,27,0
24,2,32500.0,460,0.35,0,0,5000.0,24,debt_consolidation,522.06,25,0
32,7,42600.0,623,0.14,0,1,19000.0,24,business,2526.47,16,0
52,20,41000.0,636,0.12,1,0,18000.0,60,business,950.41,36,0
34,1,17300.0,521,0.4,2,1,5000.0,24,debt_consolidation,559.67,55,0
51,9,37600.0,488,0.35,2,0,10000.0,36,home_improvement,897.33,101,0
49,8,90400.0,601,0.23,1,0,33500.0,60,personal,1615.62,13,0
46,3,24100.0,537,0.35,3,0,13500.0,48,debt_consolidation,411.01,73,0
46,17,63400.0,537,0.21,2,0,14000.0,48,business,1924.1,146,0
46,17,16800.0,591,0.4,1,0,5000.0,48,home_improvement,847.68,6,0
38,7,61800.0,540,0.24,2,1,24500.0,36,education,1435.44,90,0
44,8,15000.0,559,0.26,2,0,13000.0,48,home_improvement,557.6,152,0
32,1,41900.0,535,0.3,3,0,13500.0,60,business,1345.69,51,0
36,3,25000.0,625,0.32,1,0,5000.0,12,home_improvement,778.09,13,0
32,10,54100.0,536,0.27,1,0,28500.0,24,business,1949.65,53,0
52,27,44800.0,528,0.34,2,0,11000.0,60,personal,340.36,117,0
37,9,39700.0,528,0.28,3,0,22500.0,36,education,1049.99,6,0
32,10,22900.0,578,0.24,1,0,10500.0,36,debt_consolidation,1374.89,36,0
41,9,35800.0,355,0.18,1,2,5000.0,36,debt_consolidation,1582.64,84,0
54,25,38500.0,511,0.14,0,0,10000.0,60,business,637.97,114,0
28,6,22900.0,478,0.32,1,0,19000.0,24,education,332.16,40,0
61,18,27300.0,573,0.29,1,1,28000.0,60,business,1279.84,193,0
47,8,34000.0,641,0.16,1,0,18500.0,36,debt_consolidation,845.57,22,0
35,8,53200.0,469,0.37,0,1,13500.0,24,education,500.58,95,0
26,1,22300.0,554,0.38,1,0,26500.0,48,home_improvement,100.0,39,0
41,5,15000.0,537,0.32,2,0,5000.0,24,education,511.58,10,0
39,8,32000.0,583,0.43,3,0,13000.0,12,personal,1076.43,60,0
41,9,15300.0,536,0.2,1,0,5000.0,36,education,358.59,102,0
35,7,22000.0,586,0.3,2,0,11000.0,12,personal,1197.08,77,0
32,9,27400.0,450,0.28,0,0,17000.0,48,home_improvement,418.53,21,0
34,9,18400.0,459,0.33,1,0,5000.0,12,education,615.48,50,0
37,4,43400.0,525,0.23,1,0,13500.0,36,education,771.39,27,0
52,17,47200.0,503,0.27,3,0,14500.0,48,home_improvement,540.61,166,0
28,3,22000.0,461,0.19,0,0,13000.0,12,home_improvement,501.21,64,0
47,6,35600.0,513,0.16,0,0,16000.0,24,personal,1542.49,137,0
56,22,34000.0,558,0.34,3,0,11500.0,60,debt_consolidation,524.38,191,0
44,17,21400.0,542,0.58,2,1,9000.0,12,education,817.54,107,0
59,17,35000.0,725,0.17,1,0,15000.0,48,education,672.87,59,0
47,17,59900.0,625,0.29,2,0,27000.0,60,education,2196.6,60,0
50,6,25400.0,556,0.21,1,0,5000.0,48,personal,1024.41,111,0
39,17,25700.0,543,0.24,1,1,6500.0,48,debt_consolidation,312.43,59,0
41,10,26800.0,627,0.15,1,0,12500.0,24,personal,1117.08,104,0
25,5,17700.0,368,0.22,0,0,5000.0,48,home_improvement,226.32,76,0
59,13,25700.0,513,0.33,3,1,5500.0,24,personal,648.95,130,0
42,7,15000.0,545,0.32,3,0,10000.0,48,home_improvement,506.27,119,0
46,8,28500.0,505,0.23,0,0,5000.0,48,personal,962.72,108,0
30,5,19200.0,447,0.17,0,0,5000.0,24,personal,1023.97,32,0
37,8,43000.0,531,0.27,2,0,5000.0,24,education,586.81,78,0
35,13,41500.0,516,0.27,1,0,32000.0,24,personal,831.57,57,0
41,7,40000.0,512,0.15,1,0,16500.0,12,personal,238.37,52,0
50,13,40900.0,577,0.47,5,1,21500.0,24,business,1293.86,86,0
25,2,25000.0,448,0.43,2,0,18000.0,48,home_improvement,681.15,56,0
44,5,44900.0,567,0.37,2,1,12000.0,12,home_improvement,1881.53,112,0
24,1,15000.0,482,0.3,2,0,5000.0,60,home_improvement,822.56,44,0
38,13,39200.0,522,0.3,3,0,6500.0,36,personal,1122.09,46,0
37,13,27900.0,652,0.48,1,0,5000.0,48,home_improvement,1370.61,99,0
55,9,31200.0,632,0.17,1,0,10000.0,60,home_improvement,1090.28,77,0
27,2,15000.0,462,0.15,0,1,5000.0,48,home_improvement,100.0,11,0
53,11,25200.0,655,0.22,1,0,5000.0,48,home_improvement,1392.01,84,0
47,18,42600.0,609,0.52,4,0,25500.0,48,debt_consolidation,1287.22,74,0
57,17,25200.0,575,0.1,0,1,11500.0,12,business,574.28,240,0
60,17,32000.0,475,0.31,3,0,9000.0,12,personal,1136.47,134,0
54,26,15000.0,517,0.33,3,0,21500.0,36,home_improvement,148.84,82,0
40,4,16000.0,410,0.27,2,0,5000.0,48,home_improvement,307.47,51,0
34,7,19400.0,540,0.38,1,0,10500.0,36,personal,486.63,42,0
57,17,28700.0,607,0.18,0,0,18000.0,48,personal,100.0,129,0
61,30,77600.0,675,0.4,2,0,20500.0,60,debt_consolidation,829.07,121,0
25,2,21400.0,567,0.17,0,1,11500.0,24,education,1216.41,10,0
44,19,42500.0,643,0.29,0,0,39500.0,24,debt_consolidation,1558.09,135,0
29,2,23100.0,427,0.14,1,1,7000.0,12,personal,414.26,62,0
50,5,51800.0,584,0.19,1,0,26500.0,36,business,1552.8,75,0
36,10,42800.0,591,0.3,3,1,10000.0,60,debt_consolidation,1490.17,70,0
24,1,24500.0,528,0.43,2,0,14000.0,60,education,854.37,21,0
35,9,31600.0,489,0.15,1,0,16000.0,60,debt_consolidation,1116.65,59,0
32,9,39600.0,455,0.45,2,0,20000.0,12,personal,1659.58,41,0
31,5,23100.0,535,0.19,1,0,26500.0,48,education,1154.85,38,0
45,6,40800.0,499,0.25,2,0,5500.0,48,personal,999.95,61,0
33,12,73100.0,462,0.42,1,0,18000.0,48,home_improvement,1197.7,35,0
52,21,32800.0,464,0.33,1,0,5000.0,36,education,1369.3,60,0
40,11,79400.0,560,0.14,1,0,9500.0,12,business,1979.47,111,0
24,1,18500.0,517,0.18,1,0,14500.0,24,business,515.59,48,0
36,14,39300.0,392,0.55,3,2,5000.0,12,home_improvement,1283.26,80,0
37,7,40300.0,488,0.31,3,0,5000.0,48,personal,1815.99,138,0
31,2,51100.0,550,0.14,1,1,8500.0,12,debt_consolidation,1225.87,13,0
43,11,58100.0,599,0.2,2,0,6500.0,36,personal,1838.32,76,0
45,9,72300.0,512,0.11,1,0,18500.0,60,debt_consolidation,3932.1,106,0
37,6,15000.0,493,0.25,1,0,5000.0,60,education,113.1,41,1
28,4,45700.0,556,0.13,0,0,15500.0,60,education,1704.65,39,0
30,5,15000.0,550,0.17,2,0,7000.0,60,debt_consolidation,293.01,96,0
29,6,15400.0,515,0.38,1,0,5000.0,24,home_improvement,186.81,38,0
50,7,22700.0,451,0.11,0,0,5500.0,12,personal,380.98,127,0
33,7,48400.0,612,0.26,1,0,20000.0,60,home_improvement,2153.84,85,0
36,15,27300.0,489,0.3,1,0,7500.0,24,debt_consolidation,205.28,70,0
42,9,66500.0,603,0.2,1,0,13500.0,12,personal,2066.51,46,0
52,14,26000.0,340,0.42,2,1,5000.0,48,personal,869.73,114,0
35,5,19000.0,492,0.25,0,0,5000.0,60,home_improvement,684.43,77,0
23,1,18600.0,521,0.21,0,0,5000.0,48,education,415.96,16,0
51,17,38400.0,541,0.39,2,0,12000.0,60,debt_consolidation,447.4,109,0
35,8,35900.0,458,0.24,2,1,12500.0,60,debt_consolidation,858.24,174,0
24,2,29300.0,494,0.18,0,0,8500.0,24,personal,577.09,24,0
52,17,28800.0,551,0.26,0,0,12500.0,24,education,903.41,23,0
44,5,20700.0,527,0.45,1,0,11500.0,60,personal,280.16,51,0
30,9,28500.0,581,0.35,0,0,17500.0,24,debt_consolidation,894.49,34,0
29,5,31800.0,554,0.37,2,1,10000.0,24,education,808.31,18,0
41,6,15000.0,500,0.36,1,0,9500.0,48,debt_consolidation,267.56,52,0
45,4,26500.0,426,0.39,1,0,5000.0,48,home_improvement,840.27,43,0
49,13,48100.0,631,0.32,4,0,23000.0,24,home_improvement,820.52,6,0
54,20,58500.0,565,0.5,3,0,5000.0,36,personal,1751.96,127,0
63,38,101700.0,610,0.24,1,1,21000.0,36,personal,1630.88,214,0
49,19,40900.0,530,0.13,0,0,35000.0,48,home_improvement,109.84,108,0
44,19,41300.0,505,0.42,2,0,13500.0,36,personal,1149.91,143,0
39,5,25900.0,606,0.2,1,0,26500.0,12,home_improvement,1335.32,42,0
38,5,44000.0,332,0.33,0,0,24000.0,12,personal,404.64,61,0
42,20,17300.0,350,0.25,2,1,11000.0,12,personal,502.52,90,0
31,2,16000.0,521,0.46,2,0,10000.0,12,business,100.0,54,0
41,6,22500.0,440,0.18,0,0,17500.0,60,debt_consolidation,400.77,105,1
33,3,15200.0,487,0.61,2,0,5000.0,12,personal,172.83,105,0
42,14,34500.0,578,0.34,2,2,22500.0,24,home_improvement,161.08,101,0
45,6,33900.0,538,0.41,2,1,9500.0,48,personal,1591.28,112,0
32,12,47700.0,446,0.25,1,0,18500.0,60,home_improvement,2043.6,32,0
56,9,19500.0,533,0.2,1,0,31500.0,12,debt_consolidation,558.47,64,0
44,18,16100.0,724,0.16,0,0,5000.0,24,debt_consolidation,706.23,121,0
34,6,18600.0,594,0.06,0,1,11000.0,12,home_improvement,293.06,36,0
60,10,47700.0,637,0.15,2,0,5000.0,24,business,1732.21,155,0
35,6,36300.0,519,0.51,1,0,7500.0,36,personal,1599.05,132,0
42,4,26200.0,525,0.19,1,0,10000.0,12,home_improvement,568.38,82,0
30,3,20400.0,439,0.22,0,0,10500.0,60,business,810.15,59,0
35,5,32000.0,481,0.47,2,0,5000.0,12,education,1619.94,24,0
65,13,55900.0,577,0.63,2,0,19000.0,12,home_improvement,2179.73,224,0
25,2,18900.0,447,0.21,0,0,5000.0,12,home_improvement,477.12,92,0
27,3,21900.0,529,0.11,0,1,12500.0,48,debt_consolidation,698.49,45,0
44,12,15000.0,470,0.17,0,0,5000.0,36,debt_consolidation,433.58,64,0
57,14,51400.0,594,0.54,3,0,25000.0,48,home_improvement,1220.72,6,0
39,17,38600.0,510,0.47,3,1,5500.0,48,personal,691.56,60,1
49,21,29800.0,536,0.36,3,0,14000.0,24,debt_consolidation,566.39,104,0
59,9,51000.0,647,0.22,1,0,5000.0,24,debt_consolidation,902.74,146,0
58,4,40200.0,483,0.38,2,0,19500.0,24,personal,590.58,80,0
51,6,22500.0,557,0.26,1,0,9500.0,12,personal,100.0,175,0
31,4,17100.0,452,0.37,3,1,6500.0,36,debt_consolidation,299.9,57,0
28,6,30700.0,381,0.28,1,1,5000.0,48,business,857.82,102,0
39,2,15000.0,487,0.1,0,0,15500.0,48,personal,243.9,91,0
30,7,31500.0,711,0.26,0,1,5000.0,36,home_improvement,371.52,28,0
52,23,31200.0,452,0.26,1,0,21000.0,36,personal,953.09,32,0
65,24,31600.0,561,0.34,3,0,5000.0,36,home_improvement,1303.78,229,0
45,6,44100.0,655,0.54,3,0,7000.0,24,business,545.47,55,0
58,22,50800.0,666,0.34,3,0,15500.0,12,debt_consolidation,690.48,142,0
28,4,21100.0,467,0.2,1,0,17000.0,12,business,571.13,21,0
54,14,37900.0,523,0.3,2,0,5000.0,60,personal,1023.86,73,0
33,10,16500.0,501,0.29,2,0,5000.0,48,business,475.78,65,0
50,18,45300.0,430,0.06,0,0,15000.0,12,business,979.84,41,0
54,19,36900.0,651,0.35,3,0,16000.0,36,personal,959.12,64,0
36,2,51800.0,572,0.17,0,1,12500.0,12,personal,2143.55,58,0
32,4,19800.0,462,0.32,1,0,5000.0,60,personal,707.05,54,0
58,21,51700.0,576,0.38,4,0,5000.0,24,education,1100.91,55,0
39,9,25800.0,556,0.2,1,0,8000.0,36,personal,192.98,141,0
47,9,26600.0,487,0.38,0,0,5500.0,36,home_improvement,1002.09,135,0
52,13,28300.0,473,0.26,2,0,5000.0,36,debt_consolidation,765.05,15,0
55,27,71700.0,506,0.32,1,0,23500.0,36,personal,2154.15,163,0
48,10,16500.0,504,0.51,4,0,6000.0,24,personal,281.78,78,0
37,12,27600.0,430,0.35,2,0,12500.0,12,business,1174.98,8,0
39,12,32500.0,551,0.14,0,0,19000.0,24,personal,548.74,48,0
37,10,37700.0,426,0.2,1,0,15500.0,48,personal,619.38,183,0
38,11,83400.0,617,0.35,2,0,25000.0,12,debt_consolidation,1343.04,108,0
49,6,31300.0,471,0.2,0,0,5000.0,12,debt_consolidation,409.75,70,0
33,4,21200.0,630,0.2,0,0,9000.0,24,debt_consolidation,554.2,131,0
48,12,25600.0,522,0.3,2,1,10000.0,48,education,487.45,127,0
55,7,49800.0,525,0.31,3,0,5000.0,12,personal,1675.96,160,0
38,13,55500.0,509,0.07,0,0,14000.0,60,business,1109.91,83,0
29,1,15000.0,502,0.11,0,0,7000.0,12,education,756.32,44,0
40,6,38200.0,520,0.33,1,0,25500.0,60,home_improvement,179.14,106,0
31,4,29800.0,440,0.38,0,0,16500.0,24,home_improvement,649.04,81,0
30,5,18500.0,528,0.13,0,0,5000.0,12,debt_consolidation,618.21,42,0
36,4,31000.0,402,0.17,1,0,13000.0,12,personal,1556.3,65,0
41,17,35400.0,540,0.19,0,0,12500.0,60,personal,727.39,59,0
34,10,30000.0,488,0.31,2,0,5000.0,12,home_improvement,453.1,99,0
41,7,40700.0,547,0.13,1,1,5500.0,24,debt_consolidation,646.45,123,0
25,5,21900.0,558,0.36,0,0,20500.0,12,home_improvement,402.43,44,0
49,14,22600.0,507,0.09,0,0,5000.0,36,personal,634.61,151,0
29,3,15500.0,510,0.28,0,0,5000.0,12,business,173.15,24,0
35,2,30800.0,513,0.14,1,0,14000.0,24,debt_consolidation,828.79,41,0
56,21,89900.0,597,0.27,2,0,27500.0,24,home_improvement,4239.92,37,0
39,7,28900.0,482,0.23,0,2,15500.0,12,personal,855.54,36,1
25,1,15000.0,652,0.22,0,0,11500.0,12,education,392.59,25,0
62,18,39600.0,688,0.37,1,1,5000.0,36,personal,468.25,178,0
44,18,33200.0,477,0.31,3,1,7500.0,24,personal,1361.03,99,0
54,14,63900.0,606,0.64,3,1,10000.0,36,business,1198.95,52,1
27,8,15000.0,531,0.15,0,0,17500.0,36,home_improvement,441.79,33,0
34,3,19300.0,385,0.35,0,1,5000.0,24,education,447.87,35,0
35,13,23100.0,576,0.2,1,0,5000.0,48,home_improvement,395.27,41,0
40,1,20700.0,596,0.42,4,0,16000.0,24,debt_consolidation,335.56,56,0
27,3,29800.0,451,0.3,3,0,10500.0,24,business,912.6,34,0
46,3,19300.0,632,0.49,2,0,20500.0,24,personal,303.98,104,0
59,16,54600.0,602,0.4,3,0,20000.0,36,personal,2280.26,120,0
37,14,40300.0,540,0.21,0,1,29500.0,48,personal,585.36,36,0
29,3,32300.0,390,0.33,1,1,5000.0,12,personal,1020.16,17,1
29,3,15000.0,471,0.34,1,0,12500.0,12,education,617.18,58,0
61,15,73100.0,547,0.22,1,0,36000.0,12,debt_consolidation,3266.08,119,0
62,29,48100.0,722,0.27,3,0,14000.0,24,education,1546.18,94,0
52,14,53300.0,484,0.33,3,0,15500.0,36,home_improvement,1818.57,85,0
31,5,35800.0,710,0.39,2,0,5000.0,12,debt_consolidation,1504.22,5,0
45,15,37700.0,531,0.23,1,0,16000.0,12,education,322.64,62,0
47,22,33600.0,519,0.31,0,0,5000.0,48,debt_consolidation,1803.17,174,0
54,11,37000.0,515,0.19,0,0,13500.0,60,home_improvement,1314.65,85,0
44,18,43000.0,570,0.33,2,1,21500.0,12,education,311.0,72,0
48,12,42600.0,508,0.52,3,0,14000.0,12,debt_consolidation,549.97,170,0
50,16,37900.0,607,0.28,1,0,5500.0,36,personal,1666.54,87,0
37,10,20400.0,497,0.3,1,0,5000.0,36,education,863.69,63,0
42,16,47500.0,504,0.49,1,0,9000.0,36,debt_consolidation,700.85,112,0
27,3,19700.0,496,0.29,0,0,13000.0,12,debt_consolidation,501.75,9,0
24,1,15000.0,311,0.37,0,1,15000.0,36,home_improvement,318.49,26,1
63,28,32900.0,562,0.4,1,1,21500.0,12,debt_consolidation,795.76,162,0
41,12,24600.0,579,0.42,3,2,9000.0,12,personal,835.18,121,0
31,2,45600.0,521,0.27,2,0,5000.0,12,personal,1096.27,152,0
46,11,21200.0,476,0.36,2,0,12000.0,12,debt_consolidation,907.2,55,0
30,3,16300.0,488,0.44,2,1,5000.0,24,personal,734.76,44,0
56,5,32400.0,499,0.54,2,1,7000.0,12,business,1370.35,85,0
52,14,27300.0,532,0.26,3,1,5000.0,12,home_improvement,1225.49,21,0
50,6,36400.0,489,0.26,1,0,17000.0,12,business,739.91,27,0
41,1,23600.0,475,0.42,0,0,10500.0,24,business,843.28,42,0
55,22,28800.0,546,0.34,2,0,8500.0,12,business,731.64,201,0
36,6,24700.0,370,0.48,4,1,14000.0,48,education,558.08,39,0
35,12,31000.0,446,0.26,2,0,11500.0,36,home_improvement,901.06,21,0
40,17,55500.0,587,0.09,1,0,16000.0,36,business,1141.85,184,0
45,3,31600.0,544,0.16,0,1,8500.0,60,home_improvement,404.66,52,0
57,8,33600.0,523,0.38,3,0,24000.0,36,business,515.71,37,0
52,22,65500.0,628,0.25,2,0,20500.0,36,business,1348.77,118,0
26,5,22000.0,523,0.25,2,0,5000.0,36,personal,392.07,80,0
36,3,22200.0,581,0.25,2,0,14000.0,60,debt_consolidation,873.8,88,0
42,13,22400.0,458,0.47,2,1,10000.0,24,home_improvement,464.86,104,0
50,8,45600.0,608,0.3,2,0,10500.0,36,education,1677.53,102,0
51,17,34000.0,414,0.15,0,0,5000.0,48,home_improvement,112.11,130,0
27,3,15000.0,661,0.29,3,0,25500.0,36,home_improvement,123.71,24,0
48,20,86600.0,688,0.23,3,0,30000.0,48,debt_consolidation,1074.62,131,0
33,12,19900.0,660,0.56,1,1,12500.0,12,personal,832.0,57,0
62,13,46800.0,495,0.17,0,0,31000.0,60,debt_consolidation,965.37,264,0
52,20,55500.0,515,0.1,1,0,5000.0,12,home_improvement,1402.49,190,0
33,7,31100.0,474,0.25,2,0,5000.0,12,home_improvement,517.71,35,0
30,3,22400.0,498,0.09,0,0,5000.0,24,home_improvement,393.24,19,0
56,8,30400.0,570,0.3,3,0,5000.0,48,debt_consolidation,1631.8,57,0
37,13,21000.0,416,0.33,1,0,12500.0,36,personal,355.09,88,0
32,3,21900.0,508,0.2,1,0,5000.0,60,debt_consolidation,965.74,104,0
61,13,26000.0,443,0.24,2,0,5000.0,36,personal,838.9,142,0
24,2,15000.0,483,0.18,0,0,5000.0,60,personal,205.87,36,0
48,12,35500.0,558,0.28,3,1,5000.0,24,personal,557.5,142,0
46,15,37000.0,595,0.41,0,0,11000.0,24,education,1261.45,82,0
38,11,20600.0,392,0.29,0,1,19500.0,12,personal,706.36,119,1
29,7,25700.0,403,0.4,0,0,5000.0,24,home_improvement,510.23,43,0
29,8,16800.0,374,0.08,0,0,9500.0,36,personal,327.49,22,0
29,1,22800.0,451,0.22,1,1,10000.0,48,personal,539.81,8,1
35,4,30000.0,566,0.28,1,0,18000.0,12,personal,1114.71,46,0
35,11,33300.0,524,0.31,2,0,9500.0,24,debt_consolidation,855.5,45,0
33,5,22800.0,459,0.27,1,0,5000.0,60,personal,444.1,84,0
39,10,21200.0,472,0.32,1,2,10000.0,48,education,621.68,29,1
25,1,15000.0,439,0.28,0,1,5000.0,12,personal,393.51,27,0
24,4,21300.0,463,0.3,1,0,12000.0,48,personal,255.8,5,0
39,3,15000.0,502,0.37,3,0,9500.0,36,business,658.95,32,0
40,11,15000.0,691,0.18,0,0,5000.0,36,home_improvement,106.56,80,0
47,8,53400.0,607,0.28,1,0,16500.0,60,personal,1792.01,118,0
42,15,40100.0,496,0.34,4,0,5000.0,12,debt_consolidation,1042.71,119,0
34,6,32500.0,532,0.21,1,0,19000.0,60,business,566.59,89,0
46,14,34000.0,490,0.13,1,0,16000.0,24,personal,1277.35,8,0
42,12,25000.0,574,0.44,3,1,12000.0,24,business,860.44,164,0
45,18,40400.0,526,0.28,1,0,15000.0,36,home_improvement,1652.11,69,0
50,8,24200.0,490,0.31,2,0,16500.0,24,personal,543.57,23,0
52,23,34700.0,520,0.59,5,0,9000.0,24,debt_consolidation,583.16,78,0
61,37,28900.0,583,0.41,1,0,5000.0,48,personal,680.58,37,0
39,5,32300.0,506,0.28,2,0,5000.0,24,debt_consolidation,979.34,88,0
36,9,34000.0,448,0.1,1,0,5000.0,12,education,711.4,78,0
47,9,27200.0,590,0.36,0,0,22000.0,24,debt_consolidation,717.85,47,0
37,8,37700.0,587,0.19,0,0,24500.0,24,debt_consolidation,1196.69,26,0
52,23,56100.0,622,0.28,0,0,18000.0,12,business,2136.26,49,0
35,2,15000.0,478,0.22,0,0,5000.0,12,business,581.56,47,0
40,8,27100.0,412,0.11,0,0,28500.0,24,personal,265.43,80,0
28,2,25200.0,553,0.2,0,0,5000.0,12,debt_consolidation,146.16,64,1
33,4,31100.0,428,0.43,0,0,11500.0,48,home_improvement,955.75,63,0
37,8,30900.0,554,0.31,1,0,11000.0,60,personal,526.7,49,0
50,13,37700.0,521,0.2,2,0,25000.0,48,business,1250.94,75,0
34,5,16400.0,499,0.3,1,1,21500.0,60,business,653.29,85,0
38,9,25300.0,501,0.29,2,0,5000.0,36,debt_consolidation,382.21,57,0
51,23,112100.0,624,0.18,2,0,43000.0,24,home_improvement,2881.99,80,0
52,14,26400.0,558,0.07,0,0,5000.0,36,debt_consolidation,560.22,32,0
34,13,18300.0,407,0.27,2,0,15000.0,24,business,164.88,21,0
23,1,15500.0,401,0.17,0,1,5000.0,12,debt_consolidation,100.0,26,0
29,4,50400.0,572,0.15,0,0,6000.0,12,debt_consolidation,471.74,15,0
26,2,29000.0,516,0.24,1,1,5500.0,48,education,850.74,23,0
34,2,19900.0,434,0.31,0,0,13000.0,24,education,275.55,27,0
49,17,38400.0,469,0.16,1,0,11000.0,36,home_improvement,1148.2,116,0
54,16,27800.0,533,0.65,3,0,30500.0,12,personal,499.96,100,0
39,8,39700.0,628,0.19,1,0,21000.0,24,personal,1011.6,59,0
56,10,59900.0,588,0.24,1,2,28000.0,48,debt_consolidation,399.42,24,0
38,12,21600.0,434,0.27,1,1,16500.0,48,home_improvement,578.47,99,0
53,6,47900.0,537,0.28,0,0,17500.0,60,business,701.64,54,0
50,16,15000.0,511,0.24,0,0,8000.0,12,business,115.34,163,0
51,7,25900.0,565,0.37,1,1,17500.0,24,home_improvement,870.68,153,0
40,9,21700.0,410,0.39,1,0,9500.0,24,debt_consolidation,401.38,68,0
33,3,29900.0,580,0.33,0,0,10000.0,60,personal,1340.93,108,0
38,7,18400.0,521,0.31,1,0,5000.0,36,personal,240.47,107,0
28,3,15000.0,525,0.34,0,0,5500.0,12,personal,876.81,56,0
28,5,20300.0,601,0.54,1,0,6500.0,48,business,667.04,49,0
22,2,18600.0,391,0.35,2,0,7500.0,36,debt_consolidation,100.0,30,0
43,3,59200.0,603,0.12,0,0,9000.0,12,debt_consolidation,1579.47,92,0
51,7,44900.0,554,0.26,0,1,8500.0,36,home_improvement,1445.15,127,0
53,18,22900.0,525,0.23,1,0,6500.0,36,home_improvement,228.33,94,0
30,1,29600.0,437,0.21,0,1,5000.0,24,personal,1367.27,61,0
28,6,33900.0,349,0.3,1,1,12000.0,12,home_improvement,1281.7,74,0
40,8,27900.0,472,0.34,1,0,9500.0,36,home_improvement,1224.33,11,0
46,0,44900.0,495,0.29,2,1,9500.0,36,personal,862.74,49,0
45,15,32600.0,509,0.47,2,0,5000.0,24,personal,1003.58,39,0
30,6,22100.0,508,0.33,3,0,19000.0,12,personal,487.87,38,0
27,2,15400.0,454,0.2,1,0,5000.0,36,personal,391.29,5,0
45,6,28900.0,569,0.39,2,0,16000.0,48,business,1302.09,197,0
25,0,18000.0,601,0.33,0,0,11000.0,12,home_improvement,245.85,24,0
36,9,40500.0,563,0.51,4,0,5000.0,12,personal,1175.82,11,0
29,2,48500.0,479,0.17,0,0,5000.0,24,personal,1264.84,65,0
44,20,44300.0,459,0.29,3,0,17000.0,36,education,2374.58,68,0
42,5,15000.0,385,0.16,1,1,5000.0,60,business,632.7,57,1
39,4,41600.0,425,0.2,1,0,12000.0,60,home_improvement,1605.33,48,0
46,6,44600.0,496,0.31,2,1,19000.0,12,debt_consolidation,750.07,76,0
29,4,33100.0,463,0.1,0,0,17500.0,36,personal,788.19,34,0
39,5,15000.0,526,0.32,0,1,12000.0,36,personal,657.47,69,0
39,11,46100.0,544,0.3,1,0,18000.0,60,debt_consolidation,975.7,84,0
28,6,23700.0,487,0.3,4,0,7500.0,12,education,109.34,96,0
54,16,23000.0,415,0.32,3,1,9000.0,60,personal,298.98,206,1
35,3,16400.0,456,0.32,0,0,10000.0,12,personal,659.42,53,0
31,3,21800.0,472,0.19,0,0,5000.0,12,home_improvement,989.79,52,0
38,9,15000.0,391,0.2,1,0,5000.0,60,personal,916.41,35,0
41,1,15000.0,595,0.46,3,0,5000.0,24,business,615.62,207,0
54,14,30400.0,470,0.33,0,1,5500.0,24,home_improvement,1089.5,145,1
55,14,51000.0,581,0.34,0,0,13000.0,48,personal,1838.58,159,0
32,6,25000.0,546,0.23,0,1,5000.0,24,debt_consolidation,909.01,85,0
31,1,25700.0,528,0.58,3,0,5000.0,12,home_improvement,440.16,42,0
33,6,18800.0,444,0.35,1,1,5000.0,36,home_improvement,432.65,41,0
39,5,24000.0,498,0.27,0,0,15500.0,36,debt_consolidation,551.13,60,0
26,5,32300.0,506,0.33,2,0,5000.0,12,debt_consolidation,1302.72,66,0
36,4,18300.0,483,0.4,2,1,10000.0,36,home_improvement,205.02,97,0
55,22,95300.0,628,0.12,1,0,26500.0,24,personal,1918.56,101,0
67,36,66200.0,544,0.54,4,0,19500.0,36,home_improvement,1789.25,216,0
26,3,22200.0,624,0.18,2,0,5000.0,48,home_improvement,667.38,36,0
40,5,26500.0,493,0.26,2,0,15000.0,12,home_improvement,271.6,72,0
45,24,57300.0,616,0.31,1,1,19500.0,24,personal,433.07,82,0
29,8,26500.0,427,0.22,1,0,7000.0,12,business,373.97,48,0
41,14,51900.0,471,0.23,0,0,13500.0,24,debt_consolidation,451.81,63,0
34,2,32300.0,499,0.3,2,0,6500.0,60,personal,722.9,56,0
49,4,25200.0,477,0.28,2,0,19000.0,24,debt_consolidation,823.95,33,0
41,13,28000.0,545,0.32,0,0,13500.0,12,debt_consolidation,100.0,160,0
40,5,34300.0,532,0.41,3,0,12000.0,12,personal,217.07,53,0
46,16,33600.0,656,0.32,3,0,16500.0,24,debt_consolidation,1429.32,179,0
50,10,28500.0,593,0.23,1,0,19000.0,48,education,158.06,52,0
28,8,32300.0,422,0.15,0,0,12000.0,12,business,395.86,42,0
43,1,44900.0,606,0.42,0,0,15500.0,12,personal,1308.21,65,0
23,0,15000.0,454,0.15,1,0,12000.0,36,personal,360.41,77,0
30,3,22400.0,520,0.28,0,0,5000.0,48,personal,1015.86,42,0
26,4,16300.0,346,0.07,0,2,9000.0,12,education,479.8,7,1
39,14,54500.0,572,0.25,2,0,23000.0,48,education,1833.63,83,0
23,2,25600.0,529,0.18,1,0,16000.0,12,debt_consolidation,834.55,18,0
40,6,21100.0,482,0.13,0,0,22500.0,60,personal,615.09,33,0
29,9,22900.0,495,0.2,1,0,18000.0,60,home_improvement,517.88,69,0
46,19,21000.0,557,0.32,1,0,5000.0,48,home_improvement,304.19,142,0
46,11,34500.0,479,0.29,1,0,12000.0,48,personal,100.0,97,0
40,15,53400.0,543,0.16,0,0,25000.0,36,home_improvement,2759.32,108,0
37,3,33100.0,492,0.4,2,1,23000.0,48,personal,368.85,53,0
39,10,28600.0,518,0.17,1,0,5000.0,12,education,850.57,91,0
40,7,26800.0,507,0.19,0,0,5000.0,24,home_improvement,1329.28,53,0
26,4,16900.0,522,0.28,0,0,21000.0,24,personal,405.46,30,0
28,4,40300.0,642,0.52,3,0,9500.0,24,personal,817.67,16,0
37,13,16900.0,558,0.48,2,1,10500.0,60,personal,664.95,79,1
48,6,26500.0,477,0.26,2,1,11500.0,24,personal,913.99,64,0
32,4,19300.0,451,0.21,0,0,5000.0,24,business,201.16,20,0
50,11,34400.0,490,0.07,0,0,18000.0,36,personal,1227.29,65,0
33,7,27600.0,498,0.24,1,0,5000.0,36,home_improvement,758.14,39,0
53,21,33100.0,355,0.21,1,0,25500.0,12,home_improvement,399.65,148,0
48,13,26300.0,530,0.37,2,1,23000.0,60,home_improvement,552.45,39,0
47,2,25700.0,544,0.09,0,0,20500.0,36,business,512.36,21,0
37,13,38100.0,585,0.14,1,0,5000.0,36,personal,241.44,123,0
27,1,20200.0,438,0.14,0,2,5000.0,60,home_improvement,928.8,40,0
36,10,15700.0,675,0.3,0,0,9000.0,36,home_improvement,772.88,82,0
30,2,15000.0,471,0.37,0,0,7500.0,36,education,496.19,68,0
34,6,15000.0,531,0.39,1,0,5000.0,24,debt_consolidation,631.34,66,0
51,5,46400.0,547,0.31,2,0,7000.0,36,home_improvement,1075.73,1,0
35,9,39700.0,680,0.24,0,0,10000.0,24,personal,1377.59,108,0
42,4,37200.0,583,0.42,2,1,24000.0,60,personal,1671.26,49,0
64,20,57500.0,556,0.38,2,0,18000.0,24,home_improvement,1392.33,157,0
29,8,25000.0,546,0.43,1,1,18500.0,36,home_improvement,763.18,63,0
36,8,15000.0,710,0.48,1,0,6000.0,24,business,816.45,24,0
29,4,58700.0,621,0.29,2,0,19000.0,48,home_improvement,736.73,41,0
52,6,49800.0,608,0.42,1,0,5500.0,36,personal,2694.26,207,0
31,7,33000.0,483,0.06,0,2,6500.0,12,home_improvement,877.85,49,0
55,18,19600.0,542,0.21,1,0,23000.0,12,debt_consolidation,213.54,77,0
30,2,20800.0,411,0.39,1,0,13000.0,12,personal,688.13,76,0
46,6,15400.0,546,0.19,2,1,5000.0,48,business,342.8,98,0
22,3,30800.0,411,0.35,0,1,9000.0,60,debt_consolidation,404.37,5,1
35,11,70900.0,653,0.25,3,1,11000.0,48,personal,2789.31,71,0
43,5,37000.0,488,0.45,4,0,10500.0,60,debt_consolidation,321.47,206,1
39,13,29100.0,599,0.26,2,0,8000.0,48,business,414.25,83,0
34,6,29900.0,609,0.05,0,0,8000.0,12,home_improvement,395.23,85,0
34,8,28500.0,569,0.32,2,1,5000.0,24,home_improvement,525.46,94,0
34,5,22100.0,389,0.42,2,0,15500.0,48,personal,781.66,128,0
54,14,19600.0,527,0.24,0,0,13000.0,48,debt_consolidation,120.83,31,0
32,8,27900.0,475,0.13,0,1,27000.0,60,business,760.61,48,0
44,7,30600.0,468,0.29,0,1,5000.0,36,debt_consolidation,1166.74,33,0
39,8,26300.0,512,0.32,2,0,5000.0,36,debt_consolidation,1356.36,156,0
43,5,36900.0,546,0.16,1,0,18000.0,60,debt_consolidation,828.45,170,0
47,6,22700.0,513,0.46,2,0,5000.0,36,debt_consolidation,480.41,232,0
36,6,37900.0,397,0.18,1,0,5000.0,12,personal,876.13,43,0
45,7,27500.0,506,0.33,1,0,10500.0,60,debt_consolidation,318.64,81,0
42,7,23600.0,483,0.14,0,0,5500.0,24,business,315.9,117,0
57,20,69900.0,653,0.32,4,0,24500.0,48,business,799.45,48,0
45,8,34900.0,624,0.27,1,0,10500.0,36,debt_consolidation,131.8,71,0
53,10,42900.0,563,0.37,2,0,9000.0,60,debt_consolidation,1161.48,82,0
54,13,36300.0,612,0.39,4,0,17000.0,60,home_improvement,444.32,15,0
40,2,21500.0,537,0.18,2,0,8000.0,24,home_improvement,489.76,78,0
50,11,15000.0,472,0.19,0,0,8500.0,12,debt_consolidation,339.74,87,0
47,6,27800.0,664,0.31,1,1,5500.0,24,home_improvement,977.77,44,0
60,33,58000.0,677,0.2,1,0,7500.0,36,education,1348.0,235,0
40,12,23000.0,591,0.32,0,0,13000.0,60,home_improvement,452.07,61,0
36,9,16600.0,635,0.37,2,1,16000.0,60,debt_consolidation,363.29,14,0
29,6,27800.0,435,0.22,0,0,13500.0,36,personal,742.96,31,0
57,17,22100.0,561,0.26,1,1,15000.0,60,home_improvement,502.72,148,0
26,2,15700.0,442,0.05,0,0,7000.0,48,home_improvement,156.74,11,0
29,4,15000.0,599,0.23,1,0,5000.0,36,home_improvement,662.13,38,0
39,17,22400.0,412,0.21,0,0,6000.0,24,personal,486.72,32,0
54,2,32800.0,572,0.24,2,0,18500.0,24,business,750.82,89,0
46,11,20900.0,448,0.61,2,1,17000.0,60,business,379.14,57,1
42,8,60400.0,592,0.23,2,0,20000.0,48,personal,920.11,16,0
32,11,20000.0,437,0.22,0,0,13000.0,12,home_improvement,609.84,52,0
49,14,33000.0,558,0.52,6,0,8000.0,24,education,1011.05,12,0
27,2,15200.0,430,0.27,2,1,7000.0,36,business,683.39,89,0
45,14,52100.0,441,0.19,1,0,8500.0,48,home_improvement,2615.6,55,0
28,5,22200.0,474,0.36,1,0,5000.0,36,debt_consolidation,1028.03,6,0
33,11,31600.0,587,0.39,2,0,23500.0,60,personal,1130.34,72,0
34,3,20300.0,521,0.11,0,0,6000.0,12,debt_consolidation,928.53,59,0
40,12,41100.0,529,0.13,1,0,21000.0,60,debt_consolidation,831.22,63,0
49,8,66500.0,464,0.21,0,0,35500.0,36,home_improvement,1611.21,90,0
33,4,20200.0,499,0.31,1,0,5000.0,12,home_improvement,684.62,63,0
53,19,43500.0,502,0.17,0,1,15500.0,36,debt_consolidation,723.41,11,0
33,4,16400.0,564,0.59,3,0,9500.0,24,debt_consolidation,141.79,40,0
36,6,36700.0,511,0.24,0,0,15500.0,12,business,1117.77,50,0
28,1,15000.0,453,0.53,2,0,5000.0,24,home_improvement,649.84,27,0
27,5,21000.0,423,0.16,1,2,6500.0,36,personal,914.12,36,0
57,16,53600.0,598,0.02,0,0,8000.0,36,debt_consolidation,2503.28,197,0
42,8,30000.0,509,0.11,0,1,14000.0,36,business,1246.39,106,0
43,14,29100.0,523,0.22,0,0,9000.0,24,personal,527.43,54,0
47,25,34400.0,529,0.27,1,0,28000.0,60,business,546.49,101,0
57,19,65600.0,748,0.49,4,0,15000.0,60,debt_consolidation,657.35,100,0
49,2,42300.0,451,0.36,2,1,16500.0,60,home_improvement,847.08,115,0
30,2,39100.0,387,0.56,2,0,12500.0,12,personal,1702.81,61,0
35,4,25500.0,514,0.29,0,0,10500.0,60,business,1244.71,38,0
53,18,25300.0,467,0.36,3,0,13000.0,24,debt_consolidation,753.31,218,0
25,4,17500.0,388,0.3,1,0,8500.0,12,home_improvement,614.68,36,0
51,20,59300.0,573,0.5,3,0,12500.0,60,debt_consolidation,2460.07,142,0
36,2,30900.0,476,0.43,3,0,31000.0,36,debt_consolidation,437.36,90,0
56,4,15600.0,590,0.29,2,0,5000.0,12,personal,401.65,50,0
50,15,24900.0,537,0.23,2,0,5000.0,12,debt_consolidation,299.18,140,0
38,7,29600.0,562,0.28,2,0,8000.0,24,debt_consolidation,220.88,77,0
35,13,38100.0,372,0.31,2,1,27000.0,24,personal,966.66,36,0
32,3,39300.0,508,0.26,2,0,8500.0,48,business,1922.49,16,0
27,2,24000.0,477,0.43,2,0,5000.0,12,debt_consolidation,423.24,24,0
39,9,22200.0,583,0.38,3,0,5000.0,36,personal,805.39,62,0
40,3,23900.0,566,0.27,0,0,16500.0,60,home_improvement,1184.22,44,0
47,14,17600.0,438,0.39,2,0,9000.0,24,debt_consolidation,531.72,134,0
38,4,34500.0,674,0.3,0,0,20000.0,48,education,924.1,43,0
44,11,52900.0,550,0.22,0,0,18500.0,48,debt_consolidation,1010.56,67,0
44,25,23500.0,612,0.33,3,0,6000.0,24,debt_consolidation,456.22,88,0
58,21,46600.0,611,0.19,1,1,20000.0,24,home_improvement,158.17,227,0
24,3,47300.0,550,0.12,0,0,9000.0,36,education,1614.73,48,0
28,8,32700.0,542,0.14,1,0,17000.0,24,home_improvement,275.37,38,0
49,12,44700.0,502,0.2,1,0,5500.0,24,home_improvement,541.51,85,0
43,17,42400.0,484,0.42,4,0,8500.0,12,personal,947.35,140,0
55,18,48500.0,603,0.31,1,0,9000.0,36,education,1275.85,176,0
58,22,30100.0,543,0.16,1,0,5000.0,12,personal,1075.92,182,0
54,17,88600.0,604,0.63,6,0,33000.0,24,debt_consolidation,1331.39,172,0
35,10,26900.0,503,0.37,0,0,19000.0,36,debt_consolidation,1056.87,88,0
51,11,20100.0,462,0.2,0,0,7000.0,60,business,842.74,48,0
30,5,18200.0,557,0.08,0,0,5000.0,24,business,461.59,64,0
42,7,15400.0,577,0.41,1,0,17500.0,24,home_improvement,249.62,78,0
47,8,31700.0,421,0.09,0,0,5000.0,12,education,326.96,49,0
29,2,22900.0,512,0.26,0,0,5000.0,24,debt_consolidation,577.31,26,0
43,8,39600.0,517,0.41,1,0,17000.0,24,home_improvement,303.78,84,0
42,4,30200.0,667,0.34,1,0,16500.0,48,personal,1351.73,147,0
26,2,21100.0,537,0.36,1,1,8500.0,60,personal,972.94,16,0
48,25,38800.0,561,0.26,1,0,14500.0,12,home_improvement,384.26,199,0
42,9,32000.0,382,0.34,3,0,9500.0,24,business,323.68,91,1
38,15,43700.0,575,0.24,0,0,11000.0,36,home_improvement,859.33,42,0
30,1,19600.0,321,0.35,0,0,20000.0,60,debt_consolidation,582.58,26,1
51,16,59000.0,665,0.17,1,0,11500.0,48,personal,1673.43,45,0
28,8,15100.0,556,0.14,0,1,5000.0,12,education,225.89,35,0
40,4,68700.0,630,0.2,1,0,10000.0,24,home_improvement,2875.32,39,0
26,3,33300.0,467,0.25,2,0,20000.0,24,debt_consolidation,683.95,33,0
39,13,31700.0,493,0.22,1,0,11000.0,60,debt_consolidation,817.05,47,0
31,7,41700.0,490,0.4,0,0,12500.0,36,debt_consolidation,878.12,62,0
35,2,15000.0,435,0.27,0,0,5000.0,12,personal,595.86,66,0
35,5,18700.0,482,0.1,0,0,21500.0,24,debt_consolidation,474.1,80,0
40,7,15000.0,439,0.27,0,0,17000.0,60,education,150.05,77,0
33,3,29800.0,458,0.27,0,0,19500.0,36,business,876.7,34,0
34,5,28600.0,491,0.1,1,0,10500.0,48,personal,546.43,54,0
40,6,56100.0,582,0.25,1,0,7500.0,60,home_improvement,1082.16,16,0
28,2,31800.0,438,0.25,1,0,9500.0,60,business,1022.72,38,0
49,17,52800.0,539,0.26,2,0,25500.0,36,personal,985.77,126,0
41,16,25000.0,547,0.12,0,0,20000.0,24,debt_consolidation,290.48,62,0
46,22,36600.0,649,0.2,2,1,15000.0,12,education,1055.43,42,0
37,12,38000.0,652,0.25,1,0,20000.0,12,home_improvement,764.61,109,0
51,4,57400.0,465,0.17,1,0,36000.0,60,education,670.0,89,0
28,3,36400.0,477,0.15,1,0,21500.0,24,business,1381.36,31,0
44,7,37900.0,605,0.21,0,0,7000.0,48,home_improvement,1893.96,149,0
61,26,27100.0,580,0.28,1,0,5000.0,12,debt_consolidation,224.6,155,0
42,2,42100.0,480,0.4,2,1,18000.0,36,personal,2457.47,42,0
48,14,15000.0,558,0.27,2,0,12000.0,12,personal,496.14,71,0
38,12,30300.0,590,0.26,3,0,5500.0,12,home_improvement,100.0,122,0
40,8,33400.0,513,0.13,0,0,5000.0,48,debt_consolidation,1361.52,11,0
43,15,24100.0,450,0.37,0,0,25500.0,12,personal,610.8,79,0
28,4,18200.0,533,0.17,1,0,6000.0,24,business,338.99,44,0
28,0,17400.0,473,0.32,1,0,14000.0,12,personal,500.05,40,0
27,3,25200.0,426,0.42,1,0,5000.0,60,education,618.65,54,0
39,17,42200.0,546,0.26,1,0,5000.0,12,personal,2190.8,80,0
42,12,39100.0,588,0.34,3,0,21000.0,36,debt_consolidation,1335.02,47,0
25,3,16600.0,403,0.38,0,0,13500.0,12,personal,423.98,18,0
40,16,16200.0,560,0.31,1,0,8500.0,24,debt_consolidation,277.07,111,0
25,5,35000.0,543,0.19,1,0,16000.0,48,home_improvement,777.6,38,0
39,14,39100.0,551,0.31,1,0,19000.0,24,home_improvement,1463.25,42,0
27,7,44700.0,470,0.17,1,0,20500.0,48,business,591.22,47,0
47,2,27100.0,432,0.34,2,1,23500.0,24,business,188.25,180,0
38,5,23100.0,564,0.14,0,0,6000.0,24,debt_consolidation,406.49,33,0
28,7,29900.0,520,0.39,1,0,10500.0,24,debt_consolidation,1330.87,30,0
36,8,33900.0,544,0.33,2,0,5000.0,12,personal,697.83,70,0
30,6,35500.0,483,0.27,1,0,12000.0,60,personal,831.17,68,0
42,11,19300.0,745,0.51,1,0,9500.0,36,personal,672.98,83,0
54,12,20200.0,496,0.26,2,1,5000.0,12,home_improvement,310.1,97,0
53,9,20600.0,631,0.33,3,0,16500.0,36,business,748.91,65,0
36,7,31600.0,442,0.31,0,1,7000.0,48,business,846.66,36,0
41,16,32100.0,504,0.33,1,0,11500.0,48,home_improvement,1543.55,154,0
45,8,26800.0,513,0.48,2,0,5000.0,24,personal,712.07,41,0
40,3,15800.0,462,0.41,2,0,5000.0,12,personal,399.58,96,0
42,16,21200.0,468,0.16,1,0,10000.0,48,debt_consolidation,243.27,56,0
22,2,40600.0,461,0.21,1,0,8000.0,12,personal,1920.97,36,0
37,7,27300.0,450,0.4,3,0,20000.0,12,home_improvement,637.73,42,0
45,4,34200.0,552,0.09,0,0,5500.0,12,personal,601.46,172,0
35,16,23400.0,600,0.3,0,0,17500.0,24,personal,715.7,11,0
37,6,63400.0,574,0.41,2,1,23500.0,36,personal,1880.88,61,0
30,6,15000.0,470,0.2,0,0,18000.0,12,home_improvement,487.52,45,0
36,13,45700.0,446,0.31,1,0,19500.0,24,home_improvement,966.0,93,0
54,5,15000.0,661,0.31,0,0,5000.0,12,personal,424.01,82,0
56,24,35100.0,589,0.19,0,0,8000.0,24,education,898.65,38,0
37,4,16700.0,404,0.36,1,0,15500.0,24,home_improvement,906.18,97,0
59,6,55800.0,605,0.54,3,0,23000.0,12,home_improvement,546.87,83,0
39,6,24200.0,415,0.36,2,0,17000.0,24,home_improvement,251.13,22,0
37,3,21300.0,594,0.15,0,1,15500.0,12,debt_consolidation,731.03,53,0
38,7,26800.0,515,0.11,0,0,6000.0,24,debt_consolidation,1120.97,61,0
33,9,31300.0,500,0.25,1,0,22500.0,12,debt_consolidation,936.25,5,0
38,12,21900.0,544,0.17,1,0,5000.0,24,personal,215.66,23,0
38,1,76600.0,737,0.15,1,1,15500.0,24,business,3341.28,69,0
53,21,32200.0,490,0.16,1,0,14500.0,24,education,440.32,213,0
48,1,23900.0,444,0.26,1,0,7000.0,12,education,975.41,67,0
54,10,43200.0,584,0.21,2,0,8500.0,48,personal,1779.02,33,0
56,8,28000.0,434,0.42,4,2,5000.0,24,personal,416.91,140,0
47,11,73200.0,631,0.4,2,0,10500.0,24,home_improvement,2768.66,61,0
37,5,60800.0,542,0.48,3,0,11500.0,24,education,1464.08,89,0
59,16,65800.0,664,0.14,1,0,24500.0,36,personal,489.35,108,0
42,5,31600.0,628,0.1,0,0,8000.0,12,business,932.03,64,0
38,13,23100.0,502,0.22,0,0,7000.0,36,personal,537.94,31,0
49,14,24500.0,516,0.35,2,0,21500.0,48,personal,1037.35,69,0
40,7,40500.0,617,0.15,1,0,16500.0,12,debt_consolidation,1265.54,24,0
40,14,57900.0,691,0.22,2,0,13000.0,60,personal,794.59,28,0
32,1,17500.0,411,0.23,1,0,5000.0,48,home_improvement,637.5,126,0
44,0,40600.0,587,0.36,0,0,27000.0,36,debt_consolidation,2132.38,165,0
44,7,58700.0,642,0.12,0,0,5500.0,12,personal,710.03,102,0
48,8,29500.0,585,0.33,0,0,11500.0,12,personal,722.28,66,0
42,11,55600.0,610,0.27,1,0,5000.0,24,home_improvement,1215.98,38,0
41,18,77100.0,520,0.25,1,0,19000.0,48,debt_consolidation,1560.9,85,0
27,4,30200.0,517,0.22,0,0,14500.0,24,personal,509.58,98,0
49,10,28600.0,519,0.4,4,0,7000.0,48,home_improvement,376.24,99,0
32,2,33300.0,467,0.09,0,1,5000.0,24,business,529.92,50,0
29,2,27000.0,536,0.28,2,0,17000.0,48,personal,948.6,32,0
60,25,23900.0,536,0.31,2,0,12000.0,60,personal,278.36,19,0
45,8,26300.0,632,0.21,2,1,7000.0,12,business,1011.85,54,0
52,18,15300.0,508,0.44,0,1,15500.0,24,home_improvement,670.28,76,0
43,3,115600.0,669,0.13,1,0,31500.0,24,personal,3563.33,117,0
44,11,22400.0,484,0.12,1,0,5000.0,12,debt_consolidation,711.63,100,0
51,3,40300.0,612,0.23,0,0,16000.0,36,personal,837.29,157,0
38,6,22500.0,450,0.38,1,0,17000.0,12,personal,238.64,83,0
26,2,24100.0,462,0.28,0,1,19000.0,24,debt_consolidation,545.29,13,1
32,8,36400.0,551,0.28,2,0,5000.0,36,personal,790.77,58,0
50,14,36500.0,535,0.31,0,0,30500.0,48,education,989.36,64,0
47,12,57600.0,583,0.35,0,0,20500.0,36,personal,885.21,121,0
32,10,21200.0,544,0.09,0,1,20500.0,60,personal,274.23,90,0
53,11,59400.0,529,0.42,1,0,22500.0,48,home_improvement,2180.41,99,0
45,9,48900.0,495,0.15,2,0,26500.0,24,home_improvement,1730.87,86,0
33,3,38700.0,541,0.19,0,0,5000.0,36,personal,401.36,110,0
28,4,16100.0,437,0.34,0,0,5000.0,36,personal,452.05,13,0
34,5,18800.0,421,0.39,1,0,5000.0,12,personal,858.96,17,0
32,7,45900.0,333,0.42,3,0,24000.0,12,personal,1449.23,46,0
31,12,61500.0,481,0.35,2,1,18500.0,60,business,1525.8,118,0
33,5,16300.0,502,0.4,2,0,7000.0,48,education,492.68,46,0
36,3,25900.0,416,0.14,0,0,16000.0,60,business,866.07,47,0
45,19,31300.0,604,0.34,1,1,18000.0,36,personal,100.0,78,0
32,4,46400.0,566,0.34,0,0,27000.0,24,debt_consolidation,879.22,38,0
67,16,55500.0,536,0.28,3,1,19000.0,12,debt_consolidation,437.38,138,0
55,26,21900.0,550,0.18,1,1,6500.0,60,personal,100.0,128,0
34,13,37400.0,672,0.21,1,0,9000.0,36,debt_consolidation,2171.17,118,0
34,9,30800.0,560,0.32,2,1,18000.0,24,personal,1138.03,136,0
53,3,44700.0,503,0.49,2,0,18500.0,12,education,1121.29,113,0
50,4,29000.0,402,0.26,1,1,19000.0,60,debt_consolidation,1693.31,75,0
47,4,51100.0,394,0.4,2,1,19000.0,12,personal,1038.41,73,0
26,0,31000.0,502,0.36,2,0,13000.0,12,business,1477.81,73,0
35,9,46300.0,494,0.23,0,1,5000.0,24,personal,1582.49,56,0
43,5,22700.0,465,0.38,2,0,10500.0,24,education,596.38,49,0
45,23,26500.0,639,0.45,2,1,10500.0,24,personal,330.23,30,0
33,2,15000.0,549,0.27,1,0,5000.0,12,home_improvement,511.54,113,0
46,17,47500.0,631,0.32,4,0,12500.0,36,home_improvement,2319.57,119,0
46,9,18400.0,452,0.51,3,0,5000.0,12,personal,424.75,66,0
33,3,23000.0,490,0.19,1,0,20500.0,48,debt_consolidation,596.49,64,0
56,9,56100.0,664,0.24,1,0,17500.0,48,debt_consolidation,1337.76,204,0
43,16,39600.0,491,0.48,2,0,17000.0,36,home_improvement,594.41,6,0
45,6,34400.0,555,0.37,0,0,23000.0,36,debt_consolidation,1005.45,33,0
47,10,28400.0,512,0.19,1,0,13000.0,24,education,1065.51,118,0
54,16,32600.0,497,0.3,1,0,5000.0,12,debt_consolidation,562.66,162,0
39,14,84900.0,615,0.32,0,0,31500.0,36,business,2951.51,100,0
30,5,15700.0,512,0.39,3,0,5000.0,12,personal,884.47,32,0
37,8,28600.0,631,0.19,1,0,7000.0,12,business,1406.86,33,0
52,11,36900.0,688,0.51,4,1,11500.0,12,personal,914.18,158,0
27,2,15000.0,527,0.4,1,1,7000.0,12,home_improvement,190.97,65,0
41,16,31200.0,511,0.08,0,0,12500.0,24,personal,1212.63,82,0
46,18,44900.0,511,0.41,1,0,12000.0,12,education,1455.16,49,0
35,3,25800.0,528,0.27,1,0,13000.0,12,personal,107.39,35,0
46,7,31500.0,496,0.28,3,1,5000.0,24,home_improvement,1040.15,96,0
47,17,27800.0,482,0.29,2,1,14500.0,48,debt_consolidation,624.08,56,0
48,15,44600.0,669,0.21,1,0,23500.0,36,home_improvement,393.71,40,0
63,2,31100.0,480,0.32,1,0,26000.0,48,business,195.1,69,0
43,16,47000.0,417,0.35,2,1,14000.0,12,home_improvement,2524.12,28,0
28,2,15700.0,453,0.09,0,0,17000.0,36,education,369.14,35,0
41,3,48700.0,558,0.35,1,0,11000.0,36,personal,2286.12,68,0
44,2,18900.0,511,0.24,2,1,5000.0,48,personal,258.69,118,0
44,5,37600.0,521,0.35,3,1,10000.0,24,personal,451.2,22,0
58,12,22700.0,428,0.29,3,0,5000.0,36,debt_consolidation,280.4,59,0
51,23,30400.0,598,0.33,2,0,21000.0,12,education,647.25,51,0
49,15,48900.0,588,0.28,3,0,8500.0,12,home_improvement,1379.16,27,0
40,13,41900.0,547,0.23,0,0,27000.0,48,personal,696.43,43,0
42,17,41000.0,609,0.55,2,0,25000.0,24,personal,186.58,103,0
40,9,32900.0,508,0.15,1,0,12500.0,24,business,290.76,91,0
25,4,26800.0,300,0.28,0,1,5000.0,48,home_improvement,593.16,50,0
38,5,46500.0,546,0.26,1,0,5000.0,48,debt_consolidation,838.51,35,0
47,16,24900.0,563,0.2,1,0,5000.0,36,personal,703.49,128,0
41,10,15000.0,480,0.34,2,0,5000.0,60,personal,150.63,106,0
56,6,23200.0,466,0.2,2,1,10000.0,60,home_improvement,679.95,48,0
56,21,63900.0,602,0.54,5,0,24500.0,48,personal,1758.62,56,0
48,8,53900.0,596,0.3,1,1,7500.0,48,debt_consolidation,1196.54,116,0
42,13,34700.0,610,0.17,1,0,15500.0,24,personal,1185.67,22,0
42,11,26600.0,483,0.39,2,0,9500.0,24,personal,1272.02,76,0
49,14,21400.0,432,0.35,2,1,10500.0,12,debt_consolidation,110.94,52,0
37,4,20100.0,488,0.33,2,1,5000.0,48,home_improvement,945.24,18,1
40,17,42300.0,643,0.48,3,1,15000.0,48,personal,2259.11,78,0
29,8,33500.0,480,0.18,0,0,7500.0,12,home_improvement,639.24,32,0
44,7,19200.0,503,0.47,3,0,15000.0,24,home_improvement,100.0,73,0
42,9,21600.0,447,0.13,0,0,11000.0,12,business,557.33,123,0
49,14,48100.0,516,0.41,3,0,23500.0,12,personal,993.09,116,1
52,15,22400.0,551,0.26,2,0,5000.0,48,home_improvement,941.67,125,0
36,14,48400.0,447,0.49,2,0,13500.0,12,debt_consolidation,1323.08,39,0
34,2,56100.0,511,0.24,1,0,18000.0,24,education,659.27,50,0
50,9,15000.0,545,0.23,1,1,5000.0,24,debt_consolidation,375.47,140,0
43,6,20000.0,659,0.31,0,0,18500.0,12,home_improvement,346.17,67,0
44,3,25400.0,497,0.11,1,0,7000.0,60,business,282.03,57,0
35,5,16200.0,464,0.22,0,0,5000.0,12,debt_consolidation,665.92,85,0
58,19,18900.0,515,0.27,3,0,15500.0,48,business,433.93,61,0
28,2,16100.0,592,0.29,0,0,9500.0,24,education,252.2,14,0
43,5,34900.0,531,0.16,2,0,5000.0,36,debt_consolidation,1653.55,115,0
49,18,24200.0,472,0.45,1,0,12500.0,24,debt_consolidation,1050.07,102,1
45,18,55800.0,520,0.31,3,0,21500.0,36,personal,1662.01,45,0
38,6,15000.0,567,0.41,0,0,24500.0,12,personal,274.72,35,0
37,8,44800.0,458,0.2,2,1,7000.0,12,home_improvement,1477.16,90,0
29,3,15800.0,595,0.26,1,0,9000.0,48,personal,679.7,47,0
28,0,16400.0,410,0.13,0,0,5000.0,48,home_improvement,770.35,4,0
42,4,19400.0,518,0.46,2,0,9000.0,24,debt_consolidation,485.0,17,0
36,6,55200.0,492,0.44,3,0,5500.0,12,personal,1171.72,14,0
56,17,43200.0,497,0.32,4,0,12500.0,24,personal,110.63,39,0
41,6,22000.0,445,0.3,2,1,5000.0,60,business,613.63,122,0
50,14,34300.0,534,0.34,2,0,12000.0,24,business,519.86,115,0
55,23,69300.0,624,0.18,2,0,32500.0,60,personal,1640.1,134,0
55,14,37300.0,500,0.08,0,0,11000.0,48,debt_consolidation,1970.01,180,0
25,5,26500.0,501,0.17,2,0,12000.0,48,personal,1134.86,9,0
33,2,35900.0,462,0.33,1,0,5000.0,24,home_improvement,250.2,85,0
47,16,42600.0,632,0.11,1,0,22500.0,48,education,1023.75,74,0
47,16,43300.0,474,0.39,0,0,20000.0,12,education,1858.69,128,0
42,6,39300.0,486,0.32,2,0,5500.0,36,education,546.61,63,0
32,2,31800.0,421,0.52,2,0,6500.0,24,debt_consolidation,359.94,116,1
32,9,31800.0,430,0.36,2,1,15000.0,36,personal,1757.82,35,0
39,4,28800.0,517,0.25,0,0,6000.0,48,business,1014.87,40,0
37,8,28200.0,560,0.36,4,1,5000.0,36,debt_consolidation,1158.95,86,0
42,8,42700.0,481,0.15,0,1,8500.0,24,business,207.89,89,0
44,16,47700.0,453,0.16,1,0,20500.0,36,personal,393.52,100,0
47,8,25700.0,488,0.24,1,0,21000.0,36,debt_consolidation,407.92,150,0
30,6,27800.0,530,0.43,2,0,7000.0,36,personal,620.9,58,0
45,11,20800.0,554,0.11,0,0,5000.0,12,personal,700.41,35,0
46,11,31300.0,556,0.3,2,0,16500.0,12,personal,1383.43,58,0
28,4,30400.0,521,0.26,1,0,5000.0,48,business,1145.24,42,0
25,5,43800.0,549,0.25,0,0,21500.0,48,home_improvement,1649.52,28,0
38,12,42100.0,492,0.23,0,0,22500.0,36,business,507.37,78,0
25,1,24100.0,506,0.12,1,0,8000.0,12,personal,1008.11,23,0
56,8,31400.0,575,0.14,1,0,5000.0,24,home_improvement,1318.49,85,0
52,7,41700.0,623,0.31,2,0,8000.0,24,personal,1759.08,87,0
67,11,30600.0,410,0.47,1,0,10000.0,36,home_improvement,1878.9,60,0
38,11,19100.0,555,0.55,6,0,12500.0,24,home_improvement,526.15,87,0
34,5,27700.0,489,0.35,2,0,24500.0,24,personal,908.08,47,0
47,4,32900.0,616,0.06,0,0,9500.0,12,debt_consolidation,548.35,21,0
34,4,28700.0,498,0.2,0,0,16000.0,48,debt_consolidation,703.54,25,0
30,6,25000.0,375,0.19,0,0,10000.0,12,education,939.34,24,0
46,11,30400.0,564,0.54,5,0,5000.0,12,home_improvement,599.61,140,0
38,6,15000.0,472,0.31,3,0,5000.0,60,home_improvement,322.13,88,0
37,5,26000.0,523,0.14,1,0,7500.0,36,personal,524.2,66,0
62,20,35100.0,533,0.34,0,1,5000.0,36,personal,1082.15,266,0
40,15,33900.0,596,0.31,2,0,24500.0,60,business,1130.42,18,0
41,18,48100.0,585,0.18,2,0,27500.0,60,business,476.8,23,0
47,11,57900.0,540,0.2,2,0,22500.0,24,home_improvement,867.02,73,0
54,22,42300.0,591,0.37,1,1,14500.0,24,personal,480.34,144,0
31,1,31600.0,577,0.23,1,1,12500.0,24,education,1054.53,70,1
40,5,15000.0,452,0.31,1,1,5000.0,48,education,345.83,101,0
36,9,15600.0,417,0.4,1,0,5000.0,24,education,759.27,37,0
29,3,15900.0,366,0.13,0,0,9500.0,60,debt_consolidation,705.72,77,1
55,21,21600.0,569,0.23,1,0,5000.0,48,home_improvement,567.27,95,0
28,4,46200.0,554,0.23,2,0,16000.0,12,home_improvement,100.0,14,0
27,2,18200.0,514,0.27,2,0,5000.0,48,business,657.61,38,0
37,11,23800.0,408,0.24,0,0,5000.0,36,business,330.72,43,0
29,7,18800.0,465,0.26,2,0,5000.0,24,debt_consolidation,312.93,39,0
46,20,30100.0,511,0.21,0,1,12000.0,60,business,834.17,82,0
30,8,27700.0,508,0.37,0,0,13500.0,36,business,612.91,68,0
39,3,36000.0,615,0.29,2,0,8000.0,12,home_improvement,1907.51,78,0
27,3,15000.0,491,0.37,2,2,7500.0,36,education,289.11,55,1
29,6,39800.0,469,0.11,1,0,18000.0,48,home_improvement,465.56,48,0
51,8,21500.0,570,0.22,2,0,6500.0,24,personal,373.37,102,0
44,13,42100.0,565,0.31,1,0,20500.0,12,home_improvement,186.13,34,0
31,5,55500.0,626,0.22,1,0,17500.0,36,business,748.29,161,0
51,6,27900.0,471,0.19,2,1,8500.0,60,home_improvement,1341.24,46,0
35,4,24000.0,394,0.29,1,0,24000.0,12,home_improvement,1419.16,90,0
42,6,32600.0,482,0.64,3,0,8000.0,60,debt_consolidation,1072.47,49,0
46,9,40100.0,622,0.29,4,0,15000.0,24,education,1149.61,9,0
26,4,17900.0,484,0.37,3,2,20000.0,12,personal,584.66,21,0
35,5,29700.0,589,0.3,1,0,19000.0,24,debt_consolidation,1064.56,16,0
40,7,36600.0,542,0.5,3,1,8500.0,48,debt_consolidation,1012.83,74,0
33,6,40600.0,529,0.19,0,0,20500.0,12,debt_consolidation,829.43,31,0
54,13,34000.0,633,0.42,2,0,5000.0,60,personal,1025.74,186,0
26,0,26700.0,519,0.2,0,0,5000.0,48,education,783.38,11,0
34,11,51000.0,577,0.27,2,0,15500.0,36,education,1070.7,5,0
30,4,28900.0,404,0.15,2,1,11500.0,12,debt_consolidation,422.56,98,0
24,3,20800.0,547,0.16,0,0,5500.0,36,personal,309.55,8,0
27,6,17300.0,389,0.35,0,0,5000.0,24,debt_consolidation,772.76,39,0
36,3,21300.0,442,0.42,2,0,19000.0,36,personal,826.98,15,0
57,11,28300.0,631,0.39,0,0,5000.0,60,home_improvement,568.78,86,0
28,2,15000.0,564,0.2,0,0,18500.0,24,home_improvement,449.37,76,0
34,8,24100.0,499,0.3,2,0,5000.0,36,debt_consolidation,689.92,73,0
23,2,24700.0,420,0.28,1,1,12500.0,24,personal,930.32,17,0
37,9,45100.0,555,0.34,0,0,16000.0,24,debt_consolidation,1730.48,80,0
56,15,27300.0,485,0.12,1,0,9500.0,48,personal,339.65,49,0
48,17,80500.0,747,0.08,1,0,21500.0,24,personal,1970.59,120,0
45,6,19300.0,463,0.47,2,0,5000.0,36,debt_consolidation,431.32,104,0
40,10,38300.0,436,0.43,1,0,10000.0,36,home_improvement,730.84,60,0
37,8,23900.0,386,0.21,1,0,9500.0,12,debt_consolidation,376.43,57,0
26,3,37200.0,468,0.11,0,0,5000.0,12,home_improvement,1968.72,20,0
45,11,52700.0,529,0.39,3,0,16000.0,12,home_improvement,1599.63,148,0
33,1,25300.0,410,0.38,2,1,8500.0,24,personal,469.58,79,0
57,8,35000.0,678,0.35,3,0,5000.0,12,home_improvement,178.8,207,0
37,9,15000.0,571,0.26,2,0,5500.0,60,personal,163.59,57,0
34,4,52600.0,666,0.15,1,1,27500.0,24,debt_consolidation,1369.8,49,0
37,6,20400.0,510,0.29,0,1,5000.0,12,personal,383.3,47,0
35,6,27900.0,496,0.26,1,0,5000.0,48,home_improvement,603.56,73,0
28,6,31800.0,533,0.22,1,0,15500.0,24,debt_consolidation,594.81,30,0
38,14,38800.0,509,0.18,0,0,20000.0,36,home_improvement,1288.04,51,0
41,13,19600.0,423,0.6,5,1,5000.0,12,debt_consolidation,388.2,114,1
42,12,35000.0,589,0.26,3,0,18000.0,36,education,1017.74,40,0
40,7,43000.0,514,0.3,2,0,7000.0,60,education,1127.52,23,0
45,5,33100.0,488,0.4,3,0,17500.0,12,debt_consolidation,1078.71,72,0
35,10,35400.0,513,0.19,1,0,15500.0,24,home_improvement,279.98,54,0
54,8,57500.0,480,0.09,1,0,22500.0,48,home_improvement,1833.43,131,0
32,1,20200.0,483,0.32,0,0,19500.0,24,business,792.33,54,0
31,8,23800.0,559,0.35,1,1,5000.0,36,debt_consolidation,367.97,13,0
43,12,71300.0,639,0.28,0,0,30000.0,24,debt_consolidation,3575.94,22,0
48,5,52000.0,613,0.43,3,0,12500.0,24,home_improvement,1727.68,92,0
46,8,24400.0,510,0.24,1,0,5000.0,48,debt_consolidation,963.3,10,0
42,4,23600.0,493,0.29,3,0,9500.0,36,education,914.84,166,0
47,16,44800.0,465,0.39,3,0,11000.0,24,home_improvement,160.45,128,0
47,13,31100.0,513,0.31,2,0,16500.0,60,personal,760.17,30,0
53,27,16600.0,443,0.33,2,1,6500.0,24,business,174.43,23,0
65,31,44400.0,498,0.54,2,0,10500.0,12,debt_consolidation,306.12,111,0
42,10,79400.0,591,0.32,3,0,20500.0,60,personal,3385.93,44,0
32,9,28000.0,459,0.17,0,0,5000.0,24,business,417.78,44,0
49,19,38500.0,530,0.61,2,1,10000.0,48,debt_consolidation,1724.25,133,0
46,5,35400.0,513,0.22,1,0,5000.0,60,education,499.94,35,0
59,21,47700.0,635,0.19,2,0,8000.0,36,business,1227.55,15,0
44,5,31100.0,535,0.22,1,0,12500.0,24,debt_consolidation,126.41,121,0
53,1,34900.0,526,0.19,2,0,12000.0,36,home_improvement,267.95,124,0
30,7,22300.0,466,0.29,0,0,12500.0,36,personal,260.19,92,0
61,12,48500.0,541,0.07,0,0,9500.0,12,personal,1541.86,39,0
32,10,36300.0,489,0.09,0,1,10000.0,48,education,1049.13,11,0
31,10,26300.0,392,0.41,2,0,11500.0,24,debt_consolidation,748.81,19,0
31,5,43000.0,508,0.49,1,0,11500.0,36,business,611.78,55,0
50,10,51300.0,528,0.34,3,0,16500.0,36,home_improvement,2590.42,96,0
37,4,15800.0,440,0.42,1,0,10000.0,24,personal,352.84,44,1
45,15,47700.0,540,0.52,1,0,10000.0,36,home_improvement,1974.76,20,0
26,2,34400.0,508,0.44,1,0,12000.0,48,business,900.72,30,0
48,7,23100.0,567,0.33,3,0,8500.0,36,personal,288.58,22,0
40,11,38900.0,452,0.2,1,1,12000.0,48,personal,744.55,114,0
43,1,40900.0,533,0.4,4,0,23500.0,12,education,788.52,79,0
46,19,25400.0,471,0.19,2,0,10000.0,24,debt_consolidation,354.62,35,0
29,2,29300.0,532,0.34,1,0,18000.0,36,personal,1131.1,63,0
39,6,36500.0,565,0.11,1,0,26000.0,36,business,1273.54,55,0
34,3,28800.0,419,0.16,0,0,12500.0,12,education,1275.74,42,0
26,4,22200.0,488,0.22,2,1,5000.0,12,personal,821.12,60,0
44,6,43000.0,505,0.16,1,0,20000.0,12,home_improvement,1144.7,121,0
54,10,51200.0,489,0.39,2,0,15000.0,36,personal,367.99,123,0
50,9,26000.0,543,0.34,2,0,8500.0,12,personal,1012.59,78,0
32,9,20200.0,459,0.43,2,0,8000.0,24,personal,986.88,44,0
41,3,32200.0,414,0.42,4,0,6500.0,24,personal,677.22,28,0
51,2,15000.0,451,0.08,0,0,5000.0,36,personal,233.14,143,0
39,4,24100.0,580,0.2,0,0,20500.0,36,education,358.68,3,0
40,10,34600.0,424,0.27,1,0,6500.0,12,business,1133.22,8,0
32,6,18900.0,661,0.39,3,1,16000.0,24,personal,784.53,92,0
35,14,16700.0,620,0.32,0,0,8000.0,24,home_improvement,759.55,29,0
38,8,20400.0,476,0.44,2,0,5000.0,12,personal,393.81,31,0
55,9,28200.0,582,0.15,1,0,5000.0,48,home_improvement,584.02,129,0
47,5,37900.0,502,0.21,2,0,19500.0,48,home_improvement,1108.27,191,0
55,3,33300.0,638,0.22,1,0,9500.0,12,debt_consolidation,332.75,92,0
35,7,18700.0,443,0.05,0,0,19000.0,12,business,366.84,37,0
33,8,24600.0,590,0.4,1,0,16500.0,48,personal,780.93,43,0
36,6,32800.0,641,0.33,0,1,16000.0,24,home_improvement,612.89,77,0
51,24,50000.0,497,0.43,1,0,14500.0,36,home_improvement,1334.24,107,0
46,16,31000.0,530,0.14,1,0,5000.0,12,debt_consolidation,1136.5,45,0
30,8,26300.0,509,0.42,2,0,12000.0,48,personal,1126.89,34,0
55,26,29300.0,488,0.29,2,2,5000.0,48,debt_consolidation,570.65,212,0
42,14,15000.0,558,0.18,0,0,13000.0,24,home_improvement,385.76,156,0
34,6,19400.0,460,0.13,0,0,8500.0,48,home_improvement,748.32,134,0
31,1,32000.0,618,0.16,0,0,11000.0,24,home_improvement,195.0,86,0
56,9,42600.0,499,0.34,1,0,15000.0,24,personal,2206.57,74,0
30,6,42200.0,639,0.45,2,0,12000.0,36,personal,1288.02,23,0
33,5,22100.0,644,0.56,2,0,11000.0,12,personal,562.69,40,0
43,7,39600.0,546,0.42,2,0,13000.0,24,home_improvement,670.29,43,0
44,12,41500.0,489,0.15,1,0,19500.0,24,personal,966.96,50,0
43,1,69500.0,606,0.19,2,0,29000.0,12,personal,2805.88,51,0
44,10,24200.0,449,0.39,5,0,15500.0,36,education,1044.38,140,0
61,17,45700.0,553,0.21,2,0,8500.0,36,personal,1676.68,201,0
23,4,21900.0,462,0.14,0,1,10500.0,60,home_improvement,779.04,28,0
39,13,29400.0,445,0.15,0,1,26000.0,24,debt_consolidation,838.13,15,0
47,6,40200.0,606,0.06,0,0,22500.0,36,education,1414.69,93,0
25,2,15000.0,448,0.33,2,0,5000.0,36,education,194.62,25,0
27,1,21300.0,461,0.29,0,0,10000.0,36,personal,439.52,21,0
43,11,57900.0,381,0.12,1,1,16000.0,24,debt_consolidation,2645.02,115,0
44,22,42900.0,526,0.28,0,0,8000.0,24,debt_consolidation,1433.98,66,0
44,6,15000.0,547,0.12,1,0,5000.0,24,debt_consolidation,507.14,52,0
46,8,29100.0,420,0.34,1,1,5000.0,24,home_improvement,394.68,91,0
50,15,35600.0,609,0.31,2,1,15500.0,12,debt_consolidation,963.75,83,1
51,11,85500.0,627,0.32,1,0,30500.0,12,personal,1040.64,120,0
43,6,51600.0,447,0.5,2,0,5500.0,12,business,1003.93,29,0
41,10,49000.0,530,0.49,2,0,5000.0,60,education,407.47,31,0
29,8,15000.0,439,0.29,2,0,11000.0,48,business,488.1,42,0
28,2,23700.0,366,0.27,0,0,17000.0,24,home_improvement,402.01,16,0
26,4,21800.0,517,0.12,0,2,11500.0,60,home_improvement,491.79,30,0
49,9,37900.0,508,0.27,0,0,9000.0,12,education,301.92,153,0
56,2,22500.0,503,0.36,2,0,5000.0,36,home_improvement,676.85,182,0
61,12,60800.0,695,0.27,0,0,27000.0,24,home_improvement,2643.9,35,0
36,2,35800.0,514,0.25,1,0,15000.0,48,debt_consolidation,764.96,39,0
25,5,27500.0,426,0.23,1,0,6000.0,60,home_improvement,704.57,62,0
27,5,27800.0,569,0.1,0,0,11000.0,36,personal,408.3,47,0
41,9,23700.0,463,0.18,1,0,9000.0,12,home_improvement,1266.95,26,0
38,7,15000.0,592,0.25,1,1,8000.0,60,home_improvement,583.8,40,0
40,10,55600.0,569,0.23,1,0,20500.0,12,personal,1370.44,98,0
31,2,15000.0,518,0.37,1,0,11500.0,24,business,625.16,59,1
23,1,15000.0,371,0.27,0,0,5000.0,24,personal,596.9,18,0
52,20,27900.0,574,0.21,0,0,19000.0,12,business,1113.61,150,0
22,1,21400.0,537,0.29,1,0,12000.0,60,education,732.65,66,0
57,19,20700.0,552,0.16,0,1,19000.0,24,home_improvement,744.31,133,0
26,3,15900.0,539,0.32,2,0,11000.0,36,business,155.1,34,0
50,12,75400.0,536,0.18,3,1,26500.0,24,personal,1680.34,194,0
51,7,31600.0,401,0.12,0,0,16000.0,12,business,659.98,75,0
43,6,15000.0,510,0.25,1,0,5000.0,36,home_improvement,776.9,115,0
40,5,35800.0,477,0.06,0,0,15500.0,24,business,974.19,84,0
51,15,43000.0,590,0.21,1,0,13000.0,36,debt_consolidation,1007.49,162,0
48,8,46500.0,571,0.09,0,1,14000.0,36,home_improvement,480.63,91,0
52,23,39100.0,649,0.42,2,0,19500.0,48,business,725.29,120,0
25,2,20700.0,486,0.29,1,0,5000.0,60,personal,926.15,34,0
43,9,41200.0,508,0.15,2,1,15500.0,12,personal,790.33,37,0
53,11,34300.0,533,0.49,4,0,19500.0,12,personal,1605.4,162,0
37,13,65900.0,466,0.45,5,0,21500.0,48,debt_consolidation,1660.79,98,0
29,7,32200.0,604,0.4,1,0,5000.0,48,debt_consolidation,483.6,41,0
35,8,26400.0,432,0.16,0,0,22000.0,60,debt_consolidation,890.78,70,0
25,3,33600.0,538,0.37,1,0,14000.0,12,home_improvement,673.16,85,0
44,6,29500.0,584,0.49,2,0,6500.0,12,education,702.19,34,0
55,3,27100.0,592,0.12,0,0,15500.0,36,debt_consolidation,987.49,164,0
54,26,71400.0,621,0.5,4,1,15000.0,24,personal,611.34,129,0
31,5,22100.0,460,0.28,0,0,16500.0,24,personal,1137.07,68,0
48,4,42100.0,432,0.3,2,0,11500.0,48,home_improvement,706.97,162,0
23,1,15000.0,390,0.19,1,0,5500.0,12,personal,100.0,33,0
64,17,47100.0,634,0.24,0,0,5000.0,12,home_improvement,1070.3,142,0
50,11,41100.0,668,0.36,0,0,5000.0,12,personal,1562.9,172,0
34,5,15000.0,537,0.31,0,0,10500.0,24,debt_consolidation,121.05,69,0
61,15,31700.0,680,0.55,7,0,5000.0,60,home_improvement,1398.69,84,0
54,16,52900.0,605,0.19,1,0,12500.0,24,home_improvement,2332.72,209,0
35,8,18100.0,573,0.3,0,0,7500.0,12,home_improvement,845.7,129,0
36,7,60900.0,452,0.49,3,0,17500.0,60,personal,1529.77,43,0
38,6,39300.0,389,0.43,0,1,18000.0,60,business,600.52,122,1
38,15,25600.0,515,0.13,0,0,9000.0,36,personal,739.8,54,0
44,10,46000.0,593,0.32,3,0,16500.0,24,debt_consolidation,346.93,182,0
61,14,43800.0,560,0.17,0,0,5000.0,60,debt_consolidation,652.71,126,0
39,1,15000.0,528,0.32,2,0,9500.0,36,home_improvement,558.22,91,0
57,5,31900.0,570,0.24,2,0,17000.0,36,debt_consolidation,765.83,92,0
48,14,55100.0,430,0.27,2,0,30000.0,48,business,2051.39,175,0
35,10,27200.0,476,0.21,1,2,8500.0,60,personal,455.33,77,1
42,11,62400.0,547,0.13,1,1,10500.0,12,education,2238.37,73,0
44,10,42000.0,518,0.5,2,1,16500.0,24,personal,470.53,35,1
30,5,35400.0,568,0.21,2,0,5000.0,24,home_improvement,1506.89,14,0
34,3,15900.0,453,0.36,1,2,5000.0,48,home_improvement,210.08,20,1
26,2,37200.0,482,0.33,1,0,5000.0,24,business,2003.47,21,0
45,5,33400.0,652,0.32,1,0,13500.0,12,debt_consolidation,947.06,44,0
51,3,33800.0,493,0.36,1,0,13500.0,36,debt_consolidation,616.43,40,1
24,4,28400.0,494,0.25,1,0,5000.0,36,education,615.63,14,0
32,4,18400.0,485,0.21,1,0,16000.0,48,debt_consolidation,342.35,37,0
40,11,23200.0,486,0.19,1,1,6500.0,24,personal,383.84,97,0
36,3,32000.0,584,0.31,0,0,12500.0,12,home_improvement,1952.05,33,0
50,8,22900.0,552,0.3,0,0,5500.0,36,personal,584.51,57,0
29,9,30100.0,462,0.28,1,0,14000.0,24,home_improvement,1161.51,49,0
42,6,32600.0,508,0.38,2,0,8000.0,12,personal,866.38,69,0
30,2,52300.0,499,0.36,1,0,5000.0,48,personal,129.4,53,0
42,13,56800.0,613,0.31,2,0,7500.0,24,home_improvement,770.19,107,0
32,5,26300.0,497,0.35,2,0,14000.0,12,home_improvement,694.48,60,0
53,20,30300.0,471,0.42,1,1,5000.0,12,education,717.23,32,0
44,17,44400.0,561,0.18,0,0,5000.0,48,home_improvement,1343.68,150,0
25,4,15000.0,452,0.11,0,1,5000.0,48,business,463.65,8,0
63,12,28600.0,585,0.38,3,0,13500.0,60,home_improvement,407.21,195,0
28,6,15000.0,570,0.44,1,0,5000.0,36,education,190.47,38,0
61,19,23700.0,520,0.36,3,0,5000.0,48,home_improvement,970.43,165,0
33,7,49900.0,609,0.13,1,0,19000.0,24,personal,2927.82,41,0
37,13,19500.0,514,0.21,0,0,5000.0,60,debt_consolidation,943.99,83,0
43,21,41400.0,569,0.09,0,1,22000.0,24,personal,1212.76,136,0
26,4,15000.0,430,0.11,0,0,17500.0,36,business,231.73,45,0
31,8,55600.0,600,0.2,2,0,9500.0,24,home_improvement,2538.04,53,0
31,3,34000.0,422,0.27,0,1,5000.0,24,personal,242.41,94,0
32,6,33400.0,464,0.14,1,1,27500.0,36,home_improvement,101.66,72,0
60,11,28700.0,496,0.45,2,0,12000.0,36,education,941.6,103,0
40,6,24200.0,486,0.22,0,0,9500.0,48,education,409.46,14,0
44,14,33900.0,597,0.33,1,0,18000.0,36,home_improvement,1297.71,20,0
55,13,32200.0,508,0.25,1,0,5000.0,36,business,834.7,93,0
60,15,38500.0,531,0.45,3,0,8000.0,36,education,963.1,122,0
35,4,27300.0,515,0.16,0,0,9500.0,12,debt_consolidation,892.79,213,0
68,32,34600.0,565,0.4,1,0,5500.0,48,home_improvement,1029.95,68,0
28,4,18000.0,531,0.12,0,0,7000.0,12,home_improvement,336.39,36,0
22,1,15000.0,615,0.23,0,0,30500.0,24,business,506.93,21,0
50,9,15000.0,570,0.15,0,0,9000.0,24,debt_consolidation,200.91,80,0
57,18,98900.0,625,0.4,3,0,35500.0,48,personal,2242.95,66,0
33,9,15100.0,428,0.38,3,0,14500.0,36,personal,414.0,26,0
29,6,26400.0,491,0.28,1,0,9000.0,12,debt_consolidation,233.49,132,0
29,5,15000.0,418,0.29,3,0,9500.0,60,debt_consolidation,557.86,22,1
41,10,47000.0,702,0.26,0,0,5000.0,36,education,981.89,49,0
46,12,33500.0,426,0.23,1,0,19000.0,24,personal,268.65,30,0
39,11,37100.0,448,0.25,0,0,15000.0,12,personal,372.57,93,0
41,16,20300.0,535,0.27,1,0,12500.0,36,education,557.59,29,0
40,5,29000.0,676,0.1,0,0,8000.0,24,home_improvement,895.91,21,0
31,9,27700.0,399,0.27,1,0,17000.0,24,education,356.71,71,0
29,2,18100.0,462,0.31,2,0,5000.0,24,home_improvement,331.2,40,0
36,3,27900.0,450,0.32,3,0,8000.0,24,personal,512.14,112,0
65,30,53000.0,570,0.26,3,0,7000.0,24,education,135.78,174,0
39,8,30800.0,489,0.44,3,0,12500.0,12,debt_consolidation,1279.47,90,0
31,6,29400.0,468,0.39,2,1,5000.0,60,home_improvement,760.21,51,0
42,10,19800.0,490,0.18,0,0,18500.0,60,home_improvement,332.79,95,0
52,9,48300.0,592,0.3,1,0,20500.0,36,personal,2476.99,68,0
52,11,15000.0,551,0.55,4,0,5000.0,12,home_improvement,540.07,87,0
42,10,36400.0,482,0.29,2,0,20500.0,12,personal,207.36,106,0
49,16,33200.0,525,0.51,3,1,15500.0,36,debt_consolidation,633.74,72,0
40,6,15000.0,422,0.35,0,0,10000.0,24,education,497.93,42,0
48,6,36900.0,511,0.17,0,0,5000.0,24,personal,790.22,195,0
42,15,15000.0,453,0.26,0,0,7500.0,12,personal,216.9,58,0
24,2,26300.0,550,0.48,3,0,6500.0,12,home_improvement,1223.75,45,0
67,21,38600.0,640,0.19,0,0,16500.0,48,personal,1791.05,219,0
40,9,25400.0,576,0.27,1,0,5000.0,36,personal,681.08,87,0
40,10,23600.0,508,0.17,1,1,5000.0,24,home_improvement,184.16,76,0
52,20,45300.0,567,0.25,0,1,20500.0,36,home_improvement,899.32,118,0
53,6,35200.0,500,0.36,0,2,17500.0,24,home_improvement,880.83,152,0
24,3,21500.0,493,0.28,0,0,5000.0,36,debt_consolidation,958.95,20,0
36,13,22400.0,484,0.23,0,1,9500.0,36,personal,100.0,88,0
44,15,30300.0,511,0.31,2,0,12500.0,24,home_improvement,646.69,117,0
37,13,20100.0,519,0.07,0,1,7000.0,12,home_improvement,808.35,37,0
34,4,29400.0,533,0.31,0,0,16000.0,48,personal,391.84,65,0
38,5,22800.0,542,0.16,1,0,5000.0,12,education,334.82,131,0
44,11,19000.0,543,0.36,2,0,11500.0,36,education,680.23,8,0
39,11,51300.0,473,0.4,2,0,6500.0,48,personal,1398.51,74,0
53,16,69200.0,455,0.17,1,0,18500.0,48,home_improvement,1402.92,152,0
36,7,19400.0,498,0.22,1,0,5000.0,60,personal,100.0,115,1
64,29,27200.0,687,0.39,3,0,21000.0,24,personal,1349.77,87,0
53,20,42900.0,518,0.34,2,1,18000.0,24,debt_consolidation,1472.21,34,0
43,12,48500.0,597,0.25,0,0,19000.0,36,home_improvement,1386.39,127,0
26,0,15000.0,510,0.32,2,0,5000.0,48,debt_consolidation,259.68,38,0
34,8,32200.0,478,0.07,0,0,16500.0,24,personal,1554.57,75,0
27,3,15000.0,489,0.16,0,0,5000.0,12,home_improvement,622.09,26,0
41,3,30000.0,607,0.1,0,0,11000.0,24,business,165.1,82,0
49,20,54200.0,596,0.12,1,0,12000.0,24,personal,597.86,48,0
37,7,38900.0,611,0.18,2,0,12500.0,24,debt_consolidation,1169.17,61,0
45,7,40000.0,631,0.36,1,0,16000.0,24,debt_consolidation,1526.23,72,0
35,12,53600.0,501,0.08,1,0,7500.0,12,personal,2109.82,134,1
36,6,15000.0,465,0.27,1,1,5500.0,48,personal,296.76,61,0
29,6,18900.0,433,0.26,2,1,7500.0,48,personal,760.91,51,0
37,9,17100.0,536,0.28,0,0,5000.0,60,personal,186.63,113,0
40,7,22400.0,462,0.46,3,1,5000.0,36,home_improvement,550.04,37,1
31,7,31100.0,456,0.21,1,0,10000.0,24,debt_consolidation,563.74,105,0
27,7,37400.0,557,0.26,0,0,18500.0,12,personal,731.32,87,0
46,15,45100.0,464,0.15,0,0,5000.0,48,home_improvement,2335.95,54,0
25,1,24800.0,387,0.29,0,1,9500.0,12,business,639.31,21,0
33,8,24500.0,492,0.12,1,0,5000.0,36,education,151.81,49,0
30,9,37500.0,497,0.23,1,0,16500.0,24,debt_consolidation,626.44,20,0
37,4,34300.0,488,0.32,1,1,17500.0,36,personal,784.33,20,0
36,2,28400.0,400,0.19,1,0,5000.0,60,debt_consolidation,1153.52,161,0
30,3,25500.0,541,0.14,1,1,6000.0,24,home_improvement,312.38,5,0
39,4,28200.0,509,0.26,1,1,8500.0,12,personal,568.76,106,0
42,11,33200.0,521,0.42,1,1,5000.0,12,personal,158.39,83,0
24,2,46200.0,616,0.44,4,0,17500.0,24,personal,913.26,133,0
41,8,44500.0,512,0.05,0,1,27500.0,24,business,1238.01,65,0
34,4,26600.0,400,0.23,0,1,5000.0,24,home_improvement,1310.23,13,0
26,2,15500.0,492,0.51,1,0,18000.0,36,home_improvement,100.0,20,0
61,13,37000.0,586,0.28,2,0,18500.0,12,debt_consolidation,843.6,109,0
41,8,26700.0,629,0.12,0,1,5000.0,12,business,821.43,136,0
46,5,37600.0,493,0.14,0,0,5000.0,36,personal,1447.09,51,0
38,3,28200.0,576,0.41,4,0,5500.0,36,personal,739.71,60,0
31,6,44600.0,356,0.26,1,0,15000.0,24,home_improvement,1246.12,116,0
37,10,28200.0,465,0.21,1,0,5000.0,24,personal,572.81,18,0
33,10,49300.0,434,0.14,1,1,19000.0,48,home_improvement,1684.62,111,0
30,7,47000.0,520,0.41,4,0,25000.0,48,home_improvement,1314.73,48,0
44,5,66600.0,520,0.22,2,0,23000.0,48,home_improvement,565.84,63,0
54,11,25400.0,536,0.41,1,1,13500.0,12,education,691.31,225,0
24,4,15500.0,486,0.33,3,0,20500.0,12,business,341.09,36,0
44,22,26200.0,518,0.23,1,0,22500.0,24,personal,1329.62,46,0
41,18,47400.0,472,0.13,1,0,17000.0,36,personal,1758.61,71,0
39,5,17400.0,588,0.37,0,0,6500.0,60,home_improvement,855.48,81,0
38,4,21100.0,607,0.48,1,0,5500.0,12,personal,837.59,117,0
44,16,52900.0,447,0.26,2,0,14500.0,24,personal,975.7,165,0
53,19,52600.0,617,0.19,1,0,20000.0,24,home_improvement,938.86,60,0
22,2,15700.0,450,0.23,1,0,5500.0,60,debt_consolidation,478.27,22,0
58,18,43600.0,563,0.39,1,0,10000.0,48,education,1523.54,172,0
42,11,42300.0,573,0.15,1,0,20000.0,36,debt_consolidation,1326.77,19,0
56,19,42400.0,516,0.54,3,0,11500.0,12,business,778.59,197,0
40,11,29800.0,488,0.2,0,1,12500.0,60,debt_consolidation,744.95,67,0
49,7,21200.0,582,0.53,2,0,7500.0,24,personal,322.74,56,0
28,6,20500.0,459,0.23,1,0,5000.0,12,education,597.81,36,0
44,19,49300.0,640,0.18,1,0,27000.0,24,home_improvement,134.14,90,0
43,13,29100.0,453,0.23,0,1,11500.0,48,personal,618.25,84,0
26,5,15000.0,564,0.33,1,0,7500.0,36,education,305.27,64,0
29,3,48000.0,479,0.33,0,1,20500.0,36,education,1586.05,10,0
51,6,41200.0,618,0.25,2,0,5000.0,36,personal,125.74,52,0
25,2,15000.0,431,0.23,0,0,5000.0,24,debt_consolidation,805.1,22,0
42,9,31600.0,493,0.36,3,0,12500.0,24,home_improvement,1153.15,109,0
31,5,24500.0,433,0.25,0,0,17500.0,36,home_improvement,329.91,7,0
48,9,33000.0,652,0.23,1,0,5000.0,48,debt_consolidation,556.85,28,0
56,9,35700.0,425,0.28,1,0,5000.0,36,debt_consolidation,1262.37,65,0
40,4,36400.0,479,0.4,3,0,16500.0,12,home_improvement,982.38,10,0
48,12,26100.0,557,0.27,2,0,13500.0,12,education,1015.51,145,0
49,21,38700.0,533,0.27,1,0,15000.0,36,home_improvement,678.22,125,0
47,7,16900.0,488,0.18,2,0,11500.0,12,personal,100.0,138,0
46,6,19800.0,545,0.27,1,0,10000.0,36,personal,150.19,126,0
28,5,38000.0,483,0.44,1,0,5000.0,24,business,1155.32,16,0
32,8,15000.0,532,0.25,2,1,5000.0,60,debt_consolidation,100.0,74,1
46,6,36000.0,500,0.17,1,1,13500.0,24,personal,660.13,92,0
33,6,43500.0,589,0.24,1,0,13500.0,12,debt_consolidation,665.13,44,0
51,12,75400.0,579,0.41,4,0,13500.0,60,debt_consolidation,3783.63,67,0
39,7,28500.0,605,0.26,0,0,6000.0,48,business,1421.9,50,0
47,5,27700.0,409,0.24,2,0,11500.0,24,home_improvement,651.37,40,0
53,24,67300.0,583,0.45,1,0,19000.0,48,education,1631.36,47,0
25,3,17400.0,608,0.26,1,0,6500.0,12,business,216.64,68,0
37,6,21000.0,573,0.14,0,0,9500.0,36,debt_consolidation,478.05,69,0
28,1,20900.0,567,0.55,2,0,5000.0,24,personal,1017.84,22,0
37,4,29700.0,468,0.49,3,0,15500.0,24,debt_consolidation,1293.43,19,0
27,1,16400.0,539,0.15,1,0,13500.0,12,debt_consolidation,533.45,34,0
28,6,25700.0,501,0.43,2,0,14500.0,48,debt_consolidation,811.63,9,0
41,1,22300.0,492,0.18,1,0,10000.0,36,personal,800.31,117,0
24,0,21200.0,488,0.42,0,0,5000.0,12,personal,446.77,55,0
54,10,31200.0,478,0.24,2,1,22500.0,60,debt_consolidation,985.03,169,0
37,1,21400.0,443,0.09,0,0,18000.0,60,education,923.51,58,0
53,4,22300.0,517,0.3,3,0,6000.0,48,personal,100.0,52,0
58,27,53200.0,550,0.29,2,0,16500.0,24,personal,625.94,128,0
55,16,23500.0,486,0.36,3,1,11000.0,12,debt_consolidation,589.33,173,1
45,3,34500.0,530,0.3,2,0,12500.0,24,debt_consolidation,513.76,162,0
42,5,43900.0,479,0.08,1,0,23500.0,36,home_improvement,1024.55,83,0
25,6,29700.0,425,0.19,2,0,27500.0,12,education,531.43,17,0
51,0,25800.0,543,0.31,1,0,9000.0,12,debt_consolidation,425.94,39,0
41,9,40100.0,342,0.13,0,0,18000.0,36,personal,971.0,103,0
57,9,22600.0,517,0.59,2,0,5000.0,24,personal,610.67,182,0
31,9,32300.0,582,0.23,1,1,31000.0,48,home_improvement,571.64,11,0
58,21,28000.0,581,0.04,0,0,8000.0,36,home_improvement,667.71,155,0
32,4,16700.0,463,0.34,2,1,6500.0,36,debt_consolidation,145.04,31,0
29,4,15000.0,446,0.28,0,0,5000.0,48,debt_consolidation,350.5,13,0
30,7,34800.0,546,0.47,2,1,13000.0,48,debt_consolidation,802.34,18,0
27,4,18900.0,593,0.15,0,0,10000.0,24,personal,201.31,60,0
43,19,33700.0,402,0.32,2,0,18000.0,36,home_improvement,746.81,93,0
38,11,47300.0,445,0.31,0,1,7000.0,12,education,754.62,75,0
49,5,48500.0,563,0.21,2,1,27000.0,48,home_improvement,192.43,60,0
40,4,23500.0,602,0.3,1,0,5000.0,24,personal,651.42,44,0
29,4,41900.0,466,0.55,3,0,19500.0,36,personal,489.57,24,0
36,10,35300.0,605,0.38,1,0,5000.0,36,business,1098.49,44,0
42,19,53400.0,694,0.26,2,0,22000.0,24,home_improvement,1734.31,107,0
35,7,23000.0,623,0.07,0,0,5000.0,24,home_improvement,374.64,85,0
42,7,28100.0,445,0.31,2,0,16000.0,36,business,966.63,26,0
30,5,20700.0,474,0.27,2,1,19000.0,60,debt_consolidation,793.97,45,1
55,28,43500.0,633,0.34,1,0,10500.0,48,debt_consolidation,187.94,174,0
32,5,46900.0,521,0.19,0,1,12000.0,24,personal,1235.1,86,0
60,20,28700.0,517,0.25,2,0,5000.0,60,personal,517.42,28,0
30,5,19200.0,343,0.17,1,1,5000.0,48,home_improvement,605.74,52,1
43,15,32700.0,536,0.24,1,0,6500.0,48,business,746.33,103,0
26,5,15000.0,459,0.16,0,1,16000.0,12,debt_consolidation,388.81,55,0
56,7,20800.0,425,0.48,1,0,9500.0,36,personal,221.14,75,0
34,6,22800.0,449,0.32,1,0,14500.0,12,debt_consolidation,100.0,85,0
60,24,32600.0,570,0.12,1,1,15500.0,24,education,592.1,95,0
39,11,28900.0,627,0.27,2,0,8500.0,36,personal,717.85,87,0
36,14,35600.0,467,0.36,2,0,15500.0,60,personal,417.17,36,0
58,9,31600.0,440,0.33,2,0,9000.0,48,personal,289.01,106,0
60,22,51900.0,691,0.24,1,0,30500.0,12,home_improvement,630.9,44,0
40,11,32600.0,497,0.27,0,0,12500.0,36,personal,789.38,117,0
28,8,42500.0,608,0.25,0,1,8000.0,48,home_improvement,1324.63,44,0
43,9,28400.0,571,0.21,1,0,13000.0,24,personal,536.05,114,0
46,8,37800.0,489,0.33,2,0,8500.0,12,home_improvement,1090.98,95,0
48,6,34000.0,560,0.33,1,1,17500.0,12,home_improvement,865.43,126,0
58,19,27400.0,562,0.38,1,0,32000.0,36,debt_consolidation,1217.99,150,0
52,21,25800.0,538,0.12,1,0,5000.0,60,debt_consolidation,100.0,86,0
41,9,57800.0,432,0.44,3,0,5000.0,48,home_improvement,824.92,69,0
26,3,24000.0,427,0.24,1,0,18000.0,36,personal,1358.24,2,0
55,14,25400.0,509,0.23,1,0,5000.0,36,personal,778.68,11,0
54,21,64200.0,629,0.34,3,0,9500.0,48,personal,698.71,102,0
29,5,27500.0,540,0.13,0,0,20500.0,48,debt_consolidation,434.8,29,0
30,3,15000.0,603,0.09,0,0,13500.0,12,home_improvement,564.24,9,0
23,2,18400.0,441,0.07,0,0,5000.0,36,home_improvement,953.35,15,0
38,14,54000.0,586,0.24,1,0,33000.0,24,home_improvement,883.02,94,0
35,5,43200.0,463,0.14,0,0,5000.0,12,home_improvement,1819.85,47,0
30,7,24300.0,337,0.33,2,0,9500.0,60,home_improvement,440.43,39,0
36,4,40300.0,448,0.23,1,0,5000.0,12,debt_consolidation,1348.9,84,0
29,4,18600.0,437,0.13,0,1,15000.0,12,personal,943.64,18,0
30,4,19600.0,545,0.24,0,0,24000.0,36,business,144.0,33,0
51,8,84800.0,819,0.26,1,0,26500.0,36,personal,1590.38,83,0
40,6,35600.0,439,0.43,2,0,14500.0,24,home_improvement,1484.02,141,0
62,26,40500.0,624,0.22,1,1,19000.0,24,debt_consolidation,840.96,91,0
38,1,38200.0,414,0.39,0,0,10000.0,24,education,348.7,15,0
35,13,26300.0,458,0.53,1,0,11000.0,12,business,641.27,46,0
28,5,46800.0,458,0.25,2,0,11000.0,48,debt_consolidation,1104.06,38,0
57,8,32700.0,570,0.43,2,0,18000.0,12,business,955.34,117,0
51,24,48500.0,636,0.1,0,0,17500.0,24,home_improvement,1703.87,138,0
31,6,24600.0,540,0.38,3,0,28000.0,36,personal,1403.23,14,0
46,11,22300.0,554,0.21,0,0,5000.0,24,debt_consolidation,657.3,190,0
23,2,29300.0,471,0.41,2,0,17500.0,36,education,148.89,20,0
29,3,15000.0,403,0.2,1,1,5000.0,36,home_improvement,424.49,132,0
27,3,31200.0,549,0.13,0,0,19500.0,12,personal,593.83,10,0
54,14,42600.0,557,0.36,1,0,11500.0,12,education,1638.32,166,0
50,8,30300.0,521,0.04,0,0,21000.0,48,personal,915.83,154,0
45,21,31900.0,587,0.13,1,0,11000.0,36,debt_consolidation,1483.47,11,0
44,9,18100.0,485,0.3,1,1,8500.0,36,home_improvement,434.46,44,0
25,2,16100.0,558,0.45,2,0,5000.0,12,debt_consolidation,377.86,56,0
28,6,42400.0,521,0.33,1,0,17000.0,60,business,100.0,25,0
34,3,29500.0,414,0.28,1,0,14000.0,12,home_improvement,182.09,62,0
38,6,15000.0,451,0.26,2,0,5500.0,48,home_improvement,867.31,88,0
41,16,22700.0,476,0.22,1,0,13500.0,60,business,831.12,74,0
68,30,46500.0,575,0.18,1,0,13000.0,60,education,920.97,102,0
34,1,20400.0,387,0.31,0,0,18000.0,24,home_improvement,960.65,64,0
37,12,17100.0,343,0.23,0,0,5000.0,36,personal,745.06,108,0
47,14,45200.0,390,0.24,2,0,9000.0,36,debt_consolidation,1877.92,120,0
31,3,26600.0,536,0.12,0,0,11000.0,12,personal,374.13,36,0
44,16,39000.0,515,0.24,0,0,6500.0,12,debt_consolidation,2420.99,69,0
52,9,35600.0,556,0.47,0,0,6000.0,60,personal,848.03,45,0
42,10,41000.0,526,0.37,3,0,11500.0,60,debt_consolidation,806.08,55,0
34,2,17100.0,488,0.23,1,0,10000.0,24,home_improvement,230.85,50,0
40,4,29600.0,533,0.3,2,1,19000.0,24,home_improvement,1270.95,57,0
33,14,24900.0,626,0.31,0,1,8500.0,60,home_improvement,1319.07,67,0
39,2,34200.0,466,0.16,1,1,15500.0,24,education,1248.03,46,0
39,10,29200.0,469,0.21,0,0,13000.0,24,business,329.75,63,0
41,7,19000.0,343,0.34,2,1,7000.0,12,personal,100.0,42,0
60,20,31000.0,433,0.17,1,0,19500.0,12,debt_consolidation,627.96,131,0
48,13,24300.0,522,0.25,1,0,12000.0,48,business,1329.77,97,0
50,18,50600.0,511,0.27,2,0,24500.0,24,personal,992.76,151,0
23,3,16500.0,498,0.27,0,0,12500.0,36,home_improvement,721.76,13,0
30,4,29900.0,393,0.13,0,0,13000.0,24,business,180.59,125,0
49,11,18000.0,573,0.16,0,0,8000.0,12,business,520.02,41,0
47,6,21300.0,534,0.19,0,0,5500.0,24,debt_consolidation,149.53,105,0
52,20,27500.0,563,0.16,1,0,5500.0,12,personal,1406.46,156,0
60,14,46400.0,548,0.55,2,0,17000.0,48,debt_consolidation,1280.06,149,0
34,6,21900.0,427,0.25,2,0,7000.0,36,debt_consolidation,690.28,82,0
39,7,30100.0,374,0.43,1,2,20500.0,12,personal,1602.89,135,0
44,14,27300.0,407,0.1,0,0,6000.0,60,home_improvement,396.56,97,0
46,13,17500.0,501,0.12,0,1,5000.0,60,home_improvement,484.31,88,0
24,0,22000.0,481,0.11,0,1,9500.0,36,personal,879.4,21,0
66,32,36000.0,640,0.32,3,0,17000.0,24,personal,519.72,145,0
40,6,40200.0,353,0.33,0,0,8500.0,24,debt_consolidation,815.18,54,0
34,10,40000.0,490,0.34,2,1,23500.0,60,debt_consolidation,161.98,54,0
38,7,26100.0,567,0.33,1,0,5000.0,48,debt_consolidation,515.63,44,0
34,8,32100.0,504,0.31,1,1,6000.0,48,personal,1674.39,69,0
41,5,36800.0,572,0.23,1,1,5000.0,36,home_improvement,1959.82,7,0
29,3,15900.0,388,0.24,1,0,7000.0,60,personal,350.36,1,0
55,18,26200.0,658,0.19,2,0,7000.0,12,education,858.3,121,0
46,10,23200.0,562,0.32,1,0,5000.0,12,home_improvement,544.11,38,0
39,2,28800.0,641,0.23,0,0,21500.0,12,debt_consolidation,446.91,71,0
50,8,32900.0,523,0.15,0,1,10000.0,12,debt_consolidation,1237.09,140,0
42,2,20200.0,519,0.25,1,0,5000.0,24,debt_consolidation,194.99,127,0
32,7,29000.0,547,0.43,0,0,6000.0,48,debt_consolidation,342.1,64,0
53,9,45800.0,624,0.26,1,0,5000.0,36,debt_consolidation,287.61,172,0
66,21,40200.0,499,0.4,2,0,9000.0,36,home_improvement,1351.21,164,0
54,4,32400.0,478,0.41,2,0,9500.0,36,home_improvement,995.45,125,0
55,6,33100.0,639,0.27,1,0,5000.0,36,personal,480.32,170,0
49,20,60000.0,553,0.5,2,0,33500.0,12,home_improvement,1931.04,127,0
32,10,28300.0,513,0.19,1,0,5000.0,24,business,502.57,37,0
52,30,48000.0,499,0.15,0,1,20500.0,24,home_improvement,2666.86,131,0
23,0,26000.0,494,0.19,0,0,23000.0,48,home_improvement,675.85,25,0
29,1,15000.0,605,0.38,1,1,5000.0,24,debt_consolidation,353.01,16,0
49,12,33800.0,537,0.23,1,1,13500.0,36,business,916.93,84,0
56,30,49000.0,646,0.17,0,0,20000.0,60,personal,1811.26,124,0
46,12,34200.0,421,0.51,3,0,5000.0,36,home_improvement,1320.39,28,0
38,16,43900.0,501,0.4,2,0,5000.0,24,personal,1449.93,95,0
61,6,47100.0,531,0.22,1,2,12000.0,24,education,1248.61,67,0
28,6,19600.0,483,0.25,1,0,12000.0,12,home_improvement,408.51,15,0
34,2,30200.0,502,0.19,0,0,12000.0,12,home_improvement,1462.26,97,0
30,8,39600.0,559,0.06,0,0,17000.0,12,business,810.99,130,0
30,6,27000.0,613,0.35,1,0,9000.0,12,personal,1087.98,44,0
42,11,39700.0,566,0.45,3,0,5000.0,48,home_improvement,1262.08,112,0
29,6,111300.0,636,0.31,2,0,28000.0,48,business,415.92,35,0
42,4,20800.0,595,0.51,3,0,23000.0,12,education,237.03,31,0
62,17,53800.0,554,0.31,2,0,10000.0,24,home_improvement,1073.75,155,0
32,9,33700.0,393,0.15,0,0,11000.0,36,home_improvement,684.95,122,0
32,5,28100.0,573,0.33,2,0,13000.0,12,debt_consolidation,382.05,47,0
25,2,15000.0,386,0.4,2,1,6000.0,12,personal,323.19,25,1
48,9,29000.0,468,0.2,2,0,5000.0,12,debt_consolidation,1113.59,102,0
29,6,22100.0,442,0.27,0,0,20500.0,36,debt_consolidation,839.69,118,0
33,4,22000.0,387,0.14,0,2,5000.0,12,education,100.0,72,0
43,6,74400.0,553,0.3,1,1,33500.0,48,personal,1842.78,124,0
38,8,46500.0,528,0.39,1,1,17500.0,36,education,1255.89,22,0
30,3,20400.0,472,0.26,0,0,8000.0,36,debt_consolidation,281.41,45,0
42,4,47700.0,543,0.43,1,0,24000.0,36,personal,1459.27,77,0
41,4,19200.0,406,0.21,2,0,14000.0,60,home_improvement,467.38,150,0
24,4,44300.0,543,0.13,0,1,32000.0,24,debt_consolidation,2333.3,40,0
29,2,17800.0,484,0.11,0,1,5000.0,12,personal,377.12,41,0
30,3,15000.0,471,0.49,1,0,5000.0,24,personal,476.6,54,0
34,1,22800.0,452,0.36,0,0,17000.0,36,home_improvement,329.4,39,0
30,4,23100.0,538,0.35,0,0,13500.0,12,debt_consolidation,708.73,54,0
43,3,19200.0,459,0.22,2,1,5000.0,36,personal,567.25,16,0
27,6,23100.0,393,0.1,0,0,14000.0,36,debt_consolidation,660.5,42,0
57,9,37500.0,489,0.21,2,0,7000.0,60,personal,1154.73,60,0
44,15,22300.0,579,0.23,0,0,23000.0,12,personal,944.39,46,0
34,3,23200.0,620,0.28,1,0,5000.0,24,personal,395.98,108,0
27,3,31600.0,537,0.37,1,0,5000.0,36,personal,249.78,52,0
26,6,19400.0,466,0.12,0,1,19500.0,24,home_improvement,747.14,32,1
36,2,28000.0,439,0.07,0,0,11000.0,36,education,531.1,82,0
32,6,15000.0,431,0.08,0,0,7000.0,12,personal,333.24,62,0
25,2,19500.0,453,0.21,1,0,7500.0,12,debt_consolidation,724.82,20,1
29,3,16600.0,474,0.33,2,0,5000.0,36,debt_consolidation,721.87,33,0
34,2,27800.0,459,0.16,0,2,5000.0,48,home_improvement,787.25,59,0
30,5,26500.0,528,0.22,1,0,10500.0,24,home_improvement,565.78,50,0
25,2,15000.0,508,0.32,1,0,11000.0,60,education,361.33,19,0
59,17,34000.0,536,0.17,1,1,29500.0,48,debt_consolidation,1301.81,159,0
65,23,45800.0,613,0.28,1,0,26500.0,12,debt_consolidation,1291.57,200,0
54,25,65600.0,573,0.3,2,0,18000.0,60,debt_consolidation,1135.81,176,0
40,20,60700.0,539,0.2,0,0,15000.0,48,business,1285.19,102,0
45,8,34200.0,528,0.07,0,0,22000.0,24,education,851.48,70,0
23,1,19900.0,360,0.4,0,0,9500.0,36,debt_consolidation,693.35,5,0
36,12,41500.0,423,0.44,3,1,7500.0,36,personal,1336.81,44,0
41,6,32200.0,468,0.1,0,0,12000.0,24,business,942.82,181,0
43,5,23900.0,537,0.14,0,0,18500.0,48,personal,430.18,56,0
36,11,15700.0,461,0.23,1,0,5000.0,24,education,556.04,23,0
35,5,16500.0,527,0.29,0,0,5000.0,36,home_improvement,909.11,7,0
35,0,15000.0,493,0.23,1,0,8500.0,60,debt_consolidation,333.3,28,0
38,11,25900.0,471,0.48,2,0,5000.0,60,personal,627.85,32,0
56,7,28100.0,460,0.29,1,0,13000.0,12,education,642.62,152,0
48,8,35600.0,602,0.13,1,0,5000.0,24,business,2030.09,114,0
38,7,45100.0,549,0.33,2,1,21500.0,48,debt_consolidation,836.62,57,0
25,6,39700.0,515,0.16,0,0,5000.0,24,education,856.26,62,0
29,4,25200.0,494,0.17,1,1,8000.0,48,education,690.73,25,0
56,28,34300.0,541,0.34,3,0,16500.0,60,home_improvement,1034.75,229,0
49,12,67300.0,522,0.31,2,0,29000.0,12,personal,1522.81,168,0
26,4,27500.0,442,0.11,1,1,12500.0,12,debt_consolidation,644.73,29,0
50,19,47900.0,561,0.17,1,0,9500.0,12,home_improvement,2131.88,104,0
23,2,54000.0,584,0.3,1,0,24000.0,48,personal,542.66,10,0
31,5,15600.0,430,0.22,1,0,21500.0,36,education,557.6,49,0
43,8,20900.0,345,0.2,1,1,24000.0,36,personal,209.61,19,1
42,2,15700.0,544,0.4,1,0,5000.0,24,home_improvement,614.02,32,0
57,16,50500.0,665,0.16,1,1,13000.0,48,personal,1235.51,30,0
37,2,20600.0,415,0.31,0,0,13000.0,60,home_improvement,324.72,58,0
38,4,15000.0,453,0.3,1,0,5000.0,36,business,763.2,128,0
53,5,38600.0,527,0.22,1,0,17000.0,24,debt_consolidation,2055.77,92,0
54,10,42900.0,633,0.23,0,0,8000.0,24,personal,146.36,188,0
40,8,24600.0,566,0.15,0,0,5000.0,48,personal,442.18,80,0
38,9,40900.0,566,0.24,0,0,21500.0,36,debt_consolidation,1285.88,121,0
27,5,15000.0,558,0.23,1,0,9500.0,48,personal,515.31,29,0
40,6,37600.0,446,0.19,0,0,12500.0,24,personal,1241.75,44,0
42,7,22700.0,604,0.48,2,1,5000.0,36,debt_consolidation,504.22,180,0
26,2,19000.0,541,0.23,1,0,11500.0,12,personal,649.15,62,0
25,4,16100.0,539,0.19,1,0,11500.0,36,personal,298.46,8,0
23,2,23400.0,430,0.09,0,0,21000.0,60,personal,148.9,16,0
54,19,35700.0,530,0.47,2,0,17000.0,48,education,148.29,33,0
43,21,23000.0,394,0.29,3,1,7000.0,36,debt_consolidation,1378.48,74,1
36,3,23000.0,401,0.24,1,0,11000.0,60,home_improvement,441.54,75,0
46,8,46700.0,508,0.43,2,0,9500.0,12,personal,1336.48,87,0
27,4,36500.0,418,0.17,1,0,7500.0,12,education,434.47,13,0
62,27,89500.0,623,0.29,2,1,49500.0,12,business,1563.3,70,0
40,5,28500.0,589,0.36,1,1,5000.0,60,debt_consolidation,1255.15,91,0
46,12,56200.0,619,0.11,1,0,26000.0,24,debt_consolidation,1567.13,78,0
41,10,38000.0,664,0.33,0,0,9000.0,24,personal,1255.26,122,0
33,6,37700.0,486,0.26,2,0,23000.0,12,personal,576.67,24,1
28,5,26300.0,443,0.23,1,0,5000.0,48,home_improvement,1004.73,21,0
39,7,37900.0,544,0.07,0,0,9000.0,60,debt_consolidation,900.02,73,0
43,5,32600.0,577,0.2,1,0,21500.0,48,personal,515.47,75,0
36,11,55000.0,415,0.23,3,0,23000.0,36,education,1111.63,104,0
24,3,28900.0,574,0.15,1,0,5000.0,36,personal,752.09,35,0
36,3,23200.0,440,0.3,1,0,12000.0,12,business,518.14,50,0
40,4,28500.0,541,0.26,1,0,5000.0,36,home_improvement,272.98,57,0
38,12,50300.0,512,0.24,2,0,10500.0,24,home_improvement,2858.02,7,0
32,6,33100.0,592,0.25,0,1,8000.0,12,debt_consolidation,966.31,79,0
23,3,37800.0,519,0.22,0,1,9000.0,24,personal,209.78,50,0
43,11,29900.0,557,0.49,2,0,7000.0,24,personal,303.94,22,0
27,3,26200.0,620,0.24,0,0,20000.0,12,business,1055.46,27,0
25,2,31000.0,586,0.26,1,0,17500.0,60,home_improvement,1072.64,37,0
54,23,32900.0,512,0.33,0,0,25000.0,12,personal,268.63,32,0
40,7,18600.0,497,0.34,2,0,5000.0,12,home_improvement,168.77,36,0
61,25,81600.0,579,0.28,0,0,14000.0,60,personal,1646.21,119,0
39,8,18900.0,505,0.41,1,0,6000.0,48,home_improvement,712.19,74,0
31,9,39800.0,504,0.12,1,0,6000.0,48,debt_consolidation,636.71,80,0
32,5,15000.0,415,0.07,0,1,16500.0,12,business,438.51,48,0
43,5,53900.0,597,0.35,1,0,22000.0,48,debt_consolidation,706.94,149,0
50,20,43000.0,581,0.47,0,0,14000.0,48,debt_consolidation,933.41,170,0
39,13,16600.0,592,0.17,0,0,5500.0,12,business,542.2,38,0
38,10,42500.0,519,0.38,1,1,13500.0,24,home_improvement,764.5,68,0
30,6,19500.0,387,0.34,3,0,11000.0,12,debt_consolidation,357.64,52,0
44,17,55300.0,444,0.33,0,1,12500.0,48,personal,1402.12,20,0
38,7,15000.0,416,0.33,1,1,5000.0,12,personal,217.14,66,0
46,7,36400.0,649,0.16,2,1,13000.0,48,debt_consolidation,1207.73,111,0
48,18,34700.0,552,0.2,0,0,5000.0,24,home_improvement,1456.15,118,0
27,2,49000.0,499,0.37,3,0,11000.0,12,business,1417.43,46,0
32,9,32200.0,490,0.28,1,0,9500.0,36,personal,1503.01,37,0
37,5,37800.0,598,0.34,1,0,26500.0,12,education,662.58,74,0
50,16,51500.0,538,0.12,1,0,14000.0,24,education,1996.61,134,0
41,12,15000.0,584,0.56,2,0,15000.0,12,home_improvement,507.12,128,0
51,6,50300.0,557,0.33,2,1,17500.0,24,personal,555.79,121,0
28,5,16300.0,395,0.27,0,0,5000.0,36,education,274.9,35,0
60,18,109100.0,664,0.21,2,0,24500.0,12,home_improvement,3329.1,70,0
31,2,22600.0,471,0.47,1,1,5000.0,48,debt_consolidation,720.09,52,0
29,1,15500.0,482,0.41,1,2,10000.0,24,personal,299.25,56,0
38,5,28300.0,458,0.09,0,0,7000.0,24,personal,1310.12,30,0
38,4,42400.0,474,0.44,3,0,16500.0,60,home_improvement,1073.86,92,0
43,15,17800.0,598,0.35,1,1,11000.0,48,business,244.73,41,0
35,9,64200.0,699,0.24,2,0,18000.0,24,personal,1872.16,11,0
59,6,23500.0,642,0.35,2,0,7000.0,24,debt_consolidation,350.04,105,0
37,7,42400.0,524,0.26,1,0,8500.0,24,business,1466.41,57,0
29,1,24100.0,579,0.13,1,1,10000.0,24,personal,730.53,21,0
31,6,31900.0,537,0.07,0,0,14500.0,24,business,1238.81,73,0
60,13,50400.0,579,0.41,4,0,15000.0,12,personal,2074.49,44,0
47,7,25500.0,448,0.13,1,1,16000.0,36,debt_consolidation,1234.69,64,0
34,7,20500.0,595,0.33,2,1,15500.0,36,business,382.76,76,0
40,5,42100.0,509,0.09,1,2,16500.0,12,personal,1005.61,80,0
40,9,40900.0,417,0.16,0,0,16000.0,36,debt_consolidation,1543.12,75,0
41,10,51400.0,491,0.18,0,0,11500.0,12,personal,1530.61,106,0
47,8,33500.0,528,0.29,3,1,5000.0,24,debt_consolidation,849.85,59,0
35,11,50300.0,551,0.25,1,0,11000.0,12,home_improvement,2444.8,71,0
43,13,29800.0,500,0.18,1,0,12500.0,48,personal,1414.2,77,0
35,9,23200.0,572,0.27,1,0,5000.0,48,home_improvement,120.1,104,0
32,7,19600.0,458,0.32,2,0,5000.0,36,business,754.71,83,0
54,6,22900.0,562,0.28,1,0,8000.0,12,debt_consolidation,897.19,195,0
36,7,19800.0,404,0.16,0,0,5000.0,36,personal,563.79,63,0
35,4,29700.0,494,0.32,2,1,10000.0,12,education,1413.7,43,0
33,6,29600.0,536,0.13,1,0,25500.0,24,personal,1352.94,20,0
30,9,19700.0,549,0.4,0,1,5000.0,12,home_improvement,926.66,22,0
53,14,23900.0,473,0.21,0,0,5000.0,24,home_improvement,567.88,144,0
46,3,25300.0,493,0.32,0,2,5000.0,12,debt_consolidation,418.04,103,1
38,10,55600.0,590,0.25,2,0,10500.0,36,personal,3022.23,27,0
44,14,60900.0,468,0.04,0,0,18500.0,12,business,3067.83,86,0
41,11,83000.0,538,0.18,0,1,16500.0,48,home_improvement,2762.21,70,0
31,8,15000.0,448,0.28,2,1,9500.0,12,business,349.25,5,0
33,8,38700.0,487,0.19,0,0,8000.0,36,debt_consolidation,327.67,33,1
37,10,26900.0,425,0.17,0,0,5000.0,24,home_improvement,711.95,46,0
48,9,41400.0,564,0.4,1,0,5000.0,48,personal,490.64,63,0
28,2,18700.0,522,0.3,0,0,5000.0,24,education,824.91,62,0
41,2,62500.0,510,0.4,3,1,17500.0,60,business,1966.1,90,0
54,16,30400.0,644,0.39,0,0,5000.0,60,home_improvement,1334.52,42,0
40,10,40800.0,457,0.25,0,0,24000.0,24,education,100.0,71,0
36,7,16600.0,453,0.23,0,1,5000.0,36,education,880.4,89,0
40,7,31900.0,423,0.23,2,0,5000.0,12,debt_consolidation,1072.89,52,0
46,17,35500.0,610,0.34,1,0,15500.0,48,home_improvement,913.91,45,0
33,2,53200.0,431,0.33,2,0,24000.0,48,personal,2956.65,31,0
35,9,27200.0,513,0.26,0,0,11000.0,60,personal,364.17,32,0
54,5,44900.0,581,0.36,2,0,18500.0,60,personal,1517.15,129,0
33,8,38900.0,443,0.34,1,0,5000.0,24,business,758.04,49,0
39,7,20100.0,548,0.46,1,1,13000.0,12,personal,520.12,96,0
32,3,39300.0,584,0.38,1,0,8500.0,24,personal,1935.34,77,0
57,14,65800.0,538,0.45,2,0,22000.0,36,home_improvement,895.91,116,0
41,14,65300.0,623,0.35,3,0,10000.0,12,education,739.36,103,0
56,4,31700.0,593,0.29,1,0,13500.0,12,personal,1309.46,76,0
26,0,26000.0,494,0.22,0,0,6000.0,24,debt_consolidation,1422.88,38,0
43,10,31500.0,605,0.32,3,1,16500.0,48,personal,976.08,58,0
49,3,25900.0,541,0.28,2,0,8500.0,12,debt_consolidation,104.0,87,0
34,3,23300.0,597,0.29,2,0,19500.0,48,debt_consolidation,998.19,51,0
51,19,17100.0,544,0.06,0,0,6500.0,48,business,539.47,37,0
39,10,52700.0,577,0.21,2,0,19500.0,12,personal,758.58,139,0
35,3,28900.0,489,0.2,1,1,7500.0,60,home_improvement,870.07,72,0
42,14,44200.0,546,0.51,0,0,9500.0,24,home_improvement,1044.72,152,0
37,14,22900.0,614,0.43,1,1,5000.0,48,debt_consolidation,525.24,92,0
35,6,16900.0,602,0.08,0,0,13500.0,36,debt_consolidation,468.78,86,0
49,20,59000.0,511,0.47,1,0,18000.0,60,personal,2597.56,96,0
36,6,25600.0,488,0.38,1,0,5000.0,12,personal,576.53,61,0
47,22,45300.0,601,0.25,2,0,24500.0,12,home_improvement,1861.26,36,0
23,0,26200.0,548,0.46,0,0,12500.0,60,education,453.32,39,0
23,2,15000.0,489,0.3,3,0,7500.0,24,business,378.31,92,0
50,7,42200.0,563,0.08,1,0,27000.0,12,home_improvement,1257.78,148,0
24,5,22500.0,408,0.06,0,0,6500.0,12,home_improvement,757.92,22,0
28,6,26300.0,487,0.27,1,0,9500.0,36,business,681.88,46,0
53,17,30300.0,602,0.23,1,0,9500.0,24,home_improvement,811.97,148,0
51,19,51300.0,523,0.39,3,1,33500.0,48,personal,2108.6,31,0
25,5,33500.0,585,0.23,2,0,17000.0,48,business,1534.4,70,0
39,7,33500.0,483,0.24,0,1,20500.0,12,business,619.7,123,0
36,10,20100.0,483,0.41,2,0,7000.0,48,debt_consolidation,531.13,37,0
39,8,48000.0,595,0.22,2,0,12000.0,48,education,2737.49,82,0
35,2,21100.0,479,0.23,0,0,5000.0,60,debt_consolidation,303.86,86,0
37,4,53700.0,551,0.2,1,1,5500.0,12,business,1365.14,68,0
45,14,35600.0,563,0.33,2,0,14000.0,12,education,1037.86,43,0
30,9,21400.0,412,0.36,0,0,15000.0,24,business,700.48,40,0
35,9,27900.0,526,0.32,0,0,11000.0,12,debt_consolidation,1547.59,52,0
45,10,45400.0,596,0.32,3,0,28000.0,24,debt_consolidation,1746.21,80,1
39,12,43700.0,459,0.21,3,0,15500.0,12,debt_consolidation,1034.71,125,0
35,8,39100.0,507,0.29,1,1,6000.0,12,home_improvement,555.53,74,0
31,1,26100.0,410,0.18,1,0,5000.0,36,business,631.86,27,0
31,5,34800.0,464,0.3,1,1,21000.0,36,personal,854.16,29,1
29,3,25600.0,486,0.23,2,0,5000.0,12,home_improvement,243.54,40,0
34,6,28700.0,444,0.26,1,0,5000.0,24,debt_consolidation,817.7,111,0
37,4,32200.0,401,0.26,1,0,18000.0,24,debt_consolidation,1110.12,65,0
29,5,39600.0,492,0.34,3,0,14000.0,24,debt_consolidation,1640.8,7,0
33,10,35500.0,482,0.3,2,2,5000.0,36,debt_consolidation,925.13,95,1
63,14,40800.0,590,0.64,4,0,6000.0,12,personal,1482.79,42,0
40,5,30600.0,427,0.33,1,0,13000.0,24,debt_consolidation,726.26,129,0
44,9,43600.0,505,0.11,1,1,22000.0,24,home_improvement,2052.42,117,0
38,1,21700.0,430,0.43,0,0,10000.0,24,personal,1017.11,54,0
33,2,36100.0,487,0.49,2,0,17500.0,48,business,902.11,63,0
28,4,24300.0,381,0.43,2,0,29000.0,24,home_improvement,274.83,15,1
54,16,30300.0,618,0.34,3,0,5000.0,24,home_improvement,847.67,126,0
27,4,46900.0,568,0.38,1,0,26000.0,24,personal,596.93,27,0
31,4,54200.0,453,0.23,1,0,12000.0,12,education,863.59,50,0
56,1,29900.0,563,0.35,3,1,22000.0,24,personal,1297.43,87,0
38,10,27000.0,514,0.24,1,0,30500.0,36,personal,524.61,67,0
46,19,43300.0,526,0.23,0,0,5000.0,12,debt_consolidation,561.09,143,0
38,5,25800.0,539,0.29,1,0,10000.0,36,business,648.1,96,0
33,9,31100.0,493,0.3,2,0,13500.0,24,personal,982.95,62,0
52,9,58900.0,592,0.17,1,1,15000.0,12,personal,452.54,41,0
43,11,49000.0,490,0.39,1,0,14500.0,24,personal,1306.69,33,0
33,1,15000.0,471,0.24,0,2,10500.0,12,home_improvement,100.0,73,0
41,14,20600.0,501,0.28,1,0,10000.0,36,business,199.88,51,0
31,9,15300.0,512,0.24,0,0,5000.0,48,personal,360.81,25,0
28,2,21800.0,396,0.23,0,1,9000.0,12,personal,609.67,64,0
59,29,41200.0,480,0.24,2,0,18500.0,24,personal,1073.08,155,0
30,2,15900.0,461,0.27,0,1,8000.0,12,personal,512.72,45,0
60,18,24100.0,548,0.32,0,1,5000.0,12,personal,308.97,159,0
26,3,33300.0,528,0.13,0,0,12500.0,36,personal,579.16,36,0
44,7,25500.0,511,0.39,1,0,5000.0,24,personal,395.57,98,0
52,6,30700.0,629,0.23,1,0,11000.0,36,business,553.21,159,0
39,6,25300.0,624,0.27,0,1,10000.0,36,debt_consolidation,894.23,39,0
29,8,18800.0,558,0.36,0,0,16000.0,24,personal,454.15,31,1
42,5,17900.0,455,0.19,0,1,5000.0,36,home_improvement,633.95,67,0
41,20,56600.0,531,0.27,1,0,10000.0,24,personal,1838.16,132,0
31,10,51900.0,536,0.11,1,1,15000.0,48,debt_consolidation,887.81,66,0
28,8,15000.0,358,0.09,0,0,5000.0,48,home_improvement,112.24,46,0
36,4,23100.0,402,0.27,1,1,14500.0,24,personal,1098.82,70,0
60,32,29300.0,545,0.36,4,0,14500.0,60,debt_consolidation,761.45,185,0
49,13,33500.0,540,0.58,5,0,5000.0,60,debt_consolidation,506.21,34,0
54,19,24000.0,539,0.3,1,0,15000.0,24,education,1304.1,175,0
31,1,41700.0,534,0.23,1,0,8000.0,36,debt_consolidation,721.77,67,0
31,3,19500.0,416,0.15,1,0,9000.0,60,home_improvement,324.61,28,0
39,12,28800.0,446,0.21,2,1,5000.0,24,home_improvement,507.95,109,0
24,4,44300.0,592,0.24,1,0,13000.0,12,debt_consolidation,583.07,43,0
30,10,32700.0,488,0.43,1,0,9000.0,48,debt_consolidation,175.92,118,0
49,2,48300.0,536,0.13,0,0,23500.0,36,personal,2664.74,46,0
34,7,34400.0,437,0.22,1,0,21500.0,24,personal,410.52,72,0
27,7,27600.0,571,0.39,0,0,13500.0,36,business,564.18,14,0
61,12,28200.0,503,0.63,4,0,20000.0,12,debt_consolidation,1335.59,216,0
33,7,17000.0,412,0.12,0,1,13000.0,24,personal,313.83,75,0
36,6,17100.0,585,0.4,0,0,20500.0,36,personal,426.43,69,0
30,2,30300.0,624,0.32,0,1,16000.0,24,personal,779.79,61,0
56,13,31800.0,504,0.21,1,0,20500.0,24,personal,633.98,167,0
41,12,23400.0,526,0.25,1,0,5000.0,12,personal,387.61,54,0
42,2,47600.0,527,0.26,1,0,32000.0,48,business,1468.25,110,0
43,5,35400.0,524,0.44,4,0,22500.0,24,debt_consolidation,1562.5,105,0
37,8,31600.0,691,0.47,1,0,8000.0,60,education,760.17,21,0
42,14,55300.0,473,0.26,2,1,16000.0,48,education,653.79,64,0
36,8,36900.0,493,0.24,1,1,9000.0,12,personal,1223.68,42,0
53,25,59600.0,653,0.3,0,0,16000.0,36,personal,2207.44,161,0
25,3,20500.0,430,0.37,0,1,11000.0,12,business,605.23,24,0
48,3,29400.0,605,0.31,1,0,5000.0,24,education,891.61,11,0
24,3,19900.0,546,0.32,1,1,5000.0,12,home_improvement,648.22,24,0
32,5,17000.0,581,0.19,1,0,6000.0,36,debt_consolidation,100.0,83,0
56,3,29400.0,582,0.22,2,1,18500.0,36,debt_consolidation,139.93,128,0
22,1,24800.0,487,0.42,1,0,15500.0,36,business,1108.9,16,0
65,29,67300.0,657,0.56,2,0,14000.0,12,personal,1965.48,224,0
29,1,21600.0,535,0.33,0,0,6500.0,48,personal,862.85,39,0
31,6,37500.0,493,0.34,0,0,38500.0,12,personal,819.48,75,0
41,4,22300.0,422,0.36,2,0,16000.0,12,business,688.33,40,0
31,2,17100.0,525,0.41,0,0,14500.0,24,debt_consolidation,757.59,44,0
40,8,25100.0,669,0.05,0,0,5000.0,24,personal,178.51,113,0
39,5,15900.0,462,0.14,1,1,5000.0,24,personal,295.13,35,0
57,25,35300.0,594,0.29,2,0,21500.0,48,business,554.07,179,0
49,10,32900.0,505,0.05,0,0,18500.0,12,personal,575.93,84,0
46,21,31500.0,504,0.34,0,0,5000.0,12,personal,836.86,178,0
32,2,32200.0,423,0.21,0,0,12500.0,12,personal,412.54,25,0
29,3,16200.0,412,0.23,0,0,14500.0,48,personal,791.5,23,0
33,4,25500.0,539,0.29,1,1,5000.0,36,home_improvement,138.51,88,0
43,6,35300.0,492,0.19,1,0,15000.0,12,debt_consolidation,1208.75,106,0
32,3,22900.0,435,0.37,0,1,8500.0,60,business,694.49,35,0
26,3,75300.0,474,0.26,2,0,22000.0,48,debt_consolidation,760.19,29,0
44,13,43800.0,539,0.26,1,1,12500.0,36,personal,504.8,57,0
32,2,29800.0,469,0.38,2,1,23500.0,48,personal,605.72,11,0
45,13,52000.0,661,0.12,1,0,24500.0,36,personal,1849.81,83,0
47,14,21400.0,584,0.4,3,1,5000.0,48,business,663.76,91,0
44,14,104700.0,510,0.66,5,0,39500.0,24,personal,4329.35,90,0
50,14,46200.0,528,0.27,1,1,21000.0,12,debt_consolidation,1843.04,71,0
40,16,69600.0,681,0.18,1,0,22000.0,60,personal,1372.36,54,0
40,16,57300.0,573,0.38,1,0,5000.0,60,personal,928.16,10,0
29,3,25400.0,452,0.25,1,0,5000.0,12,home_improvement,1200.76,23,0
49,16,71800.0,696,0.21,1,0,18500.0,48,home_improvement,1188.43,125,0
28,4,20300.0,492,0.36,1,0,7000.0,12,home_improvement,453.79,41,0
55,22,48500.0,564,0.17,0,0,9500.0,24,debt_consolidation,746.69,104,0
31,6,16300.0,545,0.27,0,0,22500.0,24,education,100.0,48,0
41,8,20100.0,326,0.19,1,0,5000.0,24,personal,253.67,41,0
35,4,20800.0,399,0.11,1,0,5000.0,36,personal,427.22,31,0
58,25,72800.0,622,0.1,0,0,23500.0,48,personal,3718.44,156,0
41,8,30000.0,514,0.24,1,1,13000.0,12,debt_consolidation,1379.73,35,0
31,8,17700.0,406,0.35,0,0,9000.0,36,home_improvement,869.61,18,0
51,7,26500.0,423,0.22,0,1,5500.0,60,home_improvement,676.16,164,0
29,3,19000.0,406,0.25,0,0,7500.0,60,business,830.0,115,0
57,22,56800.0,563,0.24,2,0,10000.0,24,education,1150.9,190,0
45,8,34000.0,535,0.2,1,0,22000.0,24,home_improvement,1727.53,146,0
26,0,18500.0,403,0.41,3,0,7500.0,24,home_improvement,404.23,17,0
37,5,42300.0,463,0.51,4,0,16000.0,48,home_improvement,697.12,31,0
49,6,21800.0,486,0.63,2,0,8000.0,48,debt_consolidation,558.84,117,0
33,4,29500.0,517,0.3,0,0,10500.0,12,personal,601.69,33,0
55,22,53300.0,593,0.18,2,0,7000.0,24,business,1580.91,141,0
38,11,20400.0,531,0.19,1,0,16000.0,12,debt_consolidation,367.31,83,0
50,20,25200.0,558,0.21,1,0,12000.0,24,debt_consolidation,1323.85,112,0
39,9,31000.0,443,0.59,5,0,20000.0,12,debt_consolidation,146.22,113,0
26,2,16700.0,489,0.31,2,0,16500.0,24,debt_consolidation,543.4,19,0
31,3,48700.0,581,0.34,2,0,5000.0,24,debt_consolidation,1071.53,36,0
43,6,57400.0,499,0.46,2,0,21500.0,36,debt_consolidation,466.13,103,0
48,7,15000.0,520,0.25,1,0,5000.0,48,home_improvement,663.07,115,0
59,23,28800.0,511,0.3,1,0,29500.0,24,debt_consolidation,1344.75,125,0
26,1,16200.0,438,0.28,1,0,7000.0,24,personal,411.53,4,0
56,21,67800.0,633,0.18,2,0,16500.0,12,home_improvement,1403.48,177,0
57,13,37000.0,642,0.34,2,1,5000.0,12,business,853.14,15,0
39,7,25300.0,501,0.26,2,0,11500.0,12,home_improvement,1415.53,104,0
41,6,27500.0,567,0.12,0,0,23500.0,60,business,494.75,74,0
60,22,49400.0,668,0.26,3,0,5000.0,12,home_improvement,2206.47,174,0
54,21,29400.0,401,0.27,1,0,13500.0,12,personal,178.72,121,0
30,4,44000.0,538,0.2,0,1,14000.0,48,home_improvement,579.89,66,0
44,16,41000.0,585,0.39,4,0,10000.0,48,business,1750.8,113,0
40,8,26200.0,465,0.5,0,0,24500.0,24,education,290.12,24,0
41,16,53100.0,573,0.05,0,0,15500.0,24,personal,393.53,82,0
35,9,15000.0,587,0.22,2,0,6500.0,36,business,811.04,55,0
36,6,72000.0,621,0.23,1,0,25000.0,24,personal,3503.05,73,0
24,4,23800.0,602,0.52,2,0,20000.0,24,personal,257.12,80,0
29,3,81100.0,649,0.44,2,0,30000.0,12,personal,2907.35,25,0
51,11,95800.0,746,0.5,6,0,32500.0,24,business,2145.71,93,0
60,14,36400.0,496,0.45,3,1,11500.0,36,personal,1563.36,128,0
41,3,21600.0,510,0.18,0,1,8000.0,36,business,335.52,107,0
55,11,34500.0,560,0.29,1,0,9000.0,24,education,375.85,131,0
31,1,39500.0,411,0.24,1,0,11000.0,60,home_improvement,669.07,63,0
35,3,29500.0,452,0.44,1,0,9500.0,60,personal,869.08,15,0
41,12,40200.0,544,0.22,0,0,15500.0,24,business,747.87,102,0
27,3,45100.0,492,0.32,0,0,13000.0,48,personal,1557.91,42,0
53,10,46900.0,605,0.4,4,0,13500.0,36,home_improvement,1348.88,155,0
38,1,16000.0,488,0.2,0,0,11500.0,12,business,304.89,78,0
31,5,32500.0,414,0.45,4,0,5000.0,48,business,1406.39,94,0
35,10,29300.0,563,0.18,1,0,26000.0,48,education,581.72,58,0
31,2,15000.0,475,0.38,0,0,7000.0,48,debt_consolidation,106.57,79,0
49,5,18300.0,587,0.34,3,0,16500.0,24,personal,425.96,144,0
51,15,29200.0,574,0.16,0,0,26500.0,12,personal,314.8,257,0
58,18,56900.0,586,0.19,0,0,25500.0,24,personal,1078.93,126,0
31,1,22000.0,503,0.15,1,1,5000.0,12,personal,624.95,13,0
41,10,18200.0,486,0.2,1,0,11500.0,36,debt_consolidation,466.04,12,0
32,5,35100.0,461,0.26,2,0,7500.0,24,personal,1162.17,86,0
40,7,52300.0,517,0.27,2,0,17500.0,60,education,2278.21,40,0
36,8,21000.0,528,0.39,2,1,5000.0,24,home_improvement,527.3,32,0
31,5,21800.0,488,0.28,1,0,16500.0,60,personal,217.96,34,0
45,9,62200.0,526,0.29,3,0,21500.0,48,education,742.26,131,0
34,8,33500.0,507,0.24,0,0,10000.0,60,home_improvement,1165.17,54,0
60,9,50400.0,556,0.35,2,0,28000.0,48,debt_consolidation,816.34,89,0
56,27,33200.0,569,0.51,3,0,9500.0,36,personal,564.39,214,0
44,9,51100.0,635,0.25,3,0,13000.0,48,home_improvement,2817.14,134,0
39,14,15000.0,528,0.24,0,0,5000.0,36,business,749.66,78,0
29,7,17900.0,475,0.09,0,0,5000.0,24,home_improvement,604.8,55,0
46,21,113300.0,627,0.4,4,1,30500.0,36,home_improvement,5758.15,67,0
30,3,21100.0,438,0.4,2,0,12000.0,12,home_improvement,644.3,128,0
54,19,33000.0,578,0.16,1,1,8000.0,60,personal,946.96,124,0
24,4,18700.0,600,0.12,0,0,6500.0,48,debt_consolidation,732.48,35,0
40,12,21800.0,622,0.13,0,0,22000.0,12,personal,709.42,48,0
28,7,42300.0,569,0.12,0,1,5000.0,36,debt_consolidation,1167.73,94,0
28,2,15000.0,521,0.2,0,0,8000.0,36,business,347.65,45,0
51,12,50600.0,549,0.43,3,0,15000.0,60,debt_consolidation,1588.18,29,0
29,6,56200.0,387,0.48,4,1,25500.0,36,debt_consolidation,1771.19,18,1
41,18,43300.0,530,0.12,1,0,17500.0,24,business,200.78,101,0
32,11,29000.0,579,0.41,2,0,5000.0,36,debt_consolidation,833.46,77,0
23,1,34700.0,432,0.11,1,0,13000.0,36,personal,285.4,20,0
35,11,20800.0,421,0.25,1,0,21500.0,24,debt_consolidation,450.18,80,0
48,3,37500.0,658,0.08,0,0,12000.0,24,education,772.7,158,0
27,3,22900.0,538,0.21,1,0,13500.0,24,education,769.39,27,0
33,7,17600.0,381,0.55,2,0,8000.0,36,debt_consolidation,609.89,12,0
52,5,30600.0,587,0.26,1,0,27000.0,24,business,196.82,122,0
57,17,50600.0,529,0.33,1,0,7000.0,12,personal,2392.31,163,0
34,10,25200.0,430,0.17,1,1,5000.0,36,personal,845.37,59,0
40,9,45300.0,460,0.34,2,0,5000.0,24,home_improvement,1690.05,26,0
34,4,25600.0,467,0.3,1,1,5000.0,36,debt_consolidation,570.15,23,0
42,6,18000.0,552,0.16,0,0,5000.0,24,home_improvement,663.58,10,0
28,4,24600.0,439,0.18,0,0,5000.0,36,debt_consolidation,616.03,54,0
41,8,47800.0,551,0.11,0,0,34500.0,60,personal,1430.07,55,0
28,3,15000.0,443,0.3,0,0,6500.0,24,debt_consolidation,241.58,13,0
51,8,22900.0,568,0.52,2,0,9000.0,36,personal,561.96,60,0
35,8,28600.0,470,0.3,1,0,15500.0,48,debt_consolidation,706.07,118,0
31,5,34800.0,549,0.16,2,1,18000.0,60,debt_consolidation,1121.21,9,0
50,5,22000.0,534,0.43,4,0,12000.0,60,debt_consolidation,645.77,16,0
44,11,22600.0,475,0.2,1,0,11000.0,12,personal,893.9,149,0
35,6,23000.0,525,0.31,0,0,5000.0,36,home_improvement,955.87,46,0
44,8,53100.0,582,0.48,2,0,26500.0,24,education,1427.07,79,0
41,11,22500.0,603,0.31,1,0,5000.0,36,home_improvement,423.52,14,0
29,2,35600.0,636,0.27,2,0,5000.0,24,home_improvement,1109.19,69,0
33,3,19700.0,544,0.3,2,0,16500.0,24,business,699.89,14,0
28,3,22100.0,336,0.22,0,0,5000.0,36,home_improvement,1177.09,28,0
39,15,49000.0,607,0.47,3,0,19000.0,60,business,146.04,89,0
68,21,41800.0,539,0.26,1,0,17500.0,36,debt_consolidation,1783.51,126,0
55,29,72700.0,596,0.33,2,0,5000.0,24,home_improvement,1978.17,242,0
47,15,50900.0,534,0.15,1,0,24000.0,12,personal,537.83,153,0
29,7,15000.0,675,0.27,1,0,5000.0,24,home_improvement,165.94,20,0
30,4,17500.0,433,0.48,0,0,11500.0,24,debt_consolidation,195.44,114,0
32,4,31800.0,425,0.28,0,0,11500.0,12,home_improvement,1203.52,49,0
38,11,25400.0,524,0.26,2,0,11500.0,60,home_improvement,1490.18,125,0
35,9,15000.0,478,0.29,2,1,11000.0,12,personal,714.73,45,0
59,39,137000.0,667,0.4,4,0,50000.0,60,debt_consolidation,6835.45,121,0
34,4,39000.0,436,0.3,1,0,8000.0,24,business,536.38,80,0
41,8,37000.0,634,0.38,2,0,10500.0,60,business,577.01,76,0
38,13,30800.0,426,0.24,1,1,13500.0,36,business,1317.22,57,0
34,14,54200.0,584,0.22,1,0,25000.0,60,home_improvement,1109.54,74,0
29,6,45700.0,410,0.46,0,1,14000.0,48,debt_consolidation,2388.44,29,0
54,20,30400.0,568,0.11,0,0,5000.0,60,home_improvement,358.67,155,0
45,14,66100.0,582,0.1,0,0,26500.0,12,home_improvement,1404.9,139,0
45,16,18400.0,585,0.25,3,0,5000.0,48,home_improvement,754.29,77,0
43,13,51200.0,570,0.53,3,0,15500.0,48,home_improvement,1667.83,83,0
35,13,28400.0,478,0.33,2,1,20000.0,48,business,244.79,21,0
45,10,49400.0,464,0.16,0,0,25000.0,60,home_improvement,626.41,107,0
29,3,37500.0,506,0.24,0,0,6500.0,24,personal,1773.37,44,0
52,9,43400.0,572,0.49,4,0,28500.0,60,personal,640.19,141,0
34,9,26600.0,510,0.1,0,0,29500.0,24,personal,1248.53,123,0
36,6,38800.0,513,0.19,2,0,12500.0,48,education,689.5,83,0
51,16,34100.0,513,0.19,1,0,5000.0,12,debt_consolidation,2092.18,91,0
57,15,18000.0,466,0.2,0,0,9000.0,24,business,954.17,187,0
32,8,47900.0,521,0.39,2,1,24500.0,48,home_improvement,1560.51,91,0
23,2,15000.0,505,0.27,0,0,5000.0,36,debt_consolidation,164.29,36,0
39,5,33500.0,514,0.2,1,0,8500.0,12,debt_consolidation,881.66,47,0
43,16,59400.0,507,0.08,0,0,25500.0,36,debt_consolidation,1040.1,142,0
45,13,30300.0,575,0.24,1,0,5000.0,36,personal,884.43,114,0
43,8,47200.0,449,0.25,1,0,15000.0,60,education,633.87,156,0
41,15,23500.0,422,0.57,1,0,5500.0,12,business,187.12,41,0
47,13,63300.0,506,0.34,2,0,24000.0,36,business,2753.56,65,0
38,8,28800.0,437,0.44,1,1,5000.0,12,home_improvement,1479.16,47,0
34,1,15000.0,619,0.13,0,0,8000.0,48,business,391.42,13,0
50,17,20700.0,523,0.1,0,0,17500.0,12,home_improvement,803.69,96,0
33,4,34200.0,478,0.41,3,1,6000.0,36,personal,966.54,37,0
35,10,22300.0,559,0.32,2,0,5000.0,36,personal,518.97,11,0
33,14,32500.0,526,0.38,1,0,5000.0,12,business,1086.68,53,0
46,19,33900.0,466,0.13,0,0,17000.0,60,personal,543.61,138,0
36,6,30100.0,487,0.27,0,0,9000.0,60,home_improvement,1141.0,8,0
50,26,93900.0,489,0.47,5,1,34000.0,36,home_improvement,2275.87,194,0
37,8,31900.0,547,0.29,2,1,5000.0,36,personal,585.12,41,0
41,9,41200.0,464,0.33,1,0,13000.0,48,debt_consolidation,730.59,94,0
30,8,16600.0,521,0.18,0,0,17000.0,12,education,172.07,74,0
37,8,36000.0,624,0.15,0,0,10000.0,24,home_improvement,1029.97,89,0
28,1,23200.0,364,0.24,1,0,16000.0,36,debt_consolidation,306.07,18,0
40,7,25700.0,564,0.24,1,0,9500.0,36,home_improvement,937.41,104,0
45,10,39100.0,574,0.17,1,0,26500.0,48,business,1320.06,43,0
57,11,38000.0,437,0.27,0,1,19500.0,12,personal,271.95,159,0
28,5,15000.0,500,0.07,0,1,5000.0,36,home_improvement,619.43,60,0
32,2,33700.0,511,0.35,1,0,5000.0,48,education,763.47,40,0
32,6,36400.0,429,0.4,2,1,5000.0,24,personal,115.52,94,0
31,8,38100.0,406,0.16,1,0,5000.0,48,business,1090.73,34,0
49,5,44000.0,551,0.26,1,0,24500.0,24,personal,2368.24,58,0
32,3,25500.0,484,0.1,0,1,7000.0,60,business,1175.43,50,0
48,13,30700.0,519,0.34,3,1,9500.0,12,personal,283.75,54,0
33,6,35700.0,597,0.19,2,2,5000.0,48,home_improvement,1650.22,48,0
56,34,50100.0,512,0.15,0,0,8000.0,12,business,1916.19,205,0
26,5,26300.0,515,0.34,0,0,20000.0,12,business,684.94,19,0
34,6,33500.0,412,0.15,1,1,9500.0,24,education,349.75,58,0
26,5,16400.0,478,0.05,0,1,5000.0,36,education,408.11,29,0
27,6,15000.0,602,0.27,2,1,16000.0,48,personal,591.44,84,0
30,2,19600.0,519,0.28,0,0,5000.0,48,personal,376.37,52,0
40,10,29200.0,493,0.11,0,0,10000.0,24,home_improvement,831.22,30,0
33,3,22100.0,612,0.11,1,0,5000.0,12,personal,444.63,71,0
45,12,19700.0,561,0.29,0,1,5000.0,60,debt_consolidation,621.64,30,0
38,3,19400.0,583,0.41,1,0,5000.0,12,debt_consolidation,1163.17,92,0
30,3,34600.0,499,0.26,2,0,5000.0,24,debt_consolidation,578.26,11,0
56,8,35300.0,555,0.52,4,1,5000.0,12,personal,1283.24,99,0
40,5,17500.0,362,0.14,0,1,5000.0,36,debt_consolidation,139.41,66,0
32,5,34800.0,433,0.27,1,0,5500.0,12,business,528.51,84,0
27,3,15000.0,467,0.33,2,0,15000.0,24,home_improvement,398.01,47,0
33,3,67600.0,519,0.4,4,0,13500.0,36,debt_consolidation,2114.48,47,0
35,4,15200.0,446,0.17,0,0,5500.0,36,debt_consolidation,532.07,27,0
47,11,15000.0,513,0.22,1,0,14500.0,36,education,331.63,94,0
57,13,54000.0,589,0.29,1,0,6500.0,36,debt_consolidation,1537.76,15,0
30,2,20700.0,471,0.24,0,0,13500.0,36,personal,276.39,80,0
52,6,34800.0,507,0.31,2,0,17000.0,48,debt_consolidation,630.12,79,0
31,3,15000.0,617,0.36,0,0,10500.0,12,personal,169.59,36,0
43,7,35400.0,427,0.26,1,0,9000.0,12,home_improvement,709.54,80,0
32,7,38300.0,522,0.1,0,0,14000.0,24,personal,1699.44,67,0
41,11,35600.0,523,0.49,1,0,12000.0,36,education,1153.8,46,0
28,3,53600.0,513,0.14,0,0,6000.0,12,personal,1209.8,39,0
30,5,15000.0,589,0.21,1,0,5000.0,24,business,374.29,31,0
44,1,15000.0,459,0.26,3,0,13500.0,60,personal,399.65,67,0
40,6,23200.0,589,0.19,1,0,11500.0,12,education,1274.57,169,0
43,8,20000.0,445,0.2,0,0,5000.0,12,home_improvement,277.36,38,0
24,1,18400.0,508,0.21,0,0,7500.0,24,home_improvement,288.25,11,0
57,7,30300.0,492,0.27,2,2,9500.0,36,home_improvement,500.97,134,0
29,8,32300.0,570,0.1,0,0,14500.0,12,business,1076.73,34,0
23,2,15000.0,377,0.06,0,0,7500.0,12,debt_consolidation,617.54,37,0
28,7,38100.0,533,0.38,1,0,7000.0,24,personal,441.69,25,0
35,6,34000.0,545,0.28,2,1,5000.0,12,debt_consolidation,1247.36,80,0
27,3,15000.0,413,0.27,0,1,10500.0,60,home_improvement,523.03,37,0
33,3,21900.0,607,0.19,0,0,16500.0,48,debt_consolidation,621.61,96,0
44,13,41000.0,460,0.37,1,1,14000.0,36,education,651.47,73,0
49,16,62100.0,523,0.25,1,0,9000.0,36,personal,954.94,21,0
41,4,15000.0,603,0.27,1,1,5000.0,12,business,665.27,86,0
34,12,25200.0,418,0.37,0,0,5000.0,24,personal,281.28,46,0
33,5,49900.0,573,0.32,1,0,24000.0,48,debt_consolidation,1194.82,12,0
42,9,22600.0,436,0.19,1,1,11000.0,36,personal,196.28,74,0
25,2,19700.0,431,0.16,1,0,5000.0,24,personal,142.7,52,0
25,3,32000.0,535,0.24,0,0,22500.0,60,home_improvement,211.4,57,0
49,20,31800.0,491,0.34,3,1,10500.0,36,personal,791.67,44,0
31,6,15000.0,580,0.2,0,1,5000.0,36,personal,502.61,40,0
29,4,18200.0,486,0.13,0,0,5000.0,60,debt_consolidation,243.18,9,0
31,4,19000.0,469,0.33,1,0,5000.0,12,home_improvement,740.34,33,0
55,5,22700.0,408,0.28,0,0,9500.0,48,home_improvement,1122.5,160,0
42,9,44900.0,571,0.26,2,1,29500.0,48,personal,2201.19,42,0
49,10,18100.0,535,0.14,0,0,24000.0,48,business,193.8,189,0
29,3,18800.0,471,0.13,0,0,8500.0,12,personal,1003.23,48,0
35,10,15000.0,508,0.2,0,0,5000.0,36,home_improvement,247.07,70,0
54,19,39200.0,554,0.06,0,0,5000.0,24,business,1271.01,161,0
59,24,40900.0,621,0.23,1,1,32000.0,24,personal,1267.43,85,0
45,9,71600.0,650,0.16,1,0,17500.0,36,business,2305.44,35,0
49,20,51400.0,463,0.61,7,0,10500.0,48,home_improvement,1632.22,18,0
57,9,57600.0,533,0.19,2,0,19000.0,60,business,1115.48,34,0
43,6,74800.0,619,0.31,3,0,17500.0,24,business,584.34,39,0
46,11,29700.0,550,0.51,3,0,6500.0,60,personal,816.31,14,0
38,8,20600.0,463,0.29,2,0,6500.0,48,business,192.8,55,0
46,11,53300.0,576,0.27,1,0,8000.0,24,home_improvement,1005.19,122,0
36,4,53300.0,539,0.16,1,0,19000.0,24,home_improvement,1356.84,79,0
38,13,22700.0,595,0.25,3,0,5000.0,36,personal,292.73,49,0
39,2,36800.0,481,0.26,0,0,14000.0,48,debt_consolidation,1888.08,39,0
32,7,21400.0,356,0.08,0,0,11000.0,48,business,646.17,44,0
37,10,27000.0,440,0.29,2,0,21500.0,60,personal,1051.11,70,0
47,19,27600.0,591,0.26,2,0,12500.0,24,debt_consolidation,690.0,45,0
38,5,17000.0,515,0.61,3,0,5000.0,36,personal,243.76,84,0
55,13,49900.0,579,0.36,1,1,5500.0,48,home_improvement,1512.86,162,0
33,4,35600.0,411,0.14,0,0,10500.0,12,personal,201.59,52,0
33,11,54500.0,586,0.48,2,1,19000.0,24,education,793.33,85,0
40,7,15000.0,549,0.16,0,0,12500.0,48,education,752.71,64,0
39,5,18800.0,503,0.33,2,1,10000.0,60,home_improvement,214.35,11,0
42,4,48000.0,478,0.09,0,0,6500.0,12,home_improvement,1180.14,52,0
47,10,34800.0,476,0.37,0,1,20500.0,48,education,579.68,79,0
34,8,20200.0,493,0.11,0,0,7000.0,36,business,788.95,208,0
43,5,30600.0,604,0.25,3,0,5000.0,36,debt_consolidation,317.21,117,0
36,11,53800.0,603,0.11,0,0,25500.0,36,debt_consolidation,3189.86,32,0
57,21,40400.0,527,0.26,2,0,7500.0,36,education,887.29,178,0
45,9,21100.0,418,0.39,0,0,5000.0,36,education,232.11,146,0
48,22,34800.0,412,0.28,0,0,10500.0,60,debt_consolidation,559.67,22,0
40,7,21600.0,497,0.2,1,0,7500.0,12,personal,520.98,16,0
49,24,85100.0,591,0.24,2,1,27000.0,36,personal,4025.62,71,0
46,6,45900.0,535,0.21,1,0,7500.0,48,education,643.51,119,0
25,4,16600.0,477,0.35,1,0,12500.0,60,business,542.64,45,0
35,8,57300.0,560,0.46,2,0,32500.0,60,personal,1004.02,76,0
34,10,21200.0,602,0.22,0,1,14000.0,36,business,617.07,126,0
50,27,85400.0,582,0.42,1,0,11500.0,24,home_improvement,1586.79,152,0
35,5,33200.0,481,0.12,0,1,15000.0,24,personal,1004.62,97,0
48,19,34200.0,435,0.49,5,0,5000.0,60,debt_consolidation,888.7,27,0
40,8,15000.0,457,0.12,0,0,5000.0,24,education,265.88,97,0
35,1,27600.0,455,0.38,0,0,17500.0,36,personal,349.87,46,0
38,7,23800.0,516,0.33,2,0,13000.0,48,personal,1019.27,96,0
51,6,20500.0,488,0.19,1,1,9500.0,12,personal,379.82,57,0
27,1,23900.0,437,0.2,0,0,5000.0,24,education,844.69,31,0
32,1,18800.0,507,0.32,0,0,6000.0,12,debt_consolidation,476.97,55,0
38,10,53900.0,580,0.22,2,0,11000.0,36,personal,1844.87,65,0
41,15,21200.0,566,0.25,1,0,14500.0,12,personal,376.32,54,0
32,7,32100.0,457,0.36,0,0,5000.0,24,personal,1048.83,74,0
23,2,30100.0,488,0.37,1,0,16500.0,48,home_improvement,808.18,33,0
50,6,15000.0,503,0.16,1,1,5000.0,24,home_improvement,139.9,120,0
53,9,47400.0,460,0.32,3,0,15000.0,60,personal,200.41,48,0
42,4,23400.0,392,0.45,0,1,12500.0,36,education,480.62,37,1
28,4,53800.0,459,0.17,1,0,16500.0,24,home_improvement,1503.49,31,0
22,1,34000.0,410,0.39,1,0,14500.0,36,personal,1660.71,15,0
27,3,22700.0,499,0.23,1,0,9500.0,24,business,413.7,82,0
41,5,25200.0,536,0.19,2,0,10000.0,12,home_improvement,753.56,116,0
36,4,36400.0,606,0.48,3,0,8000.0,60,personal,574.54,90,0
36,4,24600.0,474,0.28,1,1,13500.0,24,debt_consolidation,628.78,97,0
48,11,43500.0,446,0.25,3,0,14500.0,36,personal,1063.0,130,0
36,11,38600.0,504,0.43,4,0,15000.0,36,home_improvement,1516.87,41,0
41,15,30400.0,604,0.24,1,0,20000.0,12,personal,1306.74,117,0
31,3,25100.0,444,0.32,3,0,9000.0,24,home_improvement,624.84,3,0
33,10,26700.0,446,0.37,1,0,21000.0,24,home_improvement,308.35,103,0
51,25,29300.0,578,0.36,3,0,7500.0,24,home_improvement,1470.35,14,0
50,17,57900.0,659,0.12,1,0,19500.0,12,education,1871.34,220,0
34,3,50200.0,535,0.29,2,0,14000.0,12,personal,557.23,65,0
34,1,28500.0,478,0.33,3,0,5000.0,48,debt_consolidation,1031.53,56,0
25,1,23200.0,383,0.14,1,1,5000.0,48,education,982.64,18,0
36,2,15000.0,540,0.29,3,0,5000.0,36,home_improvement,297.2,24,0
40,3,18900.0,446,0.13,0,1,5500.0,60,personal,761.72,67,0
30,7,17800.0,549,0.18,0,1,6500.0,48,debt_consolidation,388.67,60,0
46,13,29400.0,524,0.19,1,0,17500.0,12,business,1470.65,98,0
49,6,29700.0,508,0.14,0,0,6000.0,36,business,691.27,148,0
44,10,26200.0,519,0.32,3,1,10000.0,48,debt_consolidation,658.31,35,0
50,15,31900.0,604,0.27,3,0,5000.0,60,personal,1426.56,32,0
58,29,94100.0,624,0.15,0,0,20500.0,36,business,1127.14,227,0
50,12,29800.0,571,0.19,1,0,16000.0,36,debt_consolidation,465.71,52,0
58,21,52400.0,559,0.26,1,0,22500.0,60,debt_consolidation,1178.27,43,0
42,11,15000.0,528,0.13,0,0,5000.0,36,personal,591.44,86,0
48,11,33900.0,445,0.2,0,0,16000.0,24,home_improvement,182.3,169,0
49,6,33700.0,636,0.34,1,0,8000.0,24,personal,831.65,46,0
38,2,25900.0,489,0.2,2,0,8500.0,12,debt_consolidation,211.44,73,0
35,11,49500.0,502,0.3,4,1,15500.0,24,business,1721.87,17,0
43,5,37700.0,372,0.47,3,1,21000.0,24,home_improvement,1040.68,124,0
40,13,27500.0,567,0.35,1,0,12500.0,12,debt_consolidation,971.89,48,0
45,14,37000.0,551,0.15,1,0,10500.0,36,home_improvement,1023.0,27,0
35,12,30600.0,551,0.39,1,1,15500.0,24,personal,474.83,30,0
29,2,15000.0,378,0.26,2,1,5000.0,12,personal,221.81,37,0
38,13,35400.0,542,0.23,1,0,12500.0,24,business,1940.73,21,0
61,25,28200.0,454,0.44,3,0,16000.0,36,business,166.24,135,0
25,3,30100.0,398,0.32,2,0,5000.0,12,home_improvement,943.01,9,0
42,9,34800.0,506,0.43,1,0,19000.0,48,home_improvement,1455.59,108,0
31,4,29100.0,497,0.19,0,0,7500.0,60,personal,667.04,39,0
30,3,19400.0,411,0.31,0,0,9500.0,60,personal,100.0,57,0
49,3,20000.0,508,0.29,2,0,14500.0,36,personal,476.89,145,0
36,3,23200.0,508,0.35,2,1,17000.0,12,debt_consolidation,903.02,12,0
40,8,34900.0,532,0.24,0,0,12000.0,12,debt_consolidation,1157.88,82,0
25,1,15000.0,523,0.36,2,1,25500.0,24,home_improvement,545.08,25,0
44,12,15000.0,549,0.33,0,0,21000.0,24,personal,100.0,122,0
22,2,31400.0,512,0.29,1,1,15500.0,36,personal,1195.06,46,0
57,8,19400.0,486,0.09,0,1,5000.0,24,personal,408.19,146,0
32,3,15800.0,485,0.16,1,0,10000.0,24,personal,482.27,55,0
34,13,44900.0,542,0.23,2,0,9500.0,36,home_improvement,935.92,44,0
24,2,31600.0,436,0.46,1,0,19500.0,24,personal,243.76,34,0
37,8,26400.0,467,0.44,0,0,5000.0,24,business,1320.32,21,0
55,15,22400.0,448,0.34,3,0,14000.0,24,home_improvement,273.13,96,0
39,7,38400.0,560,0.25,2,0,10000.0,36,personal,628.33,64,0
40,16,41600.0,637,0.39,3,0,13500.0,48,personal,942.83,19,0
57,6,52400.0,627,0.09,0,0,14500.0,60,personal,1730.63,38,0
22,1,29000.0,384,0.26,0,1,10500.0,12,home_improvement,1566.51,43,0
49,12,24400.0,631,0.16,1,0,6000.0,24,home_improvement,374.79,87,0
34,11,46200.0,510,0.38,2,1,17000.0,24,business,2671.43,62,0
27,4,23700.0,477,0.33,1,0,11500.0,24,personal,279.86,49,0
43,3,21800.0,453,0.37,2,0,17500.0,48,personal,1097.64,60,0
42,3,32900.0,510,0.22,0,0,5000.0,48,home_improvement,229.73,17,0
41,3,35500.0,508,0.42,2,0,24000.0,12,home_improvement,244.8,63,0
42,20,54600.0,539,0.47,4,0,19500.0,60,personal,1369.92,120,0
33,4,23600.0,523,0.16,1,0,9000.0,24,personal,492.62,46,0
33,5,42700.0,534,0.28,0,0,14000.0,24,home_improvement,572.97,81,0
54,20,49700.0,619,0.12,1,0,9000.0,36,personal,823.42,124,0
38,14,34700.0,538,0.38,1,1,18000.0,24,personal,1577.03,110,0
47,17,26300.0,467,0.27,0,0,10500.0,60,personal,516.87,154,0
37,8,22700.0,593,0.16,0,1,5000.0,24,personal,170.23,99,0
40,6,24100.0,408,0.32,0,1,10000.0,24,education,261.21,76,0
49,9,28800.0,566,0.4,0,0,23000.0,36,personal,726.28,33,0
41,10,39600.0,456,0.05,0,0,5000.0,36,home_improvement,1352.93,85,0
45,11,29300.0,541,0.25,2,0,16500.0,24,debt_consolidation,527.29,72,0
56,24,23200.0,582,0.33,2,1,16500.0,48,personal,253.71,104,0
23,2,50400.0,513,0.2,2,0,15000.0,12,debt_consolidation,276.89,33,0
35,6,15000.0,543,0.06,0,0,12000.0,24,debt_consolidation,624.08,50,0
42,16,15000.0,451,0.17,1,0,9000.0,12,education,206.75,14,0
25,3,32000.0,564,0.31,1,0,8000.0,36,education,577.87,55,0
41,1,25400.0,496,0.15,0,0,11000.0,48,personal,328.0,86,0
38,10,64400.0,553,0.25,1,0,39500.0,12,personal,813.18,48,0
34,5,19100.0,425,0.35,4,0,5000.0,36,business,235.09,32,1
30,3,22400.0,368,0.12,0,0,5000.0,12,business,249.69,46,0
30,8,21000.0,434,0.36,1,0,8500.0,24,debt_consolidation,480.3,92,0
29,5,18500.0,468,0.05,0,0,7500.0,36,personal,421.99,9,0
26,2,15000.0,473,0.5,0,0,7000.0,60,business,107.4,16,0
33,5,19000.0,467,0.51,3,0,17500.0,12,personal,204.02,54,0
40,6,48400.0,474,0.14,1,0,18000.0,60,business,1704.28,172,0
31,3,18400.0,471,0.4,2,0,5000.0,48,home_improvement,616.77,26,0
26,3,28200.0,566,0.18,0,0,12500.0,24,personal,415.01,22,0
33,3,26000.0,408,0.26,2,0,12500.0,12,debt_consolidation,537.35,16,0
46,9,29900.0,633,0.1,0,0,13000.0,36,debt_consolidation,1350.92,114,0
42,6,51600.0,609,0.45,4,0,20500.0,24,debt_consolidation,1105.32,113,0
65,17,37900.0,450,0.27,1,0,17500.0,60,home_improvement,1357.32,141,0
33,1,16500.0,426,0.18,0,1,17500.0,60,business,261.36,12,0
36,3,22300.0,546,0.08,0,1,5000.0,24,personal,575.62,65,0
49,1,26700.0,609,0.28,1,1,21000.0,24,education,597.42,96,0
37,16,15700.0,430,0.17,2,0,13000.0,36,home_improvement,780.41,123,0
37,9,29700.0,553,0.49,1,0,13000.0,24,home_improvement,1013.75,50,0
35,2,16100.0,388,0.14,0,2,13500.0,48,personal,392.61,93,0
58,31,58000.0,573,0.24,2,1,25500.0,24,personal,2657.13,107,0
51,18,15800.0,631,0.36,3,0,21000.0,12,personal,359.32,108,0
47,8,24200.0,604,0.43,2,0,11000.0,36,education,691.12,104,0
37,13,36300.0,514,0.13,0,0,7000.0,24,debt_consolidation,810.61,61,0
35,9,32500.0,598,0.35,2,0,5000.0,60,home_improvement,1254.88,16,0
60,7,32700.0,589,0.3,3,1,23500.0,12,debt_consolidation,840.97,78,0
40,5,41100.0,671,0.15,0,0,13500.0,12,home_improvement,539.11,54,0
47,3,34600.0,434,0.08,0,0,5000.0,36,business,427.72,114,0
38,7,21000.0,597,0.27,2,1,9000.0,12,personal,974.42,46,0
52,14,35000.0,548,0.09,0,0,21500.0,24,business,2054.36,149,0
43,18,30000.0,542,0.35,0,0,9500.0,12,personal,850.0,144,0
37,5,24500.0,471,0.18,0,0,5000.0,12,business,306.31,87,0
30,3,30600.0,563,0.19,2,1,16500.0,36,debt_consolidation,675.03,27,0
51,11,29200.0,527,0.32,0,0,6000.0,60,debt_consolidation,159.29,124,0
53,13,51900.0,501,0.48,1,0,17000.0,12,home_improvement,798.44,49,0
66,8,15400.0,448,0.46,2,0,22500.0,12,debt_consolidation,261.65,254,0
26,1,15000.0,454,0.3,1,1,6500.0,36,business,487.05,52,1
26,4,22600.0,531,0.24,2,0,11500.0,60,education,610.43,32,0
34,12,37500.0,524,0.27,1,1,5000.0,12,personal,2274.15,36,0
52,12,50200.0,478,0.18,0,0,7500.0,60,business,1021.6,74,0
45,11,28600.0,445,0.4,4,0,17500.0,12,debt_consolidation,100.0,61,0
34,4,26100.0,475,0.13,1,0,5000.0,60,debt_consolidation,284.69,122,0
32,5,24300.0,485,0.27,0,0,29000.0,48,home_improvement,165.56,18,0
30,7,40200.0,403,0.24,2,0,5000.0,60,personal,1577.63,76,0
29,8,50000.0,528,0.17,2,0,20000.0,12,debt_consolidation,264.04,47,0
26,5,19100.0,555,0.33,1,0,8000.0,60,education,501.55,16,0
53,7,41400.0,525,0.29,2,0,15500.0,12,debt_consolidation,811.41,102,0
38,9,21300.0,459,0.16,0,0,6500.0,36,business,951.82,143,0
32,3,33300.0,498,0.51,6,0,7500.0,24,personal,1150.07,25,0
37,7,22600.0,400,0.18,2,0,12500.0,12,home_improvement,760.98,79,0
37,10,23000.0,529,0.16,1,0,17500.0,48,personal,555.29,64,0
31,6,37500.0,521,0.15,0,0,16500.0,48,business,1444.89,73,0
27,3,24800.0,544,0.22,0,0,5000.0,36,business,466.57,39,0
42,3,47200.0,504,0.25,0,2,23000.0,24,personal,774.22,51,0
63,19,52200.0,568,0.25,1,0,18500.0,24,debt_consolidation,451.31,124,0
50,18,79200.0,701,0.39,1,1,5000.0,24,personal,1932.29,148,0
39,18,38600.0,505,0.32,0,1,32500.0,60,home_improvement,620.52,31,0
28,3,19500.0,414,0.26,2,1,8500.0,12,education,735.01,51,0
49,21,55200.0,462,0.49,3,1,23500.0,60,debt_consolidation,2304.23,97,0
55,1,22600.0,471,0.25,0,0,15000.0,48,debt_consolidation,151.83,114,0
49,23,40200.0,482,0.3,3,0,18000.0,36,home_improvement,2005.68,24,0
59,34,42900.0,538,0.41,2,0,5000.0,24,home_improvement,405.33,131,0
31,4,23500.0,486,0.4,2,0,12000.0,60,education,970.13,18,0
47,6,28300.0,600,0.32,1,0,5000.0,24,debt_consolidation,1193.57,111,0
26,5,15000.0,466,0.26,0,0,5000.0,36,debt_consolidation,148.56,15,0
58,17,62000.0,502,0.24,1,0,18000.0,24,personal,1482.25,232,0
25,5,34100.0,500,0.19,2,1,21500.0,36,education,2039.36,8,0
36,7,33300.0,300,0.22,3,0,5000.0,36,home_improvement,1793.64,51,0
36,10,63500.0,609,0.21,2,0,5000.0,24,debt_consolidation,1254.51,81,0
31,4,19800.0,572,0.05,0,0,5000.0,24,education,226.96,91,0
26,4,28000.0,568,0.21,2,0,7000.0,24,business,169.61,2,0
42,3,15000.0,406,0.29,1,0,7000.0,24,education,300.07,133,0
34,2,21100.0,466,0.2,0,0,9000.0,36,debt_consolidation,552.75,59,0
45,9,36500.0,504,0.4,2,0,5000.0,36,business,1397.34,63,0
25,2,20800.0,467,0.33,1,0,5000.0,48,personal,452.39,33,0
29,2,30700.0,442,0.31,2,0,14500.0,12,education,790.13,21,0
53,5,15000.0,493,0.33,2,1,9000.0,48,debt_consolidation,572.34,145,1
40,10,28800.0,438,0.29,2,0,5000.0,48,home_improvement,283.0,26,0
35,11,15000.0,512,0.23,2,0,5000.0,24,personal,338.21,62,0
29,8,21800.0,400,0.31,2,0,11500.0,24,debt_consolidation,643.81,15,0
43,17,53600.0,557,0.43,3,0,19000.0,60,home_improvement,2805.64,85,0
48,22,51500.0,527,0.35,0,1,11000.0,12,education,1332.36,45,0
44,13,31100.0,615,0.16,0,0,12000.0,48,personal,778.43,112,0
39,2,36600.0,597,0.1,0,0,5000.0,24,home_improvement,520.73,39,0
36,11,16600.0,397,0.29,2,0,5000.0,24,debt_consolidation,361.71,74,0
29,3,19800.0,503,0.29,3,0,5000.0,12,personal,763.79,44,0
37,6,21300.0,520,0.38,0,0,6000.0,12,personal,100.0,52,0
38,7,38700.0,423,0.44,2,0,10500.0,60,debt_consolidation,539.56,80,1
29,8,35100.0,501,0.12,1,0,14500.0,48,home_improvement,860.27,11,0
35,13,33800.0,504,0.12,0,0,8000.0,12,home_improvement,1225.34,38,0
56,10,68300.0,632,0.31,1,0,26000.0,12,personal,2403.37,147,0
40,12,16600.0,404,0.23,0,1,5500.0,24,personal,461.89,38,0
38,11,53500.0,425,0.29,0,0,15000.0,24,personal,1711.66,53,0
33,5,50200.0,500,0.1,0,0,5000.0,12,home_improvement,1781.59,28,0
40,4,19500.0,433,0.34,0,0,18500.0,12,debt_consolidation,342.1,97,0
40,7,27300.0,458,0.28,1,0,24000.0,60,debt_consolidation,1180.52,52,0
47,10,28000.0,415,0.15,0,0,5000.0,24,debt_consolidation,521.58,121,0
30,7,21200.0,516,0.32,3,0,5000.0,24,business,565.0,26,0
27,4,28500.0,456,0.33,0,0,13500.0,60,personal,489.62,8,0
58,10,39200.0,577,0.2,1,0,13500.0,12,home_improvement,609.42,38,0
53,17,39700.0,658,0.11,0,0,8000.0,48,home_improvement,593.56,51,0
33,7,21000.0,421,0.25,0,0,5000.0,60,home_improvement,385.63,61,0
26,3,15000.0,414,0.29,1,0,8500.0,12,business,405.57,25,0
47,4,15000.0,555,0.29,3,0,8500.0,12,education,104.97,100,0
51,15,37000.0,609,0.24,2,0,15500.0,36,personal,1750.34,38,0
43,16,42100.0,642,0.39,3,0,21500.0,60,personal,1200.75,137,0
48,25,37400.0,413,0.47,2,0,25000.0,36,personal,1295.86,151,0
46,4,20100.0,471,0.3,2,0,11000.0,24,debt_consolidation,251.62,133,0
42,11,65900.0,608,0.25,2,0,24500.0,36,personal,1598.26,108,0
30,4,15700.0,487,0.23,1,0,10000.0,24,home_improvement,189.82,98,0
54,18,82100.0,533,0.12,0,2,6000.0,36,business,2043.63,195,0
43,14,33200.0,509,0.3,2,0,15000.0,36,personal,1621.42,109,0
32,5,32800.0,567,0.48,3,0,15000.0,12,business,1322.35,44,0
23,1,28600.0,519,0.27,3,0,11500.0,60,education,422.17,25,0
38,11,60700.0,347,0.3,2,1,27000.0,36,home_improvement,1766.38,82,0
31,6,15000.0,467,0.1,0,1,5000.0,12,debt_consolidation,439.64,10,0
62,9,45400.0,384,0.56,3,0,5000.0,24,debt_consolidation,1285.56,113,0
44,2,19200.0,604,0.36,1,0,13500.0,36,personal,1074.18,43,0
38,9,30400.0,459,0.32,2,0,5000.0,36,debt_consolidation,1336.39,141,0
56,3,26000.0,560,0.33,0,0,5000.0,60,personal,264.84,131,0
33,3,22500.0,445,0.33,1,0,16000.0,48,business,968.25,69,0
50,11,22500.0,498,0.25,1,0,16000.0,36,education,1107.35,143,0
53,10,51000.0,536,0.27,3,1,13500.0,24,education,385.65,142,0
35,8,28200.0,648,0.21,2,0,5000.0,24,personal,722.58,77,0
43,10,31700.0,509,0.49,1,0,10500.0,60,debt_consolidation,678.1,92,0
28,6,31300.0,543,0.54,4,0,27000.0,60,personal,100.0,36,0
51,7,27600.0,444,0.57,4,1,6000.0,12,debt_consolidation,825.36,24,0
29,8,73600.0,506,0.12,1,1,30500.0,12,home_improvement,1418.23,59,0
31,0,15300.0,477,0.37,1,0,8000.0,48,education,225.95,35,0
36,4,22300.0,507,0.47,3,0,14000.0,12,personal,812.08,54,0
26,4,24900.0,449,0.3,2,1,10500.0,48,debt_consolidation,741.83,53,0
41,14,37700.0,504,0.15,0,0,7500.0,48,home_improvement,939.33,27,0
46,5,33400.0,513,0.07,0,0,5000.0,12,business,485.75,11,0
34,11,20900.0,425,0.13,0,0,21000.0,36,business,728.18,19,0
28,8,20800.0,545,0.22,0,1,7500.0,12,business,815.19,55,0
33,6,40800.0,544,0.31,1,0,5000.0,36,debt_consolidation,1187.01,44,0
47,12,34000.0,506,0.13,1,0,28000.0,60,home_improvement,1153.64,61,0
30,7,30100.0,469,0.19,1,0,11000.0,36,debt_consolidation,470.63,39,0
58,19,25600.0,597,0.42,2,1,5000.0,48,home_improvement,1089.75,190,0
41,2,22200.0,507,0.25,1,0,11000.0,36,home_improvement,208.42,64,0
26,1,20200.0,512,0.22,0,0,5000.0,24,business,482.68,22,0
28,3,26300.0,434,0.22,0,1,13500.0,24,debt_consolidation,833.44,138,0
55,21,40500.0,659,0.28,1,0,8500.0,48,personal,233.6,114,0
25,4,24000.0,530,0.34,0,0,5000.0,36,personal,198.94,17,0
41,4,45400.0,522,0.48,1,0,6500.0,60,debt_consolidation,477.52,142,0
39,3,35500.0,425,0.17,1,0,13500.0,36,home_improvement,1153.55,34,0
34,5,18100.0,394,0.46,0,1,9500.0,12,debt_consolidation,613.41,35,1
38,7,24200.0,430,0.45,2,0,11500.0,60,business,985.39,53,1
62,32,99800.0,651,0.08,0,0,21500.0,24,personal,4895.48,117,0
40,8,21500.0,337,0.39,0,0,5000.0,12,education,127.71,123,0
34,3,52600.0,677,0.4,1,0,11500.0,12,business,1278.65,105,0
26,3,40700.0,548,0.19,1,1,23500.0,36,education,1057.87,144,0
28,6,18300.0,466,0.11,1,0,5000.0,24,debt_consolidation,100.0,47,0
42,3,33700.0,573,0.31,0,0,11000.0,24,debt_consolidation,390.58,150,0
51,10,24700.0,518,0.3,1,1,5000.0,24,personal,576.76,63,0
46,12,41300.0,590,0.28,2,0,24500.0,24,debt_consolidation,740.27,34,0
32,5,15000.0,405,0.61,3,0,20500.0,12,education,582.86,97,1
35,3,15700.0,348,0.45,1,0,5000.0,24,personal,670.41,69,0
43,9,15100.0,431,0.19,1,0,5000.0,12,education,392.94,101,0
29,2,15000.0,473,0.12,0,0,19000.0,12,debt_consolidation,128.66,66,0
38,6,26600.0,520,0.1,0,0,10500.0,60,home_improvement,174.83,111,0
35,8,15000.0,491,0.33,1,0,5000.0,12,personal,306.6,58,0
55,11,53400.0,527,0.31,2,0,11500.0,12,home_improvement,1415.4,28,0
32,5,25300.0,471,0.29,2,0,5000.0,12,personal,602.06,75,0
28,4,22200.0,408,0.3,0,1,5000.0,12,business,577.11,30,0
35,3,15000.0,481,0.29,1,1,5000.0,36,education,484.75,27,1
26,2,15000.0,532,0.22,0,2,5000.0,12,personal,379.4,21,0
24,4,24100.0,379,0.44,1,2,11500.0,12,education,548.1,83,1
45,14,63900.0,581,0.18,0,0,23000.0,36,personal,3061.05,76,0
42,5,25700.0,469,0.28,1,1,5000.0,36,debt_consolidation,445.35,64,1
44,17,24800.0,528,0.26,0,1,14000.0,36,home_improvement,531.39,50,0
49,15,67800.0,477,0.23,1,0,23000.0,24,personal,1520.08,129,0
35,3,28800.0,584,0.38,0,0,10500.0,60,debt_consolidation,100.0,9,0
27,2,15000.0,569,0.21,0,0,11000.0,36,personal,348.55,88,0
35,13,36900.0,473,0.2,0,1,20000.0,24,personal,216.77,44,0
34,5,33200.0,465,0.36,2,0,12000.0,12,debt_consolidation,1128.5,27,0
57,20,51500.0,525,0.36,3,1,10500.0,24,personal,1163.19,23,0
34,4,24300.0,503,0.39,3,0,5000.0,12,debt_consolidation,537.6,61,0
36,17,27500.0,371,0.43,1,1,19000.0,60,business,399.23,13,0
57,7,42200.0,500,0.45,1,0,5000.0,12,business,725.74,185,0
39,19,33500.0,465,0.18,0,1,15500.0,12,home_improvement,312.64,57,0
52,7,35300.0,564,0.42,2,0,5000.0,12,personal,170.88,22,0
35,4,52400.0,485,0.21,2,0,20000.0,12,home_improvement,1217.07,23,0
49,25,65500.0,698,0.26,3,1,20500.0,24,personal,2972.29,164,0
29,3,27200.0,437,0.31,1,0,8500.0,12,business,587.28,49,1
22,2,16000.0,374,0.35,0,0,5000.0,12,debt_consolidation,383.94,29,0
45,11,18400.0,472,0.17,1,0,5000.0,24,home_improvement,705.09,146,0
52,7,36300.0,471,0.18,1,0,15000.0,24,personal,700.58,43,0
57,8,54400.0,502,0.29,3,0,25000.0,60,home_improvement,1150.6,160,0
32,1,17400.0,554,0.31,0,0,15500.0,12,home_improvement,235.2,54,0
31,6,38100.0,416,0.27,0,0,13500.0,36,personal,336.53,15,0
29,8,23100.0,562,0.28,1,1,9500.0,24,home_improvement,860.25,37,0
47,13,27400.0,519,0.4,0,1,5000.0,12,business,1251.4,33,0
38,8,21200.0,484,0.26,1,0,10000.0,12,education,947.47,22,0
44,19,29000.0,596,0.22,2,0,6000.0,12,home_improvement,850.17,80,0
51,19,45300.0,603,0.54,4,0,16000.0,36,home_improvement,456.92,31,0
53,12,23800.0,506,0.3,2,1,5500.0,48,business,1015.95,147,0
29,9,15000.0,426,0.41,1,0,9000.0,12,education,382.34,44,0
28,6,22000.0,519,0.23,1,0,5000.0,48,personal,1085.81,7,0
47,9,40300.0,546,0.46,2,0,28500.0,24,business,1338.5,79,0
46,20,46000.0,546,0.42,3,0,9500.0,24,debt_consolidation,944.67,170,0
46,5,30000.0,600,0.26,1,0,15500.0,24,home_improvement,1157.17,75,0
25,3,20100.0,469,0.21,1,0,16500.0,12,personal,100.0,90,1
27,7,25500.0,465,0.31,2,1,8500.0,48,personal,1087.15,17,0
55,16,39300.0,559,0.19,2,0,16000.0,24,personal,999.14,80,0
29,1,35600.0,582,0.26,1,0,13000.0,48,business,286.43,38,0
47,6,56400.0,554,0.35,1,0,17000.0,12,debt_consolidation,540.03,73,0
50,5,15200.0,526,0.2,1,0,5000.0,24,debt_consolidation,463.74,136,0
55,26,102400.0,563,0.18,1,1,25000.0,36,home_improvement,5857.96,134,0
26,7,20800.0,316,0.21,0,0,10000.0,24,personal,464.54,33,0
38,3,58200.0,526,0.25,1,1,14500.0,48,personal,2392.57,30,0
32,11,26000.0,598,0.13,1,0,11500.0,24,home_improvement,185.77,55,0
42,8,31600.0,635,0.35,2,0,11500.0,36,education,887.56,76,0
48,14,25000.0,565,0.38,1,0,10000.0,12,education,572.71,37,0
36,11,32400.0,409,0.38,1,0,8000.0,48,business,1738.18,32,0
36,10,38100.0,560,0.3,2,0,24500.0,48,debt_consolidation,1310.92,6,0
29,7,29500.0,546,0.38,1,0,5000.0,24,debt_consolidation,1457.68,46,0
34,8,32700.0,499,0.59,5,0,10500.0,12,home_improvement,963.15,70,0
34,2,22700.0,521,0.22,0,0,5000.0,12,debt_consolidation,138.15,70,0
40,6,28700.0,550,0.35,2,0,6000.0,24,business,1099.88,42,0
28,4,18000.0,355,0.31,1,1,9000.0,12,home_improvement,658.47,36,0
47,2,33400.0,520,0.51,3,0,5000.0,36,debt_consolidation,499.13,53,0
48,10,31000.0,345,0.36,1,0,22500.0,36,home_improvement,613.75,18,0
39,4,70100.0,559,0.18,1,0,16500.0,12,debt_consolidation,3359.62,87,0
37,3,15200.0,560,0.26,1,1,9500.0,12,business,674.17,73,0
34,5,24700.0,467,0.28,0,0,7000.0,24,home_improvement,1336.99,80,0
44,15,59100.0,544,0.2,2,0,11000.0,48,home_improvement,1612.75,60,0
26,2,26100.0,539,0.45,1,0,5500.0,36,personal,167.72,86,0
48,6,35500.0,540,0.2,2,0,8500.0,60,home_improvement,1861.91,115,0
46,6,27000.0,540,0.22,0,0,5000.0,12,home_improvement,848.86,80,0
28,4,54200.0,526,0.42,0,1,26000.0,48,business,288.88,37,0
39,16,30100.0,573,0.43,0,0,14000.0,12,business,988.55,85,0
28,1,28100.0,449,0.51,0,0,15500.0,60,home_improvement,1239.14,31,0
48,3,27000.0,492,0.44,1,0,6500.0,48,personal,1156.21,64,0
45,22,44800.0,489,0.08,0,0,25500.0,60,business,1413.45,23,0
55,8,38100.0,574,0.28,3,0,5000.0,24,education,274.23,231,0
44,4,57300.0,645,0.41,3,0,16000.0,36,home_improvement,2563.34,79,0
37,9,33900.0,441,0.26,0,0,13500.0,24,personal,622.37,20,0
58,10,55500.0,630,0.23,1,0,10500.0,36,education,479.63,92,0
30,8,23000.0,530,0.3,0,0,8500.0,36,debt_consolidation,485.33,41,0
43,5,34500.0,499,0.27,1,0,15000.0,24,personal,1232.21,120,0
44,9,19300.0,453,0.25,0,0,5000.0,36,personal,1034.72,33,0
29,4,15000.0,508,0.29,2,0,5000.0,12,personal,505.33,33,0
